# Noesis .obj export.
#
mtllib model.mtl
g
v  0.041117 0.156390 0.340218
v  0.008492 0.101208 0.360061
v  0.062478 0.099664 0.358115
v  0.053157 0.041009 0.371732
v  0.001889 0.062619 0.369009
v  -0.020638 0.033677 0.371732
v  0.019367 -0.016102 0.374067
v  -0.043942 -0.032695 0.374067
v  -0.052486 0.018628 0.370565
v  -0.094821 0.022873 0.362006
v  -0.060254 0.045254 0.377568
v  -0.037727 0.056445 0.378736
v  -0.021803 0.076511 0.375623
v  -0.017919 0.105452 0.369787
v  -0.028017 0.129377 0.362006
v  -0.004325 0.134780 0.348389
v  -0.050156 0.142112 0.353446
v  -0.033843 0.156004 0.339829
v  -0.000442 0.201924 0.318042
v  0.060925 0.206555 0.312595
v  0.004219 0.227393 0.304035
v  0.046166 0.243214 0.287695
v  -0.035397 0.244372 0.288473
v  0.048108 0.279487 0.252679
v  -0.013647 0.296081 0.240618
v  0.069081 0.316533 0.202101
v  0.017425 0.333512 0.179924
v  -0.076567 0.329653 0.170197
v  -0.040834 0.352420 0.135182
v  -0.001218 0.357437 0.130902
v  -0.002772 0.372100 0.083047
v  -0.060642 0.363997 0.090828
v  -0.043553 0.374802 0.030912
v  0.025969 0.375959 0.034803
v  -0.047437 0.376731 -0.008383
v  0.006938 0.376345 -0.051569
v  -0.068022 0.368627 -0.068299
v  -0.089772 0.367856 -0.021611
v  -0.127058 0.348947 -0.081916
v  -0.145701 0.349719 -0.031727
v  -0.170169 0.326180 -0.091254
v  -0.113852 -0.017260 0.360450
v  0.080344 0.161406 0.333993
v  -0.108803 0.362067 0.023520
v  -0.123174 0.353964 0.060481
v  -0.158906 0.344702 0.014183
v  -0.183375 0.328881 -0.038341
v  -0.217165 0.297238 -0.092421
v  -0.217165 0.308815 -0.040675
v  -0.189977 0.328881 0.008347
v  -0.186482 0.326952 0.042584
v  -0.165897 0.336599 0.052311
v  -0.136767 0.339300 0.098610
v  -0.099482 0.342001 0.126233
v  -0.160071 0.349333 0.144130
v  -0.137544 0.352806 0.160860
v  -0.179102 0.319620 0.093163
v  -0.208232 0.313446 0.056202
v  -0.228817 0.302255 0.016128
v  -0.252897 0.299554 -0.040286
v  -0.255227 0.290292 -0.080749
v  -0.248236 0.255177 -0.135607
v  -0.200076 0.282189 -0.160507
v  -0.237750 0.245529 -0.170623
v  -0.184540 0.266367 -0.203304
v  -0.227263 0.228550 -0.206028
v  -0.284357 0.188032 -0.171401
v  -0.279696 0.172597 -0.194356
v  -0.311156 0.123975 -0.181516
v  -0.322031 0.137481 -0.151948
v  -0.340674 0.075353 -0.152726
v  -0.323973 0.079984 -0.182684
v  -0.318924 0.041781 -0.204082
v  -0.339509 0.006280 -0.174124
v  -0.295232 -0.018803 -0.238709
v  -0.315817 -0.043886 -0.212253
v  -0.266491 -0.068968 -0.267111
v  -0.297174 -0.101769 -0.218478
v  -0.256004 -0.129939 -0.253493
v  -0.285522 -0.164668 -0.195912
v  -0.254839 -0.161581 -0.233651
v  -0.239692 -0.218693 -0.202137
v  -0.227263 -0.185506 -0.245712
v  -0.227263 -0.119134 -0.281895
v  -0.289406 -0.205187 -0.142999
v  -0.254062 -0.246476 -0.141832
v  -0.278919 -0.248792 -0.068299
v  -0.234254 -0.276962 -0.108373
v  -0.256004 -0.274260 -0.060907
v  -0.289794 -0.245705 -0.004881
v  -0.259111 -0.278505 -0.004492
v  -0.279696 -0.249949 0.055812
v  -0.237361 -0.290468 0.054256
v  -0.228040 -0.278891 0.115728
v  -0.266879 -0.239531 0.122731
v  -0.220660 -0.272717 0.149188
v  -0.261830 -0.229883 0.155413
v  -0.251343 -0.225639 0.177200
v  -0.217165 -0.248020 0.193541
v  -0.236584 -0.209431 0.213383
v  -0.266879 -0.193224 0.191596
v  -0.269209 -0.165826 0.212994
v  -0.252509 -0.165826 0.232837
v  -0.257558 -0.120291 0.252679
v  -0.285522 -0.126466 0.222721
v  -0.293678 -0.173158 0.171754
v  -0.301058 -0.195539 0.124677
v  -0.316593 -0.200942 0.063594
v  -0.322808 -0.157722 0.120397
v  -0.317370 -0.129167 0.164750
v  -0.294067 -0.081703 0.232058
v  -0.246294 -0.072056 0.285360
v  -0.273093 -0.024591 0.265129
v  -0.245129 -0.028450 0.289640
v  -0.191531 -0.053533 0.325823
v  -0.203571 -0.017260 0.320376
v  -0.176384 -0.010700 0.336328
v  -0.204348 0.009752 0.319598
v  -0.172500 0.015155 0.337495
v  -0.152303 -0.041185 0.347610
v  -0.238915 0.007823 0.294309
v  -0.268433 0.014769 0.270576
v  -0.292125 -0.018803 0.244509
v  -0.306884 -0.057006 0.219219
v  -0.327468 -0.079773 0.174088
v  -0.346888 -0.105628 0.109114
v  -0.344946 -0.144988 0.076433
v  -0.354656 -0.144216 0.003289
v  -0.328634 -0.192452 -0.022778
v  -0.308826 -0.211361 -0.079971
v  -0.330187 -0.179718 -0.143777
v  -0.327080 -0.154249 -0.178793
v  -0.334071 -0.113731 -0.196690
v  -0.348830 -0.064338 -0.193577
v  -0.365919 -0.029994 -0.167510
v  -0.360093 0.016698 -0.123935
v  -0.381455 -0.017260 -0.129771
v  -0.362812 -0.049674 -0.152726
v  -0.349995 -0.075143 -0.169845
v  -0.338732 -0.109872 -0.172957
v  -0.334071 -0.140743 -0.160507
v  -0.329410 -0.133026 -0.146501
v  -0.332129 -0.109872 -0.149224
v  -0.341839 -0.079387 -0.146501
v  -0.323973 -0.111802 -0.118877
v  -0.330187 -0.141515 -0.124324
v  -0.335625 -0.159652 -0.133662
v  -0.344558 -0.165440 -0.098257
v  -0.343004 -0.188208 -0.093588
v  -0.358151 -0.172386 -0.057016
v  -0.376018 -0.140358 -0.032894
v  -0.369026 -0.130324 -0.051958
v  -0.356986 -0.155407 -0.069466
v  -0.347665 -0.145760 -0.072190
v  -0.337955 -0.146532 -0.093588
v  -0.332518 -0.117204 -0.085807
v  -0.353491 -0.124150 -0.064019
v  -0.362812 -0.093665 -0.061296
v  -0.379901 -0.095595 -0.048846
v  -0.390388 -0.094823 -0.027447
v  -0.371745 -0.087491 0.006401
v  -0.369803 -0.076300 0.044141
v  -0.369026 -0.064724 0.069041
v  -0.350772 -0.070898 0.129735
v  -0.363201 -0.038869 0.099777
v  -0.365919 -0.036940 0.151911
v  -0.374852 -0.017646 0.129346
v  -0.379513 0.015541 0.116896
v  -0.372134 0.008981 0.079934
v  -0.377183 0.001263 0.047253
v  -0.378736 -0.013787 0.019240
v  -0.379901 -0.035396 -0.018110
v  -0.396214 -0.053533 -0.044566
v  -0.385339 -0.065495 -0.061296
v  -0.370968 -0.071670 -0.065575
v  -0.342616 -0.084404 -0.082694
v  -0.334459 -0.078616 -0.116154
v  -0.364754 -0.062022 -0.086196
v  -0.383009 -0.045815 -0.087752
v  -0.356986 -0.056620 -0.116932
v  -0.352714 -0.059321 -0.139887
v  -0.373687 -0.040027 -0.123157
v  -0.395437 -0.026907 -0.080360
v  -0.376794 0.008595 -0.059350
v  -0.376018 0.055287 -0.006049
v  -0.369026 0.068021 -0.063630
v  -0.362424 0.102751 -0.038341
v  -0.356986 0.123589 0.027022
v  -0.368250 0.079984 0.048420
v  -0.364754 0.060690 0.087716
v  -0.374852 0.049885 0.120786
v  -0.364366 0.043325 0.132847
v  -0.367861 0.015927 0.129346
v  -0.365531 -0.008384 0.137516
v  -0.356986 -0.023434 0.155413
v  -0.348830 -0.044272 0.183815
v  -0.334459 -0.033081 0.212994
v  -0.323973 -0.006455 0.232837
v  -0.289018 0.020943 0.249177
v  -0.264160 0.063005 0.269020
v  -0.231924 0.051042 0.296254
v  -0.210174 0.040623 0.313373
v  -0.191531 0.077669 0.316874
v  -0.221049 0.093490 0.294309
v  -0.252897 0.108925 0.266685
v  -0.289794 0.072266 0.237894
v  -0.319701 0.028661 0.236338
v  -0.325915 -0.000281 0.215329
v  -0.333683 -0.020347 0.202101
v  -0.344558 -0.028450 0.180313
v  -0.354656 0.071880 -0.116932
v  -0.346111 0.115871 -0.101369
v  -0.322419 -0.016102 0.189651
v  -0.328634 -0.017646 0.172532
v  -0.339509 -0.013401 0.151133
v  -0.348442 -0.006455 0.137516
v  -0.346500 0.011682 0.134792
v  -0.343393 0.035221 0.137905
v  -0.357375 0.063391 0.146853
v  -0.365531 0.075739 0.141407
v  -0.346111 0.099664 0.116896
v  -0.340674 0.138639 0.096664
v  -0.343004 0.151373 0.065150
v  -0.346111 0.155618 0.017684
v  -0.349607 0.145199 -0.036785
v  -0.337178 0.150987 -0.088919
v  -0.315817 0.167966 -0.125491
v  -0.286687 0.204625 -0.145723
v  -0.302223 0.224306 -0.120044
v  -0.325915 0.196136 -0.105260
v  -0.343393 0.180315 -0.077636
v  -0.332518 0.007437 0.150744
v  -0.339120 0.218517 -0.095533
v  -0.317370 0.242442 -0.106427
v  -0.275424 0.260579 -0.111485
v  -0.297951 0.269840 -0.098257
v  -0.285522 0.291450 -0.075691
v  -0.313875 0.241671 -0.091254
v  -0.299116 0.262508 -0.085807
v  -0.289406 0.278330 -0.066743
v  -0.280861 0.241671 -0.071800
v  -0.289794 0.227393 -0.071411
v  -0.304165 0.210414 -0.065186
v  -0.332129 0.220833 -0.083472
v  -0.355821 0.200767 -0.072579
v  -0.352326 0.174912 -0.038341
v  -0.349607 0.184945 0.003289
v  -0.360482 0.206169 -0.004881
v  -0.362812 0.194978 -0.040286
v  -0.345335 0.207327 -0.065575
v  -0.315428 0.200381 -0.057016
v  -0.350384 0.203854 -0.039897
v  -0.348053 0.211957 -0.012274
v  -0.348053 0.225849 0.017684
v  -0.334071 0.208484 0.031301
v  -0.325138 0.186875 0.055813
v  -0.315428 0.184559 0.100166
v  -0.316593 0.146742 0.151911
v  -0.327857 0.112784 0.155024
v  -0.350384 0.087316 0.167863
v  -0.346111 0.071108 0.167863
v  -0.341839 0.051814 0.144908
v  -0.329799 0.032520 0.154246
v  -0.318535 0.028275 0.176811
v  -0.321643 0.002807 0.173310
v  -0.316982 0.000105 0.194708
v  -0.313875 0.024030 0.197821
v  -0.315817 0.042167 0.197432
v  -0.320866 0.049113 0.181480
v  -0.331741 0.052972 0.160082
v  -0.322808 0.027117 0.218830
v  -0.325915 0.051428 0.211827
v  -0.323973 0.060304 0.226223
v  -0.333683 0.080756 0.202101
v  -0.333683 0.066478 0.193152
v  -0.306107 0.103909 0.200544
v  -0.276589 0.122431 0.235171
v  -0.230370 0.157547 0.263962
v  -0.202017 0.149058 0.284582
v  -0.198910 0.197294 0.263573
v  -0.182598 0.177613 0.281081
v  -0.177937 0.141340 0.303257
v  -0.292901 0.137095 0.202101
v  -0.297951 0.184945 0.148799
v  -0.298727 0.210028 0.103667
v  -0.253285 0.174526 0.229335
v  -0.208232 0.230094 0.222332
v  -0.271928 0.182244 0.197432
v  -0.236196 0.238583 0.177590
v  -0.278143 0.219289 0.136738
v  -0.236584 0.262894 0.136349
v  -0.266102 0.247845 0.107947
v  -0.292125 0.232795 0.069819
v  -0.309602 0.241285 0.042195
v  -0.327857 0.250932 0.027022
v  -0.338732 0.227779 0.006012
v  -0.309991 0.215430 -0.003714
v  -0.312710 0.206941 -0.017721
v  -0.315040 0.200767 -0.039897
v  -0.299116 0.212729 -0.045344
v  -0.283968 0.230866 -0.051958
v  -0.275035 0.247845 -0.057016
v  -0.286299 0.285662 -0.039119
v  -0.273093 0.254019 -0.035228
v  -0.281638 0.237426 -0.028225
v  -0.296785 0.219289 -0.021611
v  -0.297951 0.227393 -0.003714
v  -0.283968 0.244372 -0.009939
v  -0.275424 0.256720 -0.018499
v  -0.292125 0.283346 -0.013830
v  -0.304942 0.269069 0.004845
v  -0.322808 0.247459 0.012237
v  -0.305330 0.279873 0.018073
v  -0.283192 0.273699 0.031691
v  -0.257558 0.273313 0.056202
v  -0.240857 0.281803 0.081880
v  -0.215611 0.290292 0.109892
v  -0.288241 0.298396 -0.005660
v  -0.221437 0.304570 0.165139
v  -0.219495 0.289906 0.190040
v  -0.204736 0.284504 0.217663
v  -0.168616 0.242442 0.244119
v  -0.159683 0.220833 0.270187
v  -0.132107 0.192663 0.296254
v  -0.109192 0.147128 0.327768
v  -0.132884 0.117029 0.332048
v  -0.137544 0.075353 0.342164
v  -0.124339 0.042167 0.352668
v  -0.088607 0.046798 0.370565
v  -0.109580 0.061075 0.363951
v  -0.118901 0.084229 0.356170
v  -0.117736 0.110083 0.348778
v  -0.100647 0.104681 0.351112
v  -0.102589 0.086544 0.355781
v  -0.096375 0.071108 0.360839
v  -0.082004 0.061847 0.365507
v  -0.085888 0.075353 0.350334
v  -0.087053 0.085000 0.346443
v  -0.085500 0.098121 0.342942
v  -0.074625 0.083071 0.346443
v  -0.076178 0.071880 0.351501
v  -0.062584 0.071108 0.354225
v  -0.063361 0.061075 0.369787
v  -0.052875 0.073424 0.356948
v  -0.047437 0.068407 0.370954
v  -0.059866 0.082299 0.349167
v  -0.058700 0.096577 0.345665
v  -0.073071 0.097349 0.342942
v  -0.082392 0.107768 0.342164
v  -0.091325 0.119344 0.349556
v  -0.102200 0.132079 0.346832
v  -0.075790 0.160248 0.330492
v  -0.072683 0.209642 0.304035
v  -0.113464 0.241285 0.272910
v  -0.131330 0.258264 0.249566
v  -0.070741 0.265981 0.265518
v  -0.080450 0.308815 0.207158
v  -0.099093 0.283346 0.234782
v  -0.078897 0.144041 0.349167
v  -0.075401 0.126676 0.350723
v  -0.071906 0.109697 0.342553
v  -0.058312 0.108925 0.345276
v  -0.056370 0.125519 0.354225
v  -0.042000 0.116643 0.359671
v  -0.049379 0.105838 0.348778
v  -0.047437 0.096191 0.350723
v  -0.048991 0.082685 0.353835
v  -0.037727 0.082299 0.368620
v  -0.035397 0.101208 0.364340
v  0.220942 -0.018803 0.337106
v  0.208126 -0.053919 0.340996
v  0.224826 -0.021118 0.310649
v  0.209291 -0.066267 0.314540
v  0.244634 -0.048902 0.292363
v  0.229099 -0.112574 0.287306
v  0.274541 -0.058935 0.261627
v  0.269492 -0.126852 0.242174
v  0.307554 -0.066267 0.218441
v  0.293184 -0.136885 0.203657
v  0.327362 -0.077458 0.176422
v  0.315710 -0.138042 0.162027
v  0.294349 -0.187822 0.152689
v  0.265996 -0.193224 0.199377
v  0.253956 -0.170457 0.236727
v  0.226768 -0.161195 0.269409
v  0.183268 -0.139586 0.307537
v  0.176277 -0.093665 0.327768
v  0.137050 -0.105242 0.344498
v  0.151420 -0.084018 0.365896
v  0.119960 -0.071670 0.379514
v  0.154139 -0.070126 0.362784
v  0.180161 -0.066267 0.352279
v  0.182880 -0.077072 0.352668
v  0.198804 -0.045815 0.343720
v  0.209291 -0.015716 0.341385
v  0.175889 -0.011857 0.321932
v  0.169675 -0.034239 0.323878
v  0.162295 -0.048902 0.328546
v  0.150643 -0.029222 0.327768
v  0.145983 -0.048516 0.333604
v  0.157246 -0.005297 0.325434
v  0.128893 -0.022276 0.337495
v  0.135496 0.001649 0.335550
v  0.118795 0.006279 0.347610
v  0.112969 -0.016102 0.349556
v  0.104813 -0.011857 0.386128
v  0.108309 -0.040413 0.383404
v  0.093161 -0.007998 0.393131
v  0.104425 0.025960 0.389629
v  0.113746 0.017856 0.383015
v  0.112969 -0.033467 0.351112
v  0.125398 -0.041956 0.342942
v  0.126951 -0.060865 0.374456
v  0.097822 -0.043500 0.391186
v  0.095880 -0.088263 0.362395
v  0.063255 -0.050832 0.374456
v  0.065197 -0.002982 0.378736
v  0.078791 0.040623 0.374456
v  0.053157 0.041009 0.371732
v  0.019367 -0.016102 0.374067
v  0.017425 -0.066267 0.372900
v  0.046942 -0.095981 0.363951
v  0.058206 -0.122993 0.354225
v  0.091996 -0.149233 0.339829
v  0.145983 -0.165826 0.311428
v  0.192201 -0.165054 0.294309
v  -0.043942 -0.032695 0.374067
v  0.157634 -0.185120 0.301701
v  0.211621 -0.204801 0.294698
v  0.236867 -0.201714 0.276801
v  0.252402 -0.209045 0.255791
v  0.257840 -0.227182 0.233615
v  0.248130 -0.235286 0.173699
v  0.265219 -0.234900 0.136738
v  0.227545 -0.273874 0.130513
v  0.219001 -0.266157 0.165139
v  0.183268 -0.289696 0.170197
v  0.179384 -0.308218 0.130124
v  0.143652 -0.296256 0.196654
v  0.128505 -0.334845 0.124677
v  0.062090 -0.322496 0.193152
v  0.058594 -0.346421 0.148021
v  0.003442 -0.327513 0.193930
v  0.003054 -0.347965 0.155413
v  -0.043165 -0.329442 0.182647
v  -0.095209 -0.314007 0.199377
v  -0.095598 -0.332529 0.155413
v  -0.045884 -0.309762 0.221165
v  0.003831 -0.302430 0.234393
v  0.062090 -0.297414 0.232837
v  -0.173665 -0.303974 0.151133
v  -0.155022 -0.296642 0.188094
v  -0.220660 -0.272717 0.149188
v  -0.217165 -0.248020 0.193541
v  -0.171334 -0.247248 0.231280
v  -0.207843 -0.212133 0.235560
v  -0.236584 -0.209431 0.213383
v  -0.226875 -0.173544 0.247232
v  -0.252509 -0.165826 0.232837
v  -0.229205 -0.137270 0.268630
v  -0.257558 -0.120291 0.252679
v  -0.202794 -0.110258 0.298977
v  -0.246294 -0.072056 0.285360
v  -0.191531 -0.053533 0.325823
v  -0.166285 -0.100997 0.321932
v  -0.131718 -0.070512 0.348389
v  -0.152303 -0.041185 0.347610
v  -0.102200 -0.049674 0.361228
v  -0.113852 -0.017260 0.360450
v  -0.053263 -0.067039 0.369787
v  -0.086276 -0.083246 0.358115
v  -0.104142 -0.094823 0.349945
v  -0.120843 -0.112960 0.336717
v  -0.089384 -0.138428 0.337106
v  -0.073071 -0.116818 0.351112
v  -0.042776 -0.141515 0.349556
v  -0.057147 -0.094051 0.363173
v  -0.028406 -0.113345 0.360450
v  -0.030736 -0.087877 0.368231
v  -0.011317 -0.082089 0.370954
v  0.012764 -0.105242 0.364729
v  0.025192 -0.094437 0.366675
v  0.035291 -0.128395 0.355392
v  0.063643 -0.157722 0.342164
v  0.093161 -0.178946 0.325823
v  0.118407 -0.192066 0.310260
v  0.134331 -0.210589 0.296643
v  0.187929 -0.217921 0.300534
v  0.191813 -0.221780 0.289640
v  0.210456 -0.212133 0.283804
v  0.229876 -0.209817 0.270187
v  0.242692 -0.215991 0.254235
v  0.245023 -0.229497 0.237505
v  0.216670 -0.211361 0.237894
v  0.207737 -0.209045 0.244898
v  0.194143 -0.210589 0.254235
v  0.202300 -0.217535 0.234782
v  0.215117 -0.219078 0.228557
v  0.184434 -0.215220 0.260071
v  0.187929 -0.219078 0.244509
v  0.197251 -0.231041 0.225055
v  0.177831 -0.237215 0.284193
v  0.169675 -0.238373 0.295087
v  0.111804 -0.251879 0.270576
v  0.087724 -0.215220 0.305202
v  0.072965 -0.188979 0.325045
v  0.047719 -0.197855 0.325434
v  0.051992 -0.232199 0.300923
v  0.056652 -0.268472 0.267074
v  0.010433 -0.278505 0.263962
v  0.020143 -0.241460 0.298977
v  -0.023357 -0.236443 0.298977
v  0.020920 -0.202871 0.326601
v  0.043058 -0.162739 0.344109
v  0.015871 -0.130710 0.356559
v  -0.005491 -0.125308 0.358504
v  -0.008598 -0.156565 0.348778
v  0.020532 -0.163897 0.346443
v  -0.017919 -0.199012 0.325823
v  -0.070352 -0.219078 0.299367
v  -0.091714 -0.241460 0.276023
v  -0.109968 -0.241074 0.298588
v  -0.094044 -0.220236 0.316485
v  -0.071129 -0.176245 0.324656
v  -0.054040 -0.276962 0.256570
v  0.117242 -0.281978 0.234782
v  0.164237 -0.280049 0.256959
v  0.159576 -0.262298 0.278357
v  0.170451 -0.256124 0.270576
v  0.177831 -0.223323 0.254235
v  0.182880 -0.232585 0.234782
v  0.173170 -0.235672 0.245287
v  0.172782 -0.245319 0.237894
v  0.173170 -0.270016 0.254624
v  0.180161 -0.290468 0.233226
v  0.206184 -0.285837 0.216496
v  0.229487 -0.271559 0.209104
v  0.248518 -0.251879 0.215718
v  0.238032 -0.248020 0.223888
v  0.210456 -0.231427 0.219608
v  0.205018 -0.241846 0.215718
v  0.224438 -0.264227 0.218830
v  0.205407 -0.273489 0.224277
v  0.194143 -0.244161 0.219608
v  0.180938 -0.245705 0.228946
v  0.185599 -0.275804 0.237894
v  0.209291 -0.015716 0.341385
v  0.177442 0.005122 0.323878
v  0.175889 -0.011857 0.321932
v  0.205407 0.012454 0.344109
v  0.220942 -0.018803 0.337106
v  0.215893 0.015541 0.341385
v  0.219777 0.020171 0.312984
v  0.224826 -0.021118 0.310649
v  0.157246 -0.005297 0.325434
v  0.163072 0.013997 0.328546
v  0.135496 0.001649 0.335550
v  0.186764 0.032906 0.352279
v  0.195697 0.043325 0.350723
v  0.158800 0.042939 0.365507
v  0.142875 0.020557 0.337495
v  0.127728 0.020943 0.346443
v  0.118795 0.006279 0.347610
v  0.113746 0.017856 0.383015
v  0.133166 0.038308 0.375623
v  0.130835 0.050271 0.379125
v  0.162684 0.056831 0.366286
v  0.104425 0.025960 0.389629
v  0.078791 0.040623 0.374456
v  0.114911 0.069951 0.358115
v  0.062478 0.099664 0.358115
v  0.101706 0.123589 0.344498
v  0.041117 0.156390 0.340218
v  0.080344 0.161406 0.333993
v  0.111027 0.166423 0.326990
v  0.101706 0.210800 0.305203
v  0.060925 0.206555 0.312595
v  0.046166 0.243214 0.287695
v  0.104425 0.244758 0.277968
v  0.048108 0.279487 0.252679
v  0.130835 0.265981 0.242174
v  0.069081 0.316533 0.202101
v  0.053157 0.041009 0.371732
v  0.147925 0.264052 0.260849
v  0.127340 0.245529 0.289251
v  0.124621 0.216974 0.312206
v  0.137826 0.184559 0.328935
v  0.150255 0.133236 0.328546
v  0.119960 0.100050 0.345665
v  0.156469 0.076897 0.342942
v  0.200358 0.057988 0.322321
v  0.238032 0.048341 0.291585
v  0.245023 0.000491 0.292752
v  0.244634 -0.048902 0.292363
v  0.269103 -0.007998 0.269409
v  0.274541 -0.058935 0.261627
v  0.293184 -0.015330 0.246065
v  0.307554 -0.066267 0.218441
v  0.358822 -0.029222 0.218052
v  0.327362 -0.077458 0.176422
v  0.370474 -0.039255 0.193541
v  0.369697 -0.028836 0.191985
v  0.360376 -0.021504 0.212216
v  0.344840 -0.010314 0.177979
v  0.340567 -0.008384 0.191985
v  0.338626 0.005894 0.178368
v  0.335518 0.004350 0.196265
v  0.333188 0.024030 0.198599
v  0.336295 0.027117 0.181091
v  0.335130 0.038694 0.198210
v  0.338626 0.044482 0.185371
v  0.359987 0.058760 0.203657
v  0.353384 0.044868 0.221165
v  0.350277 0.022487 0.227779
v  0.353384 -0.002982 0.224666
v  0.350666 -0.006841 0.234393
v  0.346782 0.023644 0.237505
v  0.287746 0.029433 0.251123
v  0.266773 0.034835 0.271743
v  0.232206 0.087702 0.286916
v  0.195309 0.084229 0.314151
v  0.151809 0.100050 0.333215
v  0.192201 0.115871 0.313373
v  0.225603 0.122431 0.285360
v  0.265996 0.107382 0.255791
v  0.290853 0.082685 0.234393
v  0.350277 0.050271 0.228946
v  0.358434 0.068407 0.207937
v  0.306389 0.107768 0.200155
v  0.289688 0.142498 0.205213
v  0.249684 0.143269 0.253457
v  0.253956 0.181086 0.224277
v  0.262889 0.214273 0.170197
v  0.238809 0.216588 0.206769
v  0.212786 0.249774 0.199766
v  0.238032 0.225077 0.228168
v  0.251237 0.193821 0.241785
v  0.247353 0.163721 0.266685
v  0.228322 0.146356 0.294309
v  0.199969 0.143269 0.316874
v  0.166179 0.156775 0.329324
v  0.170840 0.167966 0.312984
v  0.149867 0.186103 0.314151
v  0.141322 0.209642 0.303257
v  0.143264 0.233567 0.283804
v  0.155304 0.249002 0.263962
v  0.177442 0.267139 0.239062
v  0.168509 0.269454 0.216885
v  0.119184 0.302641 0.197821
v  0.159188 0.300325 0.169419
v  0.120349 0.345474 0.178757
v  0.086170 0.354735 0.181091
v  0.051992 0.369785 0.164361
v  0.017425 0.333512 0.179924
v  -0.001218 0.357437 0.130902
v  0.033737 0.382519 0.133236
v  0.034125 0.392938 0.098999
v  0.047331 0.389465 0.101722
v  0.054322 0.398341 0.063983
v  0.025969 0.375959 0.034803
v  -0.002772 0.372100 0.083047
v  0.221331 0.264438 0.158914
v  0.046942 0.380976 0.130124
v  0.061313 0.371714 0.154635
v  0.089277 0.358594 0.168641
v  0.092384 0.335827 0.132069
v  0.107532 0.332740 0.135960
v  0.117630 0.350877 0.166696
v  0.074130 0.343545 0.122732
v  0.063643 0.352034 0.113394
v  0.067527 0.353192 0.097831
v  0.064032 0.394482 0.073320
v  0.084228 0.396025 0.044141
v  0.069858 0.374416 0.007569
v  0.006938 0.376345 -0.051569
v  0.067527 0.370943 -0.044955
v  0.126951 0.358594 0.003289
v  0.142875 0.350491 -0.033672
v  0.186764 0.331582 0.000565
v  0.163460 0.340458 0.030134
v  0.212009 0.311902 0.047253
v  0.186375 0.323864 0.069819
v  0.233371 0.278330 0.109892
v  0.187541 0.306500 0.121953
v  0.213175 0.251704 0.225833
v  0.177442 0.250546 0.248788
v  0.157246 0.218131 0.252679
v  0.152585 0.206941 0.261627
v  0.151809 0.190733 0.274077
v  0.155304 0.179157 0.283026
v  0.081509 0.341229 0.104446
v  0.165402 0.182630 0.265518
v  0.166567 0.199609 0.251901
v  0.169286 0.215044 0.243730
v  0.205018 0.238583 0.237505
v  0.225992 0.220833 0.236338
v  0.234536 0.197679 0.247232
v  0.200358 0.201538 0.234393
v  0.187152 0.208484 0.236338
v  0.185599 0.192277 0.244119
v  0.184434 0.175298 0.257348
v  0.166956 0.170281 0.278746
v  0.198027 0.157547 0.302479
v  0.220166 0.157933 0.286527
v  0.202300 0.188032 0.241007
v  0.201523 0.171825 0.253457
v  0.198416 0.162564 0.265129
v  0.231429 0.172983 0.266685
v  0.184822 0.163335 0.271354
v  0.356492 0.236654 0.007180
v  0.368143 0.218903 -0.013441
v  0.351831 0.238198 -0.000213
v  0.361152 0.223148 -0.018888
v  0.363483 0.215044 -0.045733
v  0.329693 0.210800 -0.048068
v  0.330469 0.210800 -0.066743
v  0.358434 0.218517 -0.071022
v  0.370474 0.208870 -0.046511
v  0.340179 0.216202 0.028189
v  0.339402 0.259035 0.015739
v  0.336295 0.257878 0.005623
v  0.325032 0.227393 -0.008383
v  0.311438 0.240127 -0.008772
v  0.309496 0.230094 -0.029003
v  0.296291 0.258650 -0.015386
v  0.293184 0.249388 -0.036007
v  0.311826 0.223148 -0.053904
v  0.318041 0.221604 -0.075691
v  0.345228 0.231637 -0.088141
v  0.327362 0.217746 -0.024335
v  0.302505 0.239741 -0.082305
v  0.295514 0.242442 -0.060907
v  0.292795 0.255948 -0.083083
v  0.327751 0.252090 -0.095922
v  0.349112 0.228550 -0.096701
v  0.363871 0.213887 -0.076080
v  0.361929 0.173754 -0.045733
v  0.352219 0.179543 -0.086585
v  0.332411 0.195750 -0.119655
v  0.304447 0.232409 -0.130160
v  0.327751 0.253247 -0.106427
v  0.280755 0.266367 -0.118877
v  0.311438 0.276786 -0.099424
v  0.299398 0.295695 -0.078415
v  0.312992 0.272541 -0.090865
v  0.303670 0.287977 -0.072190
v  0.286581 0.262508 -0.066743
v  0.284251 0.269069 -0.043010
v  0.287358 0.272156 -0.024724
v  0.300563 0.295309 -0.044955
v  0.295514 0.304956 -0.044566
v  0.259005 0.296466 -0.088919
v  0.250460 0.255948 -0.137163
v  0.280755 0.211957 -0.151559
v  0.316099 0.164107 -0.140276
v  0.340956 0.145971 -0.095533
v  0.352996 0.139025 -0.043788
v  0.360376 0.184173 0.000176
v  0.324255 0.194978 0.049977
v  0.352219 0.150215 0.014961
v  0.346782 0.132465 0.083436
v  0.370474 0.065706 0.051533
v  0.373969 0.076125 0.003678
v  0.367367 0.080756 -0.054682
v  0.351054 0.086930 -0.113430
v  0.325809 0.092718 -0.171790
v  0.295126 0.147128 -0.192799
v  0.270657 0.195364 -0.187352
v  0.228322 0.248231 -0.179182
v  0.373193 0.027503 -0.062074
v  0.357657 0.034063 -0.120433
v  0.217059 0.227779 -0.218089
v  0.257840 0.182244 -0.214976
v  0.275317 0.142112 -0.222757
v  0.309884 0.093876 -0.201748
v  0.286192 0.091561 -0.234040
v  0.305612 0.025188 -0.225870
v  0.279978 0.037536 -0.255050
v  0.285804 -0.033467 -0.248436
v  0.259782 -0.019961 -0.278393
v  0.274152 -0.065881 -0.258162
v  0.248130 -0.069740 -0.281895
v  0.237255 -0.120291 -0.272947
v  0.283085 -0.110644 -0.229371
v  0.310661 -0.051989 -0.215754
v  0.330858 0.019786 -0.185407
v  0.347559 -0.032309 -0.159729
v  0.363483 -0.019189 -0.120823
v  0.376300 -0.028064 -0.073357
v  0.380960 -0.008384 -0.003714
v  0.377853 -0.000281 0.044141
v  0.371251 0.003964 0.084214
v  0.364648 0.056831 0.090050
v  0.347947 0.096963 0.113394
v  0.316487 0.151373 0.148021
v  0.323867 0.180315 0.080713
v  0.291242 0.209642 0.123510
v  0.298233 0.230480 0.063983
v  0.318429 0.245144 0.039472
v  0.318041 0.286048 0.006790
v  0.290853 0.278716 0.029745
v  0.263666 0.272156 0.052700
v  0.233371 0.278330 0.109892
v  0.262889 0.214273 0.170197
v  0.289688 0.142498 0.205213
v  0.306389 0.107768 0.200155
v  0.328139 0.113942 0.154635
v  0.358434 0.068407 0.207937
v  0.371639 0.073424 0.179535
v  0.370862 0.063005 0.180313
v  0.359987 0.058760 0.203657
v  0.338626 0.044482 0.185371
v  0.347559 0.047955 0.167474
v  0.345617 0.030590 0.162027
v  0.336295 0.027117 0.181091
v  0.347947 0.009367 0.159304
v  0.338626 0.005894 0.178368
v  0.353773 -0.006841 0.160471
v  0.344840 -0.010314 0.177979
v  0.369697 -0.028836 0.191985
v  0.381349 -0.024591 0.169030
v  0.370474 -0.039255 0.193541
v  0.221331 0.264438 0.158914
v  0.361541 -0.000666 0.149577
v  0.359599 0.013611 0.146853
v  0.388728 -0.009928 0.151911
v  0.384844 -0.033467 0.165529
v  0.327362 -0.077458 0.176422
v  0.352219 -0.068197 0.126622
v  0.315710 -0.138042 0.162027
v  0.392612 -0.014944 0.145686
v  0.390670 0.011682 0.144908
v  0.357268 0.033292 0.149577
v  0.356103 0.046412 0.155802
v  0.381737 0.055673 0.160860
v  0.384456 0.063391 0.155802
v  0.392224 0.042167 0.139850
v  0.396108 0.010524 0.136349
v  0.365036 -0.035782 0.094330
v  0.370862 -0.058164 0.057369
v  0.373193 -0.073599 0.018462
v  0.376688 -0.057006 -0.042232
v  0.398826 -0.074757 -0.065186
v  0.396496 -0.053919 -0.090086
v  0.386398 -0.047745 -0.125880
v  0.376300 -0.059707 -0.154671
v  0.332411 -0.069354 -0.181906
v  0.318818 -0.111802 -0.183851
v  0.310273 -0.151548 -0.169845
v  0.271822 -0.174316 -0.203693
v  0.311826 -0.177789 -0.137163
v  0.272987 -0.223323 -0.141832
v  0.323090 -0.185120 -0.091643
v  0.293184 -0.228726 -0.078026
v  0.347170 -0.169299 -0.138330
v  0.347559 -0.149619 -0.164009
v  0.351443 -0.118748 -0.175681
v  0.363094 -0.084018 -0.173346
v  0.359987 -0.088649 -0.157784
v  0.351443 -0.115661 -0.160118
v  0.348335 -0.138814 -0.150780
v  0.349501 -0.153478 -0.130160
v  0.326585 -0.125694 -0.138719
v  0.328527 -0.107171 -0.141054
v  0.336295 -0.083632 -0.139109
v  0.328139 -0.109872 -0.118877
v  0.327362 -0.132254 -0.121601
v  0.356103 -0.158108 -0.102926
v  0.356492 -0.175087 -0.101758
v  0.337849 -0.172386 -0.055849
v  0.312603 -0.217921 -0.004881
v  0.357268 -0.138428 -0.027058
v  0.370085 -0.164668 -0.073746
v  0.381737 -0.139586 -0.053904
v  0.365813 -0.150391 -0.080749
v  0.374746 -0.131096 -0.067132
v  0.341344 -0.135341 -0.080360
v  0.333188 -0.136499 -0.097479
v  0.334353 -0.114117 -0.093199
v  0.393389 -0.102541 -0.052347
v  0.383291 -0.104084 -0.064797
v  0.352996 -0.094823 -0.071800
v  0.359599 -0.077458 -0.075302
v  0.342509 -0.089035 -0.090865
v  0.336295 -0.084790 -0.116543
v  0.344840 -0.067811 -0.133662
v  0.370085 -0.069354 -0.144555
v  0.378242 -0.061637 -0.121990
v  0.345228 -0.118748 -0.073746
v  0.387563 -0.081317 -0.074524
v  0.348335 -0.065495 -0.115376
v  0.354161 -0.069740 -0.091254
v  0.385233 -0.065881 -0.094755
v  0.372804 -0.087877 -0.023946
v  0.348724 -0.147304 0.033636
v  0.344451 -0.127623 0.095886
v  0.313768 -0.186278 0.102111
v  0.294349 -0.187822 0.152689
v  0.281920 -0.232585 0.099388
v  0.265219 -0.234900 0.136738
v  0.321925 -0.190523 0.064372
v  0.293960 -0.232585 0.055423
v  0.319206 0.279102 -0.002158
v  0.306777 0.292994 -0.020055
v  0.303670 0.301869 -0.015775
v  0.257063 0.308429 -0.038341
v  0.269492 0.300325 0.002122
v  0.235701 0.299168 0.020019
v  0.212009 0.311902 0.047253
v  0.186764 0.331582 0.000565
v  0.219389 0.311130 -0.032116
v  0.219777 0.296081 -0.098646
v  0.192978 0.278716 -0.176848
v  0.177831 0.254019 -0.222757
v  0.152974 0.301097 -0.175291
v  0.142099 0.269454 -0.230149
v  0.157246 0.321935 -0.123935
v  0.155692 0.339686 -0.075302
v  0.142875 0.350491 -0.033672
v  0.387563 0.037536 0.148021
v  0.080733 -0.368031 -0.064797
v  0.114134 -0.384238 -0.062463
v  0.082286 -0.373047 -0.013830
v  0.114911 -0.387711 -0.022000
v  0.127340 -0.381537 -0.026669
v  0.127728 -0.377292 -0.057794
v  0.142875 -0.366873 -0.086585
v  0.136273 -0.342562 -0.046122
v  0.133166 -0.348736 -0.029782
v  0.142487 -0.377292 -0.000602
v  0.049273 -0.370346 -0.069077
v  0.099764 -0.349894 -0.111096
v  0.133166 -0.370346 -0.098257
v  0.144041 -0.342562 -0.016942
v  0.149867 -0.330986 -0.034061
v  0.146759 -0.335230 -0.066743
v  0.158800 -0.330214 -0.079193
v  0.166179 -0.353367 -0.102147
v  0.193367 -0.339475 -0.099813
v  0.162295 -0.353367 -0.116543
v  0.161130 -0.323268 -0.055460
v  0.173170 -0.321339 -0.073357
v  0.169675 -0.322882 -0.020833
v  0.162684 -0.334459 -0.004103
v  0.178996 -0.329442 0.001344
v  0.168898 -0.365330 0.017684
v  0.189094 -0.320953 -0.011107
v  0.180938 -0.315164 -0.042232
v  0.192201 -0.313621 -0.060907
v  0.220554 -0.328670 -0.081527
v  0.196862 -0.335616 -0.114208
v  0.189871 -0.303588 -0.132884
v  0.140157 -0.326741 -0.143388
v  0.068692 -0.332915 -0.171790
v  0.059759 -0.351438 -0.132105
v  0.004608 -0.374591 -0.072190
v  0.048496 -0.376520 -0.007994
v  0.102483 -0.365330 0.026633
v  0.131612 -0.383466 0.008736
v  0.165402 -0.368803 0.033247
v  0.199581 -0.350666 0.034803
v  0.196474 -0.351824 0.020408
v  0.220166 -0.339089 0.004845
v  0.199581 -0.313235 -0.031338
v  0.205018 -0.311305 -0.048457
v  0.235701 -0.323654 -0.055071
v  0.230652 -0.322110 -0.091643
v  0.246188 -0.316708 -0.057016
v  0.246576 -0.284679 -0.057405
v  0.228322 -0.288152 -0.098646
v  0.234925 -0.327127 -0.024335
v  0.230264 -0.334459 0.016517
v  0.194920 -0.321724 0.063983
v  0.147536 -0.347965 0.058536
v  0.058983 -0.370346 0.060481
v  0.001500 -0.381923 -0.001380
v  -0.031125 -0.372276 -0.069466
v  0.008880 -0.353367 -0.142610
v  -0.052486 -0.348736 -0.143388
v  -0.038504 -0.327127 -0.188909
v  0.013152 -0.334459 -0.179571
v  -0.041611 -0.377678 -0.005271
v  -0.068022 -0.368803 -0.065186
v  -0.089384 -0.349508 -0.116154
v  -0.001218 -0.375749 0.064372
v  0.039563 -0.362628 0.100944
v  0.058594 -0.346421 0.148021
v  0.128505 -0.334845 0.124677
v  0.179384 -0.308218 0.130124
v  0.240362 -0.280435 0.086159
v  0.234536 -0.297799 0.031301
v  0.260170 -0.272331 0.046864
v  0.281920 -0.232585 0.099388
v  0.293960 -0.232585 0.055423
v  0.227545 -0.273874 0.130513
v  0.265219 -0.234900 0.136738
v  0.247742 -0.320181 -0.020833
v  0.250849 -0.286609 -0.014219
v  0.276871 -0.260754 -0.009939
v  0.312603 -0.217921 -0.004881
v  0.293184 -0.228726 -0.078026
v  0.270657 -0.259211 -0.068299
v  0.245800 -0.263455 -0.118877
v  0.272987 -0.223323 -0.141832
v  0.216282 -0.243775 -0.199803
v  0.271822 -0.174316 -0.203693
v  0.199969 -0.279277 -0.165565
v  0.143264 -0.293941 -0.198635
v  0.074130 -0.315164 -0.203304
v  0.018978 -0.315550 -0.214587
v  -0.018308 -0.311305 -0.220034
v  -0.082004 -0.297799 -0.223924
v  -0.122397 -0.307447 -0.189298
v  -0.143370 -0.261140 -0.239098
v  -0.198134 -0.270787 -0.183462
v  -0.193861 -0.247634 -0.217699
v  -0.155022 -0.210975 -0.277615
v  -0.102589 -0.258825 -0.261275
v  -0.031901 -0.285451 -0.249603
v  0.020532 -0.291239 -0.244156
v  0.074130 -0.288538 -0.238320
v  0.110250 -0.278891 -0.234818
v  -0.136379 -0.324040 -0.148835
v  0.070634 -0.260754 -0.271390
v  0.021308 -0.266543 -0.272557
v  -0.032290 -0.252651 -0.282673
v  -0.071906 -0.207116 -0.314187
v  -0.117348 -0.210203 -0.296290
v  -0.160848 -0.166598 -0.302515
v  -0.196968 -0.199398 -0.260496
v  -0.191142 -0.146146 -0.296679
v  -0.227263 -0.185506 -0.245712
v  -0.227263 -0.119134 -0.281895
v  -0.188035 -0.079002 -0.322358
v  -0.156576 -0.111802 -0.328583
v  -0.118901 -0.145760 -0.332473
v  -0.078509 -0.158880 -0.338309
v  -0.047825 -0.173158 -0.360097
v  -0.043165 -0.210975 -0.340644
v  -0.014424 -0.243775 -0.318856
v  0.024804 -0.254966 -0.309519
v  0.065585 -0.250335 -0.308740
v  0.101317 -0.232970 -0.310686
v  0.120349 -0.243003 -0.268278
v  0.165014 -0.247634 -0.239487
v  0.227157 -0.189751 -0.242600
v  0.237255 -0.120291 -0.272947
v  0.283085 -0.110644 -0.229371
v  -0.239692 -0.218693 -0.202137
v  -0.047049 -0.108715 -0.361264
v  0.187152 -0.191295 -0.274114
v  0.146759 -0.188593 -0.297847
v  0.119960 -0.193996 -0.330139
v  0.089666 -0.229112 -0.348814
v  0.063255 -0.247634 -0.341811
v  0.027134 -0.251879 -0.342589
v  -0.002383 -0.242232 -0.352316
v  -0.023745 -0.217535 -0.366322
v  -0.026852 -0.186278 -0.383052
v  -0.026464 -0.135341 -0.377216
v  0.008103 -0.112574 -0.386942
v  -0.000442 -0.078230 -0.375270
v  0.053157 -0.104470 -0.383830
v  0.057817 -0.065110 -0.371380
v  0.090831 -0.116818 -0.372936
v  0.107920 -0.080159 -0.356595
v  0.118407 -0.150391 -0.353483
v  0.146759 -0.127623 -0.328972
v  0.191425 -0.127237 -0.304850
v  0.102871 -0.200942 -0.360875
v  0.100152 -0.169299 -0.379161
v  0.080344 -0.146146 -0.392389
v  0.050826 -0.135341 -0.400560
v  0.013541 -0.139200 -0.403283
v  -0.012870 -0.156951 -0.396669
v  0.019367 -0.151162 -0.396669
v  0.048108 -0.146918 -0.395113
v  0.071800 -0.155407 -0.388888
v  0.086558 -0.173930 -0.377605
v  0.089277 -0.198626 -0.363209
v  0.079567 -0.221394 -0.353483
v  0.058206 -0.234900 -0.348425
v  0.029465 -0.238759 -0.349592
v  0.005384 -0.231813 -0.356984
v  -0.010151 -0.212904 -0.367489
v  -0.012482 -0.187436 -0.381495
v  -0.001995 -0.165440 -0.392389
v  -0.000442 -0.154635 -0.363598
v  0.017813 -0.145374 -0.362820
v  -0.004325 -0.170843 -0.351537
v  -0.001995 -0.193996 -0.337531
v  0.005773 -0.211361 -0.329750
v  0.025581 -0.211747 -0.323525
v  0.052380 -0.207888 -0.321969
v  0.071411 -0.201714 -0.325859
v  0.074907 -0.182805 -0.333251
v  0.072188 -0.159266 -0.347258
v  0.065197 -0.144602 -0.359708
v  0.046942 -0.158108 -0.342589
v  0.049661 -0.183191 -0.327805
v  0.021308 -0.187436 -0.329361
v  0.018201 -0.162739 -0.344534
v  0.045000 -0.141515 -0.361264
v  -0.261830 0.295695 0.002122
v  -0.280473 0.300325 -0.039897
v  -0.209785 0.303798 0.169419
v  -0.208232 0.292993 0.188872
v  -0.196968 0.288363 0.209882
v  -0.179879 0.290292 0.223499
v  -0.166285 0.276014 0.199766
v  -0.174442 0.275629 0.188483
v  -0.183375 0.287591 0.233615
v  -0.158129 0.297624 0.237894
v  -0.132884 0.315761 0.230502
v  -0.121232 0.330810 0.211438
v  -0.140651 0.312288 0.219998
v  -0.159294 0.298396 0.226612
v  -0.153468 0.281031 0.197821
v  -0.160071 0.281031 0.183036
v  -0.182986 0.279487 0.172532
v  -0.187259 0.285276 0.161249
v  -0.139098 0.291450 0.192374
v  -0.130942 0.300711 0.186538
v  -0.130553 0.325408 0.205213
v  -0.122009 0.343545 0.187316
v  -0.144535 0.292222 0.177200
v  -0.169781 0.285276 0.165918
v  -0.143370 0.340843 0.164750
v  -0.131330 0.335055 0.185371
v  -0.134049 0.303798 0.173310
v  -0.153857 0.296466 0.160082
v  -0.163567 0.302255 0.148021
v  -0.177937 0.292222 0.153468
v  -0.199687 0.316918 0.155024
v  -0.210174 0.321549 0.147632
v  -0.184151 0.338528 0.138683
v  -0.160459 0.339300 0.151522
v  -0.152303 0.309973 0.148021
v  -0.142593 0.308043 0.157358
v  -0.180267 0.330425 0.147632
v  0.152197 0.344316 0.159304
v  0.142875 0.350105 0.151522
v  0.118018 0.331196 0.123510
v  0.100929 0.332740 0.114561
v  0.112192 0.335827 0.094330
v  0.092773 0.344316 0.084603
v  0.078402 0.356279 0.079156
v  0.088500 0.391781 0.057369
v  0.117242 0.383291 0.055423
v  0.090054 0.359366 0.068263
v  0.104425 0.352034 0.070597
v  0.122291 0.343931 0.079934
v  0.145206 0.373258 0.069819
v  0.121902 0.384835 0.041417
v  0.155304 0.372486 0.059314
v  0.159576 0.361295 0.093552
v  0.133942 0.340072 0.090439
v  0.128893 0.334283 0.104835
v  0.158800 0.352034 0.120786
v  0.171228 0.346632 0.123899
v  0.173559 0.357437 0.088105
v  0.251237 0.069179 -0.329750
v  0.235701 0.076511 -0.328583
v  0.255898 0.101594 -0.316911
v  0.240751 0.101208 -0.318856
v  0.219001 0.056059 -0.344145
v  0.192978 0.066092 -0.316522
v  0.181715 0.058760 -0.327415
v  0.196862 0.049499 -0.358541
v  0.230264 0.042167 -0.349981
v  0.201134 0.034835 -0.366711
v  0.223661 -0.002210 -0.310297
v  0.258228 0.047569 -0.276448
v  0.173170 0.057988 -0.369045
v  0.166956 0.067250 -0.330917
v  0.176666 0.079598 -0.316911
v  0.150643 0.084229 -0.335197
v  0.159576 0.097735 -0.321580
v  0.142875 0.099278 -0.337920
v  0.152585 0.079598 -0.374881
v  0.143264 0.072652 -0.388888
v  0.168898 0.044482 -0.383052
v  0.138992 0.002035 -0.356206
v  0.179384 -0.011857 -0.335975
v  0.210067 -0.066653 -0.313409
v  0.259782 -0.019961 -0.278393
v  0.248130 -0.069740 -0.281895
v  0.237255 -0.120291 -0.272947
v  0.191425 -0.127237 -0.304850
v  0.170063 -0.060093 -0.335586
v  0.146759 -0.127623 -0.328972
v  0.107920 -0.080159 -0.356595
v  0.124233 -0.039255 -0.356984
v  0.088112 0.032134 -0.369045
v  0.057817 -0.065110 -0.371380
v  0.059371 -0.021504 -0.375270
v  -0.015589 -0.045043 -0.377605
v  -0.000442 -0.078230 -0.375270
v  -0.072294 -0.082474 -0.366711
v  -0.047049 -0.108715 -0.361264
v  -0.078509 -0.158880 -0.338309
v  -0.118901 -0.145760 -0.332473
v  -0.156576 -0.111802 -0.328583
v  -0.091325 -0.058164 -0.364766
v  -0.031125 -0.018417 -0.378383
v  0.010045 0.008981 -0.381495
v  0.030242 0.056831 -0.374881
v  0.078014 0.098506 -0.360486
v  0.133166 0.106610 -0.383441
v  0.143652 0.105067 -0.372936
v  0.148313 0.130149 -0.362431
v  0.137826 0.140182 -0.371380
v  0.088889 0.152145 -0.338698
v  0.160353 0.164493 -0.353094
v  0.118018 0.184173 -0.311853
v  0.166179 0.194206 -0.283840
v  0.187929 0.172211 -0.333251
v  0.165402 0.150215 -0.347258
v  0.187541 0.157161 -0.333251
v  0.161518 0.128992 -0.316522
v  0.148313 0.113170 -0.328583
v  0.173559 0.114328 -0.308740
v  0.191036 0.096191 -0.304072
v  0.206184 0.081913 -0.304461
v  0.213563 0.096577 -0.298625
v  0.203465 0.110855 -0.297847
v  0.187541 0.127834 -0.302126
v  0.174724 0.137095 -0.309129
v  0.210844 0.148286 -0.322358
v  0.231429 0.126676 -0.316522
v  0.245800 0.134008 -0.313409
v  0.219001 0.162178 -0.321190
v  0.206184 0.181086 -0.265943
v  0.279978 0.037536 -0.255050
v  0.262889 0.091561 -0.262053
v  0.286192 0.091561 -0.234040
v  0.275317 0.142112 -0.222757
v  0.245411 0.146356 -0.253882
v  0.242692 0.177613 -0.236764
v  0.257840 0.182244 -0.214976
v  0.217059 0.227779 -0.218089
v  0.207737 0.208098 -0.244545
v  0.177831 0.254019 -0.222757
v  0.170063 0.224306 -0.257384
v  0.142099 0.269454 -0.230149
v  0.131224 0.229708 -0.275281
v  0.106755 0.280645 -0.233651
v  0.092384 0.243214 -0.278004
v  0.058206 0.203468 -0.317689
v  0.043058 0.156004 -0.344923
v  0.039175 0.098892 -0.364766
v  -0.003549 0.066092 -0.376049
v  -0.020250 0.022487 -0.378772
v  -0.046660 0.000491 -0.378383
v  0.152974 0.301097 -0.175291
v  -0.033455 0.039080 -0.376049
v  -0.026852 0.064548 -0.374103
v  -0.001607 0.100822 -0.367489
v  -0.043942 0.092332 -0.365544
v  -0.008209 0.156004 -0.348036
v  -0.064526 0.025188 -0.374103
v  -0.105308 -0.042342 -0.362431
v  -0.188035 -0.079002 -0.322358
v  -0.182209 -0.039641 -0.329750
v  -0.120455 -0.021118 -0.359708
v  -0.188812 0.003192 -0.342978
v  -0.143759 0.017084 -0.365544
v  -0.102200 0.054901 -0.375659
v  -0.249013 -0.044658 -0.283451
v  -0.237361 -0.023048 -0.295901
v  -0.227263 -0.119134 -0.281895
v  -0.266491 -0.068968 -0.267111
v  -0.295232 -0.018803 -0.238709
v  -0.287852 -0.002982 -0.250381
v  -0.318924 0.041781 -0.204082
v  -0.272705 0.019400 -0.263998
v  -0.229982 0.014769 -0.317689
v  -0.196192 0.034449 -0.357762
v  -0.162790 0.045640 -0.374492
v  -0.129776 0.078826 -0.381495
v  -0.086665 0.103909 -0.368656
v  -0.051321 0.155232 -0.344145
v  -0.016754 0.194206 -0.326637
v  0.022474 0.239355 -0.297847
v  0.051215 0.261351 -0.276448
v  0.062867 0.291450 -0.241432
v  0.089666 0.324250 -0.176848
v  0.111804 0.338142 -0.130938
v  0.157246 0.321935 -0.123935
v  0.155692 0.339686 -0.075302
v  0.076072 0.360524 -0.093977
v  0.142875 0.350491 -0.033672
v  0.067527 0.370943 -0.044955
v  0.006938 0.376345 -0.051569
v  0.032960 0.354735 -0.130160
v  0.048884 0.322321 -0.201359
v  0.020920 0.335055 -0.233262
v  0.031795 0.311516 -0.260496
v  0.025969 0.292222 -0.284618
v  0.004996 0.276400 -0.301737
v  -0.023745 0.229708 -0.305628
v  -0.067634 0.237426 -0.293956
v  -0.078120 0.199609 -0.312631
v  -0.092102 0.149829 -0.352705
v  -0.118125 0.115871 -0.376438
v  -0.137156 0.082299 -0.372936
v  -0.028406 0.265981 -0.307573
v  0.011987 0.340844 -0.172179
v  -0.003549 0.346632 -0.215754
v  -0.126669 0.113942 -0.369823
v  -0.122785 0.150601 -0.363987
v  -0.116571 0.185717 -0.327026
v  -0.144147 0.222762 -0.272168
v  -0.101035 0.250546 -0.271390
v  -0.084334 0.280259 -0.286175
v  -0.060254 0.267911 -0.302515
v  -0.071129 0.284890 -0.279172
v  -0.052875 0.274471 -0.292011
v  -0.028406 0.272927 -0.295123
v  -0.003160 0.280645 -0.290065
v  0.013541 0.293379 -0.276837
v  0.017036 0.309201 -0.258162
v  0.008103 0.325794 -0.238709
v  -0.010151 0.335827 -0.225870
v  -0.035397 0.347018 -0.209529
v  -0.037339 0.343159 -0.163230
v  -0.050156 0.357823 -0.114208
v  -0.068022 0.368627 -0.068299
v  -0.108803 0.340458 -0.126658
v  -0.127058 0.348947 -0.081916
v  -0.170169 0.326180 -0.091254
v  -0.156964 0.314989 -0.144555
v  -0.217165 0.297238 -0.092421
v  -0.200076 0.282189 -0.160507
v  -0.184540 0.266367 -0.203304
v  -0.114629 0.303027 -0.206806
v  -0.086276 0.328881 -0.174902
v  -0.069964 0.338914 -0.217699
v  -0.034620 0.336599 -0.221590
v  -0.015589 0.314989 -0.221590
v  -0.007044 0.305342 -0.229760
v  -0.000053 0.292222 -0.244545
v  0.001500 0.283346 -0.257384
v  -0.011317 0.275629 -0.262053
v  -0.030736 0.270226 -0.266721
v  -0.046272 0.270226 -0.268667
v  -0.054817 0.277172 -0.257773
v  -0.080062 0.300711 -0.258940
v  -0.095598 0.299939 -0.258940
v  -0.116183 0.276015 -0.239098
v  -0.169781 0.245915 -0.237931
v  -0.089772 0.320777 -0.236374
v  -0.076567 0.316918 -0.241043
v  -0.060254 0.330039 -0.227815
v  -0.050544 0.306885 -0.225481
v  -0.031125 0.312288 -0.220812
v  -0.023745 0.298782 -0.230928
v  -0.016366 0.284504 -0.246490
v  -0.037339 0.278716 -0.251548
v  -0.061808 0.290292 -0.242989
v  -0.063361 0.301869 -0.232873
v  -0.045107 0.292994 -0.235985
v  -0.163178 0.054515 -0.365544
v  -0.192308 0.044868 -0.351927
v  -0.228817 0.042167 -0.338309
v  -0.258723 0.047955 -0.290843
v  -0.287852 0.079212 -0.234818
v  -0.307272 0.061461 -0.217699
v  -0.311544 0.084229 -0.204471
v  -0.323973 0.079984 -0.182684
v  -0.311156 0.123975 -0.181516
v  -0.300669 0.107768 -0.208362
v  -0.276201 0.157933 -0.209140
v  -0.266102 0.146742 -0.228593
v  -0.279696 0.172597 -0.194356
v  -0.220660 0.218903 -0.222368
v  -0.227263 0.228550 -0.206028
v  -0.212893 0.199609 -0.244156
v  -0.162790 0.200381 -0.297069
v  -0.147254 0.181472 -0.341033
v  -0.131718 0.145199 -0.358152
v  -0.134049 0.099278 -0.323525
v  -0.140651 0.083071 -0.320023
v  -0.157352 0.064934 -0.315354
v  -0.173665 0.057602 -0.313020
v  -0.219884 0.052200 -0.334030
v  -0.241634 0.077669 -0.314576
v  -0.254451 0.070723 -0.313798
v  -0.268433 0.094648 -0.270612
v  -0.252897 0.144041 -0.265165
v  -0.184928 0.063777 -0.300181
v  -0.198910 0.080370 -0.287731
v  -0.206290 0.096191 -0.283451
v  -0.182209 0.095805 -0.285397
v  -0.166674 0.077669 -0.299403
v  -0.148031 0.097349 -0.304461
v  -0.137933 0.113556 -0.313020
v  -0.151915 0.130149 -0.300181
v  -0.163178 0.115486 -0.290454
v  -0.179491 0.128992 -0.285008
v  -0.196192 0.110855 -0.280339
v  -0.236196 0.140954 -0.299792
v  -0.246683 0.108925 -0.302904
v  -0.259111 0.108925 -0.300181
v  -0.248625 0.145971 -0.295512
v  -0.211727 0.184173 -0.276059
v  -0.180267 0.189962 -0.319634
v  -0.209785 0.168352 -0.306795
v  -0.166674 0.138253 -0.294345
v  -0.153080 0.170667 -0.338698
v  -0.180656 0.177999 -0.320801
v  -0.215611 0.179157 -0.304072
v  -0.198134 -0.136499 0.315707
v  -0.169781 -0.129553 0.333215
v  -0.182598 -0.151548 0.309093
v  -0.193084 -0.166984 0.295087
v  -0.172888 -0.160038 0.283804
v  -0.169392 -0.148075 0.294698
v  -0.163178 -0.146146 0.321154
v  -0.134826 -0.136885 0.346054
v  -0.106861 -0.158880 0.346832
v  -0.093267 -0.187050 0.336717
v  -0.111910 -0.207888 0.311038
v  -0.122785 -0.223323 0.297810
v  -0.137544 -0.249564 0.278357
v  -0.123174 -0.252265 0.251901
v  -0.108026 -0.285451 0.231280
v  -0.139875 -0.280820 0.216107
v  -0.172111 -0.241460 0.265129
v  -0.141428 -0.228340 0.284971
v  -0.121232 -0.207502 0.285749
v  -0.116183 -0.193224 0.293531
v  -0.111522 -0.185892 0.323878
v  -0.121232 -0.166212 0.330881
v  -0.139486 -0.151934 0.329713
v  -0.153857 -0.146918 0.300534
v  -0.153080 -0.160810 0.287306
v  -0.153857 -0.181647 0.275245
v  -0.173276 -0.179332 0.272521
v  -0.170946 -0.195154 0.267463
v  -0.193473 -0.188979 0.281859
v  -0.216000 -0.160424 0.294698
v  -0.216000 -0.191295 0.274466
v  -0.200076 -0.219850 0.264351
v  -0.165120 -0.222551 0.276023
v  -0.135214 -0.206344 0.276801
v  -0.131718 -0.187050 0.283415
v  -0.115406 -0.173930 0.304813
v  -0.119678 -0.160424 0.312984
v  -0.133272 -0.151934 0.308315
v  -0.183763 -0.208660 0.275245
v  -0.130942 -0.166212 0.295476
v  -0.155410 -0.200942 0.269409
v  -0.200464 -0.354911 0.030912
v  -0.169004 -0.366487 0.011459
v  -0.163567 -0.374977 0.028578
v  -0.133660 -0.387325 0.005234
v  -0.145312 -0.376906 -0.005271
v  -0.131718 -0.380765 -0.029393
v  -0.136767 -0.343720 -0.030560
v  -0.132107 -0.376906 -0.057016
v  -0.116571 -0.391570 -0.025113
v  -0.074236 -0.373433 -0.012274
v  -0.091714 -0.366101 0.034025
v  -0.134049 -0.349508 0.069041
v  -0.189589 -0.321724 0.072931
v  -0.182598 -0.309762 0.119619
v  -0.228040 -0.278891 0.115728
v  -0.220660 -0.272717 0.149188
v  -0.229593 -0.339861 0.013015
v  -0.237361 -0.290468 0.054256
v  -0.259111 -0.278505 -0.004492
v  -0.245129 -0.327513 -0.020055
v  -0.256004 -0.274260 -0.060907
v  -0.244741 -0.322882 -0.058572
v  -0.229593 -0.328670 -0.089308
v  -0.234254 -0.276962 -0.108373
v  -0.199299 -0.339475 -0.112652
v  -0.195803 -0.295484 -0.141054
v  -0.254062 -0.246476 -0.141832
v  -0.161625 -0.358770 -0.115765
v  -0.134437 -0.375363 -0.095922
v  -0.117348 -0.387325 -0.062852
v  -0.054817 -0.370732 0.062038
v  -0.115794 -0.342176 0.113783
v  -0.173665 -0.303974 0.151133
v  -0.041611 -0.358384 0.115339
v  -0.095598 -0.332529 0.155413
v  0.003054 -0.347965 0.155413
v  0.001500 -0.364944 0.107169
v  -0.146089 -0.337932 -0.019277
v  -0.024134 -0.343720 0.159693
v  -0.043165 -0.329442 0.182647
v  0.003442 -0.327513 0.193930
v  -0.145701 -0.367645 -0.083472
v  -0.166674 -0.355682 -0.097090
v  -0.191919 -0.342562 -0.095144
v  -0.216388 -0.333301 -0.078804
v  -0.229593 -0.329056 -0.054293
v  -0.228817 -0.332143 -0.026669
v  -0.216000 -0.342176 -0.000602
v  -0.194638 -0.354139 0.013405
v  -0.162790 -0.331372 -0.007994
v  -0.151138 -0.328285 -0.035228
v  -0.139486 -0.338318 -0.045344
v  -0.148808 -0.331757 -0.063241
v  -0.159294 -0.327513 -0.074135
v  -0.172111 -0.319795 -0.069466
v  -0.188812 -0.312849 -0.058183
v  -0.161236 -0.321339 -0.054293
v  -0.200076 -0.310920 -0.046900
v  -0.195415 -0.312463 -0.032116
v  -0.179102 -0.314007 -0.042232
v  -0.169004 -0.320953 -0.023167
v  -0.177549 -0.327127 -0.003714
v  -0.186093 -0.319023 -0.014219

vt  0.393742 -0.567688 0.000000
vt  0.407999 -0.603053 0.000000
vt  0.426464 -0.583342 0.000000
vt  0.446916 -0.610474 0.000000
vt  0.420971 -0.621489 0.000000
vt  0.423893 -0.641780 0.000000
vt  0.455681 -0.645839 0.000000
vt  0.437800 -0.676797 0.000000
vt  0.417232 -0.660332 0.000000
vt  0.398650 -0.675638 0.000000
vt  0.405545 -0.652680 0.000000
vt  0.409869 -0.639925 0.000000
vt  0.408116 -0.626011 0.000000
vt  0.398650 -0.613373 0.000000
vt  0.385912 -0.607923 0.000000
vt  0.389067 -0.594357 0.000000
vt  0.372940 -0.610822 0.000000
vt  0.370368 -0.597719 0.000000
vt  0.359032 -0.566877 0.000000
vt  0.374108 -0.539628 0.000000
vt  0.347463 -0.555398 0.000000
vt  0.348164 -0.530584 0.000000
vt  0.326661 -0.564558 0.000000
vt  0.323155 -0.513540 0.000000
vt  0.298379 -0.534759 0.000000
vt  0.295925 -0.487799 0.000000
vt  0.268228 -0.504032 0.000000
vt  0.245205 -0.544382 0.000000
vt  0.228844 -0.521656 0.000000
vt  0.231999 -0.502408 0.000000
vt  0.201614 -0.496727 0.000000
vt  0.200328 -0.526062 0.000000
vt  0.169242 -0.513772 0.000000
vt  0.176371 -0.479102 0.000000
vt  0.147972 -0.514003 0.000000
vt  0.129040 -0.484784 0.000000
vt  0.114783 -0.523279 0.000000
vt  0.137338 -0.535802 0.000000
vt  0.102745 -0.557137 0.000000
vt  0.128105 -0.566297 0.000000
vt  0.094448 -0.585081 0.000000
vt  0.403558 -0.699176 0.000000
vt  0.401922 -0.548441 0.000000
vt  0.159659 -0.546817 0.000000
vt  0.177656 -0.556093 0.000000
vt  0.151245 -0.573602 0.000000
vt  0.122262 -0.589139 0.000000
vt  0.089773 -0.618127 0.000000
vt  0.119925 -0.609662 0.000000
vt  0.146921 -0.591458 0.000000
vt  0.164801 -0.590646 0.000000
vt  0.170411 -0.579283 0.000000
vt  0.196238 -0.566065 0.000000
vt  0.215755 -0.548788 0.000000
vt  0.215989 -0.577196 0.000000
vt  0.226740 -0.568152 0.000000
vt  0.189927 -0.590646 0.000000
vt  0.171229 -0.603981 0.000000
vt  0.151245 -0.614880 0.000000
vt  0.121327 -0.627287 0.000000
vt  0.099123 -0.635287 0.000000
vt  0.067686 -0.654419 0.000000
vt  0.049104 -0.630997 0.000000
vt  0.049221 -0.659753 0.000000
vt  0.024562 -0.637374 0.000000
vt  0.029938 -0.667405 0.000000
vt  0.055765 -0.702422 0.000000
vt  0.044312 -0.710655 0.000000
vt  0.058570 -0.744628 0.000000
vt  0.073996 -0.736627 0.000000
vt  0.082294 -0.772340 0.000000
vt  0.065115 -0.772572 0.000000
vt  0.058570 -0.798313 0.000000
vt  0.080775 -0.812227 0.000000
vt  0.047234 -0.840635 0.000000
vt  0.067218 -0.847476 0.000000
vt  0.039287 -0.876927 0.000000
vt  0.072243 -0.881565 0.000000
vt  0.056233 -0.907538 0.000000
vt  0.094798 -0.912292 0.000000
vt  0.071893 -0.921104 0.000000
vt  0.096902 -0.948584 0.000000
vt  0.066517 -0.939772 0.000000
vt  0.035547 -0.912408 0.000000
vt  0.130559 -0.925278 0.000000
vt  0.136870 -0.951831 0.000000
vt  0.178124 -0.936989 0.000000
vt  0.160360 -0.966440 0.000000
vt  0.186188 -0.952758 0.000000
vt  0.211548 -0.922959 0.000000
vt  0.219027 -0.944178 0.000000
vt  0.244971 -0.915654 0.000000
vt  0.256074 -0.942555 0.000000
vt  0.288329 -0.927133 0.000000
vt  0.279797 -0.900117 0.000000
vt  0.305975 -0.918205 0.000000
vt  0.295341 -0.889797 0.000000
vt  0.307611 -0.885043 0.000000
vt  0.325375 -0.897798 0.000000
vt  0.326661 -0.871941 0.000000
vt  0.307845 -0.864172 0.000000
vt  0.314623 -0.845968 0.000000
vt  0.327712 -0.843417 0.000000
vt  0.332387 -0.813734 0.000000
vt  0.311351 -0.822546 0.000000
vt  0.290783 -0.855476 0.000000
vt  0.269396 -0.874260 0.000000
vt  0.237959 -0.885855 0.000000
vt  0.259463 -0.855128 0.000000
vt  0.278278 -0.834141 0.000000
vt  0.308780 -0.798197 0.000000
vt  0.343957 -0.777210 0.000000
vt  0.319999 -0.760397 0.000000
vt  0.337997 -0.753324 0.000000
vt  0.374342 -0.746019 0.000000
vt  0.359734 -0.732801 0.000000
vt  0.372355 -0.719815 0.000000
vt  0.352839 -0.720510 0.000000
vt  0.367213 -0.706944 0.000000
vt  0.391872 -0.724801 0.000000
vt  0.334140 -0.733497 0.000000
vt  0.315792 -0.739294 0.000000
vt  0.305975 -0.763644 0.000000
vt  0.297094 -0.788921 0.000000
vt  0.274772 -0.809212 0.000000
vt  0.243686 -0.831011 0.000000
vt  0.233518 -0.854317 0.000000
vt  0.197874 -0.864056 0.000000
vt  0.192732 -0.894319 0.000000
vt  0.166087 -0.915538 0.000000
vt  0.129157 -0.902088 0.000000
vt  0.107771 -0.894899 0.000000
vt  0.093045 -0.876927 0.000000
vt  0.087670 -0.851070 0.000000
vt  0.095733 -0.829387 0.000000
vt  0.106251 -0.799009 0.000000
vt  0.113030 -0.818140 0.000000
vt  0.105083 -0.837736 0.000000
vt  0.099824 -0.853621 0.000000
vt  0.103447 -0.872173 0.000000
vt  0.114198 -0.885855 0.000000
vt  0.119574 -0.880753 0.000000
vt  0.114432 -0.870086 0.000000
vt  0.111277 -0.854665 0.000000
vt  0.128222 -0.868231 0.000000
vt  0.131144 -0.881797 0.000000
vt  0.130676 -0.891305 0.000000
vt  0.149258 -0.888058 0.000000
vt  0.155452 -0.897102 0.000000
vt  0.170995 -0.883420 0.000000
vt  0.177072 -0.863361 0.000000
vt  0.166554 -0.862665 0.000000
vt  0.162230 -0.878086 0.000000
vt  0.156737 -0.874608 0.000000
vt  0.146453 -0.879246 0.000000
vt  0.143648 -0.866144 0.000000
vt  0.157088 -0.863709 0.000000
vt  0.154166 -0.848983 0.000000
vt  0.162698 -0.845273 0.000000
vt  0.172748 -0.840982 0.000000
vt  0.189927 -0.834721 0.000000
vt  0.205938 -0.824981 0.000000
vt  0.215989 -0.816633 0.000000
vt  0.247893 -0.811763 0.000000
vt  0.226740 -0.801096 0.000000
vt  0.250464 -0.792283 0.000000
vt  0.236206 -0.786254 0.000000
vt  0.224987 -0.773036 0.000000
vt  0.208977 -0.780341 0.000000
vt  0.194602 -0.787761 0.000000
vt  0.183733 -0.797965 0.000000
vt  0.169476 -0.811879 0.000000
vt  0.158374 -0.824286 0.000000
vt  0.152180 -0.832402 0.000000
vt  0.149141 -0.838895 0.000000
vt  0.140493 -0.851186 0.000000
vt  0.125300 -0.853041 0.000000
vt  0.137922 -0.837504 0.000000
vt  0.136520 -0.826605 0.000000
vt  0.122729 -0.839359 0.000000
vt  0.112212 -0.843301 0.000000
vt  0.118405 -0.828692 0.000000
vt  0.138039 -0.815821 0.000000
vt  0.141779 -0.795646 0.000000
vt  0.161529 -0.768398 0.000000
vt  0.131144 -0.767934 0.000000
vt  0.139675 -0.748918 0.000000
vt  0.170411 -0.731642 0.000000
vt  0.185019 -0.750310 0.000000
vt  0.205704 -0.754136 0.000000
vt  0.222416 -0.756571 0.000000
vt  0.230246 -0.757267 0.000000
vt  0.232233 -0.770369 0.000000
vt  0.239946 -0.780688 0.000000
vt  0.251866 -0.785095 0.000000
vt  0.268695 -0.790080 0.000000
vt  0.282836 -0.779413 0.000000
vt  0.289263 -0.762948 0.000000
vt  0.301418 -0.742541 0.000000
vt  0.306092 -0.716104 0.000000
vt  0.327245 -0.711350 0.000000
vt  0.341619 -0.708683 0.000000
vt  0.339165 -0.686769 0.000000
vt  0.319766 -0.690016 0.000000
vt  0.298145 -0.693610 0.000000
vt  0.286342 -0.719815 0.000000
vt  0.285758 -0.745672 0.000000
vt  0.280966 -0.762716 0.000000
vt  0.276642 -0.775239 0.000000
vt  0.265773 -0.783123 0.000000
vt  0.102512 -0.770949 0.000000
vt  0.104381 -0.746831 0.000000
vt  0.270097 -0.771876 0.000000
vt  0.262852 -0.774891 0.000000
vt  0.252451 -0.776398 0.000000
vt  0.244738 -0.775355 0.000000
vt  0.241699 -0.768398 0.000000
vt  0.240063 -0.758426 0.000000
vt  0.234570 -0.745556 0.000000
vt  0.229194 -0.741613 0.000000
vt  0.216105 -0.729902 0.000000
vt  0.202900 -0.714249 0.000000
vt  0.186655 -0.712626 0.000000
vt  0.163399 -0.716916 0.000000
vt  0.135818 -0.728395 0.000000
vt  0.106719 -0.727931 0.000000
vt  0.083813 -0.717728 0.000000
vt  0.068036 -0.692682 0.000000
vt  0.083346 -0.685262 0.000000
vt  0.094448 -0.704393 0.000000
vt  0.111627 -0.714133 0.000000
vt  0.250931 -0.767238 0.000000
vt  0.101927 -0.695117 0.000000
vt  0.094097 -0.679928 0.000000
vt  0.084397 -0.658825 0.000000
vt  0.096084 -0.661840 0.000000
vt  0.105667 -0.646998 0.000000
vt  0.100291 -0.677841 0.000000
vt  0.101577 -0.663927 0.000000
vt  0.109874 -0.652216 0.000000
vt  0.112212 -0.667057 0.000000
vt  0.112562 -0.673783 0.000000
vt  0.115951 -0.682247 0.000000
vt  0.106368 -0.691175 0.000000
vt  0.115484 -0.704277 0.000000
vt  0.133131 -0.715177 0.000000
vt  0.153816 -0.706017 0.000000
vt  0.147038 -0.698016 0.000000
vt  0.131378 -0.705437 0.000000
vt  0.117237 -0.698596 0.000000
vt  0.120158 -0.687581 0.000000
vt  0.130209 -0.699523 0.000000
vt  0.142830 -0.693378 0.000000
vt  0.156036 -0.685725 0.000000
vt  0.166204 -0.689204 0.000000
vt  0.180461 -0.694074 0.000000
vt  0.201380 -0.688856 0.000000
vt  0.229896 -0.700683 0.000000
vt  0.234687 -0.716684 0.000000
vt  0.241115 -0.731526 0.000000
vt  0.244621 -0.737903 0.000000
vt  0.241115 -0.750773 0.000000
vt  0.249295 -0.756803 0.000000
vt  0.260164 -0.755064 0.000000
vt  0.261800 -0.765731 0.000000
vt  0.271149 -0.764108 0.000000
vt  0.269630 -0.753788 0.000000
vt  0.266591 -0.746599 0.000000
vt  0.258528 -0.746019 0.000000
vt  0.248244 -0.747875 0.000000
vt  0.278395 -0.749150 0.000000
vt  0.270448 -0.739294 0.000000
vt  0.275006 -0.733265 0.000000
vt  0.259696 -0.728395 0.000000
vt  0.258294 -0.735700 0.000000
vt  0.260514 -0.712046 0.000000
vt  0.277577 -0.695813 0.000000
vt  0.291601 -0.667985 0.000000
vt  0.308430 -0.662072 0.000000
vt  0.290432 -0.643520 0.000000
vt  0.305274 -0.644795 0.000000
vt  0.322687 -0.656738 0.000000
vt  0.257710 -0.695813 0.000000
vt  0.225338 -0.681203 0.000000
vt  0.201380 -0.673551 0.000000
vt  0.269747 -0.669376 0.000000
vt  0.265423 -0.635983 0.000000
vt  0.251165 -0.672855 0.000000
vt  0.238193 -0.642824 0.000000
vt  0.217157 -0.662883 0.000000
vt  0.214002 -0.634244 0.000000
vt  0.200796 -0.648969 0.000000
vt  0.183967 -0.663811 0.000000
vt  0.169242 -0.667173 0.000000
vt  0.158958 -0.670072 0.000000
vt  0.150544 -0.683174 0.000000
vt  0.140026 -0.678768 0.000000
vt  0.134767 -0.682827 0.000000
vt  0.126586 -0.686073 0.000000
vt  0.123314 -0.679116 0.000000
vt  0.119808 -0.670304 0.000000
vt  0.117354 -0.662883 0.000000
vt  0.123431 -0.646186 0.000000
vt  0.125534 -0.659753 0.000000
vt  0.128690 -0.666594 0.000000
vt  0.132079 -0.675406 0.000000
vt  0.138857 -0.672275 0.000000
vt  0.135818 -0.663927 0.000000
vt  0.131845 -0.658477 0.000000
vt  0.136870 -0.648389 0.000000
vt  0.147038 -0.656970 0.000000
vt  0.152413 -0.670304 0.000000
vt  0.152647 -0.653028 0.000000
vt  0.161412 -0.645839 0.000000
vt  0.173683 -0.636215 0.000000
vt  0.185370 -0.627634 0.000000
vt  0.198342 -0.616155 0.000000
vt  0.140142 -0.642012 0.000000
vt  0.223935 -0.614532 0.000000
vt  0.237492 -0.619518 0.000000
vt  0.252801 -0.616619 0.000000
vt  0.281200 -0.617199 0.000000
vt  0.296977 -0.621257 0.000000
vt  0.319532 -0.621025 0.000000
vt  0.347229 -0.630069 0.000000
vt  0.350034 -0.650708 0.000000
vt  0.363240 -0.669376 0.000000
vt  0.380185 -0.678537 0.000000
vt  0.394209 -0.662767 0.000000
vt  0.381237 -0.664622 0.000000
vt  0.369667 -0.658709 0.000000
vt  0.360902 -0.647926 0.000000
vt  0.368265 -0.644099 0.000000
vt  0.374225 -0.652216 0.000000
vt  0.382289 -0.656042 0.000000
vt  0.391054 -0.654419 0.000000
vt  0.383107 -0.648621 0.000000
vt  0.379367 -0.645491 0.000000
vt  0.375511 -0.640157 0.000000
vt  0.383691 -0.641896 0.000000
vt  0.387197 -0.646418 0.000000
vt  0.392106 -0.642244 0.000000
vt  0.398650 -0.647694 0.000000
vt  0.394793 -0.638302 0.000000
vt  0.401922 -0.638766 0.000000
vt  0.388833 -0.637374 0.000000
vt  0.384626 -0.631809 0.000000
vt  0.379601 -0.636331 0.000000
vt  0.373524 -0.635635 0.000000
vt  0.366512 -0.634823 0.000000
vt  0.358682 -0.633780 0.000000
vt  0.353657 -0.612329 0.000000
vt  0.332738 -0.592270 0.000000
vt  0.303638 -0.596096 0.000000
vt  0.287744 -0.596560 0.000000
vt  0.304105 -0.570123 0.000000
vt  0.267410 -0.555282 0.000000
vt  0.282602 -0.573370 0.000000
vt  0.362538 -0.620909 0.000000
vt  0.369550 -0.625895 0.000000
vt  0.376212 -0.631693 0.000000
vt  0.380886 -0.627519 0.000000
vt  0.376679 -0.619286 0.000000
vt  0.385210 -0.617431 0.000000
vt  0.384977 -0.625431 0.000000
vt  0.388833 -0.628446 0.000000
vt  0.392807 -0.633664 0.000000
vt  0.400169 -0.629374 0.000000
vt  0.393742 -0.621141 0.000000
vt  0.659495 -0.743932 0.000000
vt  0.646990 -0.758310 0.000000
vt  0.670364 -0.752513 0.000000
vt  0.654353 -0.771528 0.000000
vt  0.678544 -0.770717 0.000000
vt  0.663468 -0.799356 0.000000
vt  0.698528 -0.783935 0.000000
vt  0.691283 -0.818604 0.000000
vt  0.723654 -0.799704 0.000000
vt  0.710098 -0.834721 0.000000
vt  0.742002 -0.816517 0.000000
vt  0.730666 -0.847244 0.000000
vt  0.716876 -0.872985 0.000000
vt  0.691984 -0.861274 0.000000
vt  0.680531 -0.838547 0.000000
vt  0.660897 -0.824286 0.000000
vt  0.633668 -0.805850 0.000000
vt  0.631330 -0.780920 0.000000
vt  0.606672 -0.782776 0.000000
vt  0.611580 -0.766774 0.000000
vt  0.593933 -0.759470 0.000000
vt  0.614268 -0.760397 0.000000
vt  0.629811 -0.760281 0.000000
vt  0.629811 -0.765731 0.000000
vt  0.643601 -0.752629 0.000000
vt  0.654119 -0.740222 0.000000
vt  0.637641 -0.728395 0.000000
vt  0.631564 -0.738367 0.000000
vt  0.626305 -0.744396 0.000000
vt  0.622799 -0.733961 0.000000
vt  0.618592 -0.743237 0.000000
vt  0.627707 -0.722597 0.000000
vt  0.611346 -0.730018 0.000000
vt  0.614502 -0.718307 0.000000
vt  0.603166 -0.716568 0.000000
vt  0.601296 -0.727931 0.000000
vt  0.582948 -0.728627 0.000000
vt  0.587155 -0.743237 0.000000
vt  0.575936 -0.727931 0.000000
vt  0.577923 -0.710075 0.000000
vt  0.584584 -0.712858 0.000000
vt  0.601646 -0.736048 0.000000
vt  0.608541 -0.739758 0.000000
vt  0.598491 -0.754136 0.000000
vt  0.580844 -0.745208 0.000000
vt  0.582480 -0.772340 0.000000
vt  0.562496 -0.753092 0.000000
vt  0.559575 -0.728163 0.000000
vt  0.562262 -0.704973 0.000000
vt  0.549641 -0.707060 0.000000
vt  0.537487 -0.738483 0.000000
vt  0.539707 -0.763528 0.000000
vt  0.556887 -0.777558 0.000000
vt  0.563899 -0.791820 0.000000
vt  0.582480 -0.805502 0.000000
vt  0.611930 -0.817213 0.000000
vt  0.637875 -0.819996 0.000000
vt  0.504881 -0.750657 0.000000
vt  0.617189 -0.827648 0.000000
vt  0.641381 -0.838895 0.000000
vt  0.655989 -0.842258 0.000000
vt  0.665806 -0.851070 0.000000
vt  0.671298 -0.864288 0.000000
vt  0.684855 -0.890145 0.000000
vt  0.701216 -0.901392 0.000000
vt  0.678895 -0.923191 0.000000
vt  0.668260 -0.908581 0.000000
vt  0.645588 -0.917973 0.000000
vt  0.649328 -0.939656 0.000000
vt  0.619761 -0.912987 0.000000
vt  0.621747 -0.954266 0.000000
vt  0.578507 -0.927133 0.000000
vt  0.581662 -0.952874 0.000000
vt  0.548472 -0.932235 0.000000
vt  0.552446 -0.954150 0.000000
vt  0.523697 -0.939540 0.000000
vt  0.495883 -0.929104 0.000000
vt  0.494831 -0.952758 0.000000
vt  0.521242 -0.917509 0.000000
vt  0.545901 -0.907886 0.000000
vt  0.574650 -0.903595 0.000000
vt  0.450889 -0.946497 0.000000
vt  0.462693 -0.928757 0.000000
vt  0.422724 -0.937685 0.000000
vt  0.424594 -0.911596 0.000000
vt  0.450889 -0.896523 0.000000
vt  0.426464 -0.882609 0.000000
vt  0.409752 -0.889450 0.000000
vt  0.411622 -0.861853 0.000000
vt  0.396663 -0.863941 0.000000
vt  0.408467 -0.838084 0.000000
vt  0.390119 -0.836808 0.000000
vt  0.421790 -0.814430 0.000000
vt  0.393742 -0.804458 0.000000
vt  0.424711 -0.780920 0.000000
vt  0.442592 -0.800748 0.000000
vt  0.460472 -0.778949 0.000000
vt  0.446565 -0.767122 0.000000
vt  0.474964 -0.764919 0.000000
vt  0.465497 -0.750078 0.000000
vt  0.502661 -0.768514 0.000000
vt  0.486300 -0.780109 0.000000
vt  0.477768 -0.787993 0.000000
vt  0.470172 -0.799472 0.000000
vt  0.489689 -0.809792 0.000000
vt  0.496233 -0.796226 0.000000
vt  0.513763 -0.806545 0.000000
vt  0.502895 -0.782544 0.000000
vt  0.519022 -0.790660 0.000000
vt  0.515984 -0.777326 0.000000
vt  0.525567 -0.773152 0.000000
vt  0.539474 -0.783819 0.000000
vt  0.545434 -0.777558 0.000000
vt  0.552446 -0.795066 0.000000
vt  0.567989 -0.810140 0.000000
vt  0.583415 -0.822199 0.000000
vt  0.596621 -0.830779 0.000000
vt  0.604217 -0.841794 0.000000
vt  0.628876 -0.843533 0.000000
vt  0.632031 -0.847592 0.000000
vt  0.642316 -0.844345 0.000000
vt  0.653885 -0.846896 0.000000
vt  0.662066 -0.854201 0.000000
vt  0.665455 -0.864752 0.000000
vt  0.653067 -0.861042 0.000000
vt  0.648626 -0.858955 0.000000
vt  0.642433 -0.857331 0.000000
vt  0.647808 -0.864288 0.000000
vt  0.653184 -0.865796 0.000000
vt  0.637641 -0.857447 0.000000
vt  0.641264 -0.862781 0.000000
vt  0.646289 -0.871014 0.000000
vt  0.625019 -0.855940 0.000000
vt  0.619994 -0.853389 0.000000
vt  0.594517 -0.869622 0.000000
vt  0.581662 -0.844345 0.000000
vt  0.573482 -0.828112 0.000000
vt  0.561211 -0.833330 0.000000
vt  0.564950 -0.854896 0.000000
vt  0.569158 -0.880637 0.000000
vt  0.547304 -0.887826 0.000000
vt  0.549641 -0.861042 0.000000
vt  0.528722 -0.861390 0.000000
vt  0.548239 -0.836692 0.000000
vt  0.557588 -0.813154 0.000000
vt  0.542512 -0.797037 0.000000
vt  0.531410 -0.795298 0.000000
vt  0.531527 -0.811995 0.000000
vt  0.546252 -0.814430 0.000000
vt  0.529540 -0.837388 0.000000
vt  0.505232 -0.856868 0.000000
vt  0.495532 -0.875767 0.000000
vt  0.485949 -0.866839 0.000000
vt  0.492493 -0.852925 0.000000
vt  0.502661 -0.829735 0.000000
vt  0.515633 -0.893392 0.000000
vt  0.600945 -0.894551 0.000000
vt  0.620111 -0.881449 0.000000
vt  0.616488 -0.868115 0.000000
vt  0.622332 -0.867883 0.000000
vt  0.635654 -0.861853 0.000000
vt  0.639861 -0.869390 0.000000
vt  0.634603 -0.868231 0.000000
vt  0.634486 -0.872985 0.000000
vt  0.625136 -0.878550 0.000000
vt  0.630278 -0.892116 0.000000
vt  0.645471 -0.895015 0.000000
vt  0.658560 -0.890145 0.000000
vt  0.667909 -0.879710 0.000000
vt  0.663001 -0.876695 0.000000
vt  0.651431 -0.872057 0.000000
vt  0.649445 -0.876579 0.000000
vt  0.655755 -0.885275 0.000000
vt  0.645120 -0.888638 0.000000
vt  0.644770 -0.876579 0.000000
vt  0.638810 -0.874956 0.000000
vt  0.633317 -0.886087 0.000000
vt  0.855012 -0.932815 0.000000
vt  0.836079 -0.927365 0.000000
vt  0.836313 -0.935830 0.000000
vt  0.851038 -0.918785 0.000000
vt  0.861206 -0.933511 0.000000
vt  0.856414 -0.917046 0.000000
vt  0.870204 -0.912176 0.000000
vt  0.874178 -0.932815 0.000000
vt  0.826146 -0.932931 0.000000
vt  0.829184 -0.923191 0.000000
vt  0.814226 -0.928061 0.000000
vt  0.840287 -0.907770 0.000000
vt  0.845546 -0.902784 0.000000
vt  0.824627 -0.900349 0.000000
vt  0.818900 -0.918901 0.000000
vt  0.810953 -0.916814 0.000000
vt  0.804759 -0.922495 0.000000
vt  0.795761 -0.905567 0.000000
vt  0.809668 -0.899537 0.000000
vt  0.809668 -0.893276 0.000000
vt  0.827431 -0.893856 0.000000
vt  0.791904 -0.899537 0.000000
vt  0.784191 -0.884580 0.000000
vt  0.808149 -0.876463 0.000000
vt  0.787346 -0.852925 0.000000
vt  0.810135 -0.847244 0.000000
vt  0.786178 -0.820343 0.000000
vt  0.805694 -0.823938 0.000000
vt  0.821004 -0.826025 0.000000
vt  0.824860 -0.798545 0.000000
vt  0.805110 -0.793791 0.000000
vt  0.808032 -0.768514 0.000000
vt  0.836313 -0.777790 0.000000
vt  0.820887 -0.744976 0.000000
vt  0.859336 -0.765383 0.000000
vt  0.845663 -0.721670 0.000000
vt  0.772388 -0.879246 0.000000
vt  0.861790 -0.777210 0.000000
vt  0.844728 -0.786834 0.000000
vt  0.836079 -0.802951 0.000000
vt  0.835612 -0.822662 0.000000
vt  0.836313 -0.849447 0.000000
vt  0.816212 -0.861969 0.000000
vt  0.832340 -0.879014 0.000000
vt  0.858284 -0.892232 0.000000
vt  0.884929 -0.897450 0.000000
vt  0.887501 -0.921684 0.000000
vt  0.887384 -0.946497 0.000000
vt  0.904680 -0.926206 0.000000
vt  0.908069 -0.952294 0.000000
vt  0.921625 -0.930844 0.000000
vt  0.934247 -0.959135 0.000000
vt  0.957737 -0.939076 0.000000
vt  0.953530 -0.973977 0.000000
vt  0.968956 -0.948468 0.000000
vt  0.971177 -0.943714 0.000000
vt  0.961827 -0.936293 0.000000
vt  0.980643 -0.930264 0.000000
vt  0.973981 -0.927249 0.000000
vt  0.981811 -0.921104 0.000000
vt  0.972579 -0.920640 0.000000
vt  0.971995 -0.911364 0.000000
vt  0.980877 -0.910089 0.000000
vt  0.972112 -0.904639 0.000000
vt  0.978189 -0.900813 0.000000
vt  0.965801 -0.890841 0.000000
vt  0.957971 -0.900117 0.000000
vt  0.954932 -0.911944 0.000000
vt  0.956451 -0.925394 0.000000
vt  0.951426 -0.926554 0.000000
vt  0.949673 -0.911364 0.000000
vt  0.918821 -0.906958 0.000000
vt  0.903394 -0.904407 0.000000
vt  0.884462 -0.877507 0.000000
vt  0.859102 -0.878202 0.000000
vt  0.833976 -0.866260 0.000000
vt  0.859102 -0.862549 0.000000
vt  0.883177 -0.860462 0.000000
vt  0.909004 -0.867187 0.000000
vt  0.926183 -0.878434 0.000000
vt  0.953530 -0.898146 0.000000
vt  0.962645 -0.886899 0.000000
vt  0.943362 -0.861969 0.000000
vt  0.935766 -0.844693 0.000000
vt  0.904446 -0.848055 0.000000
vt  0.916717 -0.824518 0.000000
vt  0.939389 -0.798545 0.000000
vt  0.917535 -0.800980 0.000000
vt  0.908887 -0.779297 0.000000
vt  0.906783 -0.802719 0.000000
vt  0.907251 -0.821155 0.000000
vt  0.897434 -0.838779 0.000000
vt  0.880956 -0.848403 0.000000
vt  0.862725 -0.849447 0.000000
vt  0.845779 -0.840055 0.000000
vt  0.852441 -0.833330 0.000000
vt  0.844143 -0.821503 0.000000
vt  0.844377 -0.807125 0.000000
vt  0.851623 -0.793211 0.000000
vt  0.863309 -0.785210 0.000000
vt  0.880372 -0.776630 0.000000
vt  0.884462 -0.766079 0.000000
vt  0.869036 -0.738135 0.000000
vt  0.896733 -0.741034 0.000000
vt  0.877450 -0.717844 0.000000
vt  0.862959 -0.707176 0.000000
vt  0.854311 -0.687697 0.000000
vt  0.829535 -0.690943 0.000000
vt  0.838183 -0.658477 0.000000
vt  0.857466 -0.668101 0.000000
vt  0.868685 -0.653143 0.000000
vt  0.872659 -0.658361 0.000000
vt  0.888786 -0.645955 0.000000
vt  0.888085 -0.623344 0.000000
vt  0.856531 -0.635403 0.000000
vt  0.926534 -0.764571 0.000000
vt  0.863076 -0.671000 0.000000
vt  0.860388 -0.686537 0.000000
vt  0.867516 -0.702886 0.000000
vt  0.882475 -0.692103 0.000000
vt  0.886449 -0.697784 0.000000
vt  0.879787 -0.712046 0.000000
vt  0.879086 -0.683174 0.000000
vt  0.878268 -0.676217 0.000000
vt  0.884111 -0.672159 0.000000
vt  0.889137 -0.652100 0.000000
vt  0.906667 -0.648158 0.000000
vt  0.916133 -0.629142 0.000000
vt  0.913094 -0.585892 0.000000
vt  0.933896 -0.609662 0.000000
vt  0.942077 -0.650477 0.000000
vt  0.961126 -0.643172 0.000000
vt  0.968255 -0.674942 0.000000
vt  0.949206 -0.677261 0.000000
vt  0.962645 -0.706944 0.000000
vt  0.944648 -0.705205 0.000000
vt  0.948621 -0.746019 0.000000
vt  0.925833 -0.730366 0.000000
vt  0.898369 -0.786370 0.000000
vt  0.877099 -0.784979 0.000000
vt  0.867283 -0.798777 0.000000
vt  0.863076 -0.803878 0.000000
vt  0.859219 -0.812111 0.000000
vt  0.857933 -0.818720 0.000000
vt  0.886916 -0.680044 0.000000
vt  0.866114 -0.815705 0.000000
vt  0.870321 -0.807125 0.000000
vt  0.873944 -0.800284 0.000000
vt  0.891591 -0.792399 0.000000
vt  0.899771 -0.803994 0.000000
vt  0.899771 -0.818140 0.000000
vt  0.886916 -0.808516 0.000000
vt  0.881774 -0.804458 0.000000
vt  0.878736 -0.811415 0.000000
vt  0.874528 -0.819880 0.000000
vt  0.862959 -0.823010 0.000000
vt  0.866348 -0.840867 0.000000
vt  0.880372 -0.840982 0.000000
vt  0.885514 -0.815010 0.000000
vt  0.881424 -0.822894 0.000000
vt  0.877333 -0.827880 0.000000
vt  0.892058 -0.832518 0.000000
vt  0.870906 -0.826837 0.000000
vt  0.702619 -0.181807 0.000000
vt  0.715357 -0.175777 0.000000
vt  0.701917 -0.178444 0.000000
vt  0.713136 -0.172763 0.000000
vt  0.720265 -0.160936 0.000000
vt  0.709397 -0.155370 0.000000
vt  0.711500 -0.148413 0.000000
vt  0.721083 -0.147717 0.000000
vt  0.724005 -0.161747 0.000000
vt  0.704488 -0.196069 0.000000
vt  0.688711 -0.182502 0.000000
vt  0.689062 -0.178328 0.000000
vt  0.698879 -0.168356 0.000000
vt  0.692334 -0.165806 0.000000
vt  0.697009 -0.158965 0.000000
vt  0.684154 -0.160936 0.000000
vt  0.688828 -0.153631 0.000000
vt  0.702268 -0.150732 0.000000
vt  0.706358 -0.143543 0.000000
vt  0.715474 -0.135775 0.000000
vt  0.704021 -0.163255 0.000000
vt  0.698645 -0.138210 0.000000
vt  0.694087 -0.145514 0.000000
vt  0.691867 -0.136122 0.000000
vt  0.703553 -0.128238 0.000000
vt  0.718279 -0.133340 0.000000
vt  0.724356 -0.146674 0.000000
vt  0.738146 -0.164878 0.000000
vt  0.738730 -0.142500 0.000000
vt  0.731368 -0.121513 0.000000
vt  0.709981 -0.108642 0.000000
vt  0.704255 -0.124180 0.000000
vt  0.687426 -0.107831 0.000000
vt  0.689880 -0.123832 0.000000
vt  0.676207 -0.129861 0.000000
vt  0.690464 -0.127426 0.000000
vt  0.678544 -0.133224 0.000000
vt  0.686958 -0.141108 0.000000
vt  0.681583 -0.148761 0.000000
vt  0.679245 -0.155486 0.000000
vt  0.671065 -0.145514 0.000000
vt  0.666858 -0.144587 0.000000
vt  0.663936 -0.117107 0.000000
vt  0.684738 -0.091134 0.000000
vt  0.716175 -0.092525 0.000000
vt  0.745391 -0.109454 0.000000
vt  0.754040 -0.138673 0.000000
vt  0.753455 -0.169052 0.000000
vt  0.727160 -0.186908 0.000000
vt  0.706709 -0.211374 0.000000
vt  0.739198 -0.199083 0.000000
vt  0.736042 -0.235260 0.000000
vt  0.777062 -0.227607 0.000000
vt  0.777763 -0.201866 0.000000
vt  0.781386 -0.169864 0.000000
vt  0.782905 -0.136354 0.000000
vt  0.783139 -0.102033 0.000000
vt  0.754974 -0.081510 0.000000
vt  0.725875 -0.075249 0.000000
vt  0.688595 -0.067944 0.000000
vt  0.806629 -0.171487 0.000000
vt  0.807798 -0.137978 0.000000
vt  0.699697 -0.048000 0.000000
vt  0.732770 -0.060291 0.000000
vt  0.757896 -0.063422 0.000000
vt  0.784308 -0.084293 0.000000
vt  0.786879 -0.064117 0.000000
vt  0.821238 -0.076756 0.000000
vt  0.817498 -0.056581 0.000000
vt  0.854544 -0.065857 0.000000
vt  0.851038 -0.044986 0.000000
vt  0.873009 -0.061103 0.000000
vt  0.878268 -0.044174 0.000000
vt  0.905264 -0.048928 0.000000
vt  0.895331 -0.079655 0.000000
vt  0.860271 -0.087307 0.000000
vt  0.820303 -0.101453 0.000000
vt  0.842975 -0.120237 0.000000
vt  0.831872 -0.142616 0.000000
vt  0.832924 -0.171139 0.000000
vt  0.819601 -0.206272 0.000000
vt  0.812005 -0.230506 0.000000
vt  0.806396 -0.250913 0.000000
vt  0.776010 -0.248014 0.000000
vt  0.748781 -0.255203 0.000000
vt  0.709514 -0.263320 0.000000
vt  0.708462 -0.227375 0.000000
vt  0.679830 -0.241985 0.000000
vt  0.680297 -0.211026 0.000000
vt  0.684621 -0.196069 0.000000
vt  0.673753 -0.173690 0.000000
vt  0.663819 -0.184242 0.000000
vt  0.652717 -0.195953 0.000000
vt  0.633901 -0.221809 0.000000
vt  0.662767 -0.263320 0.000000
vt  0.696775 -0.292655 0.000000
vt  0.716642 -0.296713 0.000000
vt  0.728446 -0.272943 0.000000
vt  0.748664 -0.306453 0.000000
vt  0.755793 -0.291959 0.000000
vt  0.759883 -0.295206 0.000000
vt  0.753923 -0.307381 0.000000
vt  0.769115 -0.313062 0.000000
vt  0.772388 -0.303670 0.000000
vt  0.780919 -0.305525 0.000000
vt  0.779049 -0.316077 0.000000
vt  0.791437 -0.306453 0.000000
vt  0.791320 -0.316888 0.000000
vt  0.799851 -0.305989 0.000000
vt  0.801137 -0.315497 0.000000
vt  0.819017 -0.312135 0.000000
vt  0.815277 -0.298916 0.000000
vt  0.824510 -0.311787 0.000000
vt  0.629928 -0.248362 0.000000
vt  0.797747 -0.299496 0.000000
vt  0.791320 -0.297873 0.000000
vt  0.807564 -0.288944 0.000000
vt  0.819718 -0.296481 0.000000
vt  0.855362 -0.306917 0.000000
vt  0.846481 -0.278741 0.000000
vt  0.887734 -0.299844 0.000000
vt  0.810486 -0.285466 0.000000
vt  0.795994 -0.283611 0.000000
vt  0.782321 -0.297293 0.000000
vt  0.775777 -0.297757 0.000000
vt  0.769232 -0.286626 0.000000
vt  0.767012 -0.282451 0.000000
vt  0.780919 -0.277581 0.000000
vt  0.797631 -0.278857 0.000000
vt  0.828483 -0.259725 0.000000
vt  0.841923 -0.241637 0.000000
vt  0.852207 -0.222737 0.000000
vt  0.845663 -0.191083 0.000000
vt  0.855830 -0.179256 0.000000
vt  0.847532 -0.165458 0.000000
vt  0.847416 -0.146558 0.000000
vt  0.855246 -0.131832 0.000000
vt  0.865179 -0.108063 0.000000
vt  0.890305 -0.107715 0.000000
vt  0.912860 -0.118382 0.000000
vt  0.931325 -0.097859 0.000000
vt  0.925599 -0.139369 0.000000
vt  0.955166 -0.135543 0.000000
vt  0.926183 -0.167081 0.000000
vt  0.952127 -0.173806 0.000000
vt  0.910991 -0.144239 0.000000
vt  0.901758 -0.130557 0.000000
vt  0.887267 -0.122672 0.000000
vt  0.869269 -0.123368 0.000000
vt  0.871139 -0.129861 0.000000
vt  0.885514 -0.129049 0.000000
vt  0.897084 -0.135659 0.000000
vt  0.903979 -0.147370 0.000000
vt  0.890188 -0.142384 0.000000
vt  0.883177 -0.140992 0.000000
vt  0.873594 -0.140876 0.000000
vt  0.883644 -0.149457 0.000000
vt  0.892292 -0.149457 0.000000
vt  0.904096 -0.162211 0.000000
vt  0.910757 -0.164182 0.000000
vt  0.914847 -0.188300 0.000000
vt  0.937402 -0.215548 0.000000
vt  0.891240 -0.203605 0.000000
vt  0.902109 -0.178560 0.000000
vt  0.887851 -0.187372 0.000000
vt  0.897200 -0.174038 0.000000
vt  0.885748 -0.180879 0.000000
vt  0.890422 -0.166617 0.000000
vt  0.892058 -0.159428 0.000000
vt  0.883527 -0.159776 0.000000
vt  0.868685 -0.187604 0.000000
vt  0.871490 -0.181111 0.000000
vt  0.873594 -0.168936 0.000000
vt  0.866582 -0.166965 0.000000
vt  0.873477 -0.160008 0.000000
vt  0.873477 -0.149689 0.000000
vt  0.866698 -0.142847 0.000000
vt  0.859803 -0.136354 0.000000
vt  0.853493 -0.148181 0.000000
vt  0.883293 -0.168356 0.000000
vt  0.860271 -0.174502 0.000000
vt  0.865179 -0.149920 0.000000
vt  0.864712 -0.159776 0.000000
vt  0.853843 -0.163023 0.000000
vt  0.861907 -0.202562 0.000000
vt  0.892876 -0.233520 0.000000
vt  0.879787 -0.264247 0.000000
vt  0.914263 -0.270045 0.000000
vt  0.916834 -0.297177 0.000000
vt  0.943246 -0.272016 0.000000
vt  0.946284 -0.292539 0.000000
vt  0.916834 -0.250681 0.000000
vt  0.943012 -0.248478 0.000000
vt  0.677142 -0.170791 0.000000
vt  0.670714 -0.159081 0.000000
vt  0.666858 -0.159892 0.000000
vt  0.650964 -0.141804 0.000000
vt  0.651782 -0.165342 0.000000
vt  0.635888 -0.171023 0.000000
vt  0.619761 -0.181111 0.000000
vt  0.610411 -0.148529 0.000000
vt  0.633434 -0.138325 0.000000
vt  0.651431 -0.103772 0.000000
vt  0.664520 -0.061451 0.000000
vt  0.676791 -0.036289 0.000000
vt  0.642783 -0.052754 0.000000
vt  0.660547 -0.024231 0.000000
vt  0.626188 -0.078727 0.000000
vt  0.609944 -0.103193 0.000000
vt  0.594284 -0.121745 0.000000
vt  0.781620 -0.282683 0.000000
vt  0.714071 -0.537309 0.000000
vt  0.712552 -0.553542 0.000000
vt  0.740483 -0.545774 0.000000
vt  0.731368 -0.559920 0.000000
vt  0.727044 -0.565021 0.000000
vt  0.711968 -0.560499 0.000000
vt  0.695022 -0.563978 0.000000
vt  0.711267 -0.576037 0.000000
vt  0.718980 -0.576153 0.000000
vt  0.737094 -0.576616 0.000000
vt  0.716526 -0.522700 0.000000
vt  0.685907 -0.540672 0.000000
vt  0.691984 -0.558296 0.000000
vt  0.722018 -0.582994 0.000000
vt  0.713253 -0.584733 0.000000
vt  0.701333 -0.578240 0.000000
vt  0.694087 -0.581254 0.000000
vt  0.682634 -0.573718 0.000000
vt  0.677726 -0.588559 0.000000
vt  0.677025 -0.570007 0.000000
vt  0.702852 -0.586936 0.000000
vt  0.693854 -0.588675 0.000000
vt  0.715474 -0.594821 0.000000
vt  0.724472 -0.592849 0.000000
vt  0.724356 -0.600502 0.000000
vt  0.740717 -0.593197 0.000000
vt  0.717110 -0.603633 0.000000
vt  0.705073 -0.597140 0.000000
vt  0.695957 -0.598647 0.000000
vt  0.680998 -0.605140 0.000000
vt  0.670714 -0.588211 0.000000
vt  0.653418 -0.587400 0.000000
vt  0.661365 -0.558296 0.000000
vt  0.660079 -0.519569 0.000000
vt  0.682401 -0.519685 0.000000
vt  0.721083 -0.501713 0.000000
vt  0.747963 -0.531048 0.000000
vt  0.758364 -0.563166 0.000000
vt  0.742704 -0.572674 0.000000
vt  0.748079 -0.593313 0.000000
vt  0.741885 -0.611865 0.000000
vt  0.736159 -0.608387 0.000000
vt  0.723538 -0.618590 0.000000
vt  0.706826 -0.605952 0.000000
vt  0.698996 -0.605720 0.000000
vt  0.691049 -0.616967 0.000000
vt  0.675038 -0.608503 0.000000
vt  0.688010 -0.621837 0.000000
vt  0.678895 -0.633780 0.000000
vt  0.660664 -0.615692 0.000000
vt  0.706124 -0.621953 0.000000
vt  0.726693 -0.624852 0.000000
vt  0.756961 -0.623576 0.000000
vt  0.765726 -0.593893 0.000000
vt  0.780919 -0.546817 0.000000
vt  0.757195 -0.509829 0.000000
vt  0.726225 -0.485364 0.000000
vt  0.684271 -0.494176 0.000000
vt  0.689646 -0.464493 0.000000
vt  0.664170 -0.464609 0.000000
vt  0.663819 -0.491393 0.000000
vt  0.760233 -0.488958 0.000000
vt  0.731601 -0.468551 0.000000
vt  0.705657 -0.449999 0.000000
vt  0.790385 -0.517134 0.000000
vt  0.803474 -0.543107 0.000000
vt  0.824276 -0.560731 0.000000
vt  0.800552 -0.597487 0.000000
vt  0.791203 -0.630765 0.000000
vt  0.754741 -0.657781 0.000000
vt  0.730199 -0.642476 0.000000
vt  0.730316 -0.661608 0.000000
vt  0.749248 -0.690711 0.000000
vt  0.724122 -0.687697 0.000000
vt  0.778231 -0.662188 0.000000
vt  0.770985 -0.690247 0.000000
vt  0.704839 -0.628678 0.000000
vt  0.701684 -0.643636 0.000000
vt  0.696191 -0.660680 0.000000
vt  0.687426 -0.687117 0.000000
vt  0.652600 -0.660912 0.000000
vt  0.666156 -0.646302 0.000000
vt  0.644302 -0.623112 0.000000
vt  0.620111 -0.636795 0.000000
vt  0.606905 -0.594241 0.000000
vt  0.575936 -0.627750 0.000000
vt  0.632966 -0.588907 0.000000
vt  0.630162 -0.554354 0.000000
vt  0.642316 -0.518757 0.000000
vt  0.644536 -0.489770 0.000000
vt  0.645354 -0.470174 0.000000
vt  0.647575 -0.436549 0.000000
vt  0.668844 -0.420316 0.000000
vt  0.638927 -0.399677 0.000000
vt  0.672818 -0.376371 0.000000
vt  0.651197 -0.373472 0.000000
vt  0.609944 -0.383676 0.000000
vt  0.624201 -0.418229 0.000000
vt  0.628642 -0.458116 0.000000
vt  0.626656 -0.486291 0.000000
vt  0.621630 -0.514815 0.000000
vt  0.615553 -0.533947 0.000000
vt  0.691283 -0.419040 0.000000
vt  0.602114 -0.509597 0.000000
vt  0.609710 -0.482581 0.000000
vt  0.606905 -0.451043 0.000000
vt  0.583298 -0.421823 0.000000
vt  0.596972 -0.401068 0.000000
vt  0.586220 -0.371733 0.000000
vt  0.619059 -0.361645 0.000000
vt  0.586337 -0.352949 0.000000
vt  0.624903 -0.343905 0.000000
vt  0.587389 -0.328947 0.000000
vt  0.552679 -0.338339 0.000000
vt  0.557237 -0.361297 0.000000
vt  0.560860 -0.387270 0.000000
vt  0.554900 -0.409532 0.000000
vt  0.549758 -0.428664 0.000000
vt  0.572196 -0.437245 0.000000
vt  0.589375 -0.457420 0.000000
vt  0.592414 -0.480378 0.000000
vt  0.586571 -0.502061 0.000000
vt  0.574884 -0.520497 0.000000
vt  0.590193 -0.536382 0.000000
vt  0.597790 -0.562239 0.000000
vt  0.570794 -0.596328 0.000000
vt  0.531527 -0.602473 0.000000
vt  0.540058 -0.634591 0.000000
vt  0.656340 -0.344832 0.000000
vt  0.513296 -0.419620 0.000000
vt  0.562496 -0.571283 0.000000
vt  0.555718 -0.548441 0.000000
vt  0.550459 -0.528729 0.000000
vt  0.562964 -0.508438 0.000000
vt  0.574417 -0.496263 0.000000
vt  0.579091 -0.478407 0.000000
vt  0.575468 -0.462406 0.000000
vt  0.564015 -0.448955 0.000000
vt  0.546953 -0.443738 0.000000
vt  0.522528 -0.435969 0.000000
vt  0.504180 -0.454405 0.000000
vt  0.487351 -0.446984 0.000000
vt  0.496350 -0.480958 0.000000
vt  0.475899 -0.483393 0.000000
vt  0.502661 -0.504727 0.000000
vt  0.484663 -0.516322 0.000000
vt  0.523346 -0.524207 0.000000
vt  0.517035 -0.544962 0.000000
vt  0.525099 -0.572558 0.000000
vt  0.546719 -0.513424 0.000000
vt  0.528488 -0.508902 0.000000
vt  0.516217 -0.496147 0.000000
vt  0.511660 -0.479334 0.000000
vt  0.516802 -0.459971 0.000000
vt  0.529306 -0.448492 0.000000
vt  0.521476 -0.463565 0.000000
vt  0.517035 -0.478987 0.000000
vt  0.520658 -0.493480 0.000000
vt  0.530942 -0.503684 0.000000
vt  0.545901 -0.507626 0.000000
vt  0.559808 -0.503916 0.000000
vt  0.569391 -0.493480 0.000000
vt  0.573365 -0.478523 0.000000
vt  0.570443 -0.464493 0.000000
vt  0.560860 -0.454057 0.000000
vt  0.546369 -0.449767 0.000000
vt  0.532111 -0.453478 0.000000
vt  0.537370 -0.462406 0.000000
vt  0.532462 -0.468899 0.000000
vt  0.545083 -0.462290 0.000000
vt  0.554783 -0.465536 0.000000
vt  0.560743 -0.470638 0.000000
vt  0.560626 -0.478175 0.000000
vt  0.557588 -0.488031 0.000000
vt  0.553030 -0.494176 0.000000
vt  0.545551 -0.494524 0.000000
vt  0.535851 -0.491625 0.000000
vt  0.529540 -0.486987 0.000000
vt  0.538188 -0.482001 0.000000
vt  0.548355 -0.485132 0.000000
vt  0.551628 -0.474812 0.000000
vt  0.541460 -0.471450 0.000000
vt  0.529189 -0.479102 0.000000
vt  0.144350 -0.630765 0.000000
vt  0.123197 -0.639461 0.000000
vt  0.227325 -0.610938 0.000000
vt  0.238076 -0.614996 0.000000
vt  0.250230 -0.612677 0.000000
vt  0.258528 -0.605488 0.000000
vt  0.248945 -0.599922 0.000000
vt  0.244270 -0.602125 0.000000
vt  0.262034 -0.607807 0.000000
vt  0.266942 -0.595748 0.000000
vt  0.263787 -0.581023 0.000000
vt  0.255372 -0.570819 0.000000
vt  0.259463 -0.583457 0.000000
vt  0.262151 -0.595284 0.000000
vt  0.249646 -0.594821 0.000000
vt  0.243569 -0.595980 0.000000
vt  0.237492 -0.602821 0.000000
vt  0.232350 -0.602473 0.000000
vt  0.248477 -0.587864 0.000000
vt  0.246140 -0.582994 0.000000
vt  0.252334 -0.574761 0.000000
vt  0.242634 -0.565601 0.000000
vt  0.242283 -0.588675 0.000000
vt  0.236206 -0.597024 0.000000
vt  0.229194 -0.572790 0.000000
vt  0.241582 -0.570587 0.000000
vt  0.240881 -0.582762 0.000000
vt  0.234921 -0.589719 0.000000
vt  0.229194 -0.590878 0.000000
vt  0.230129 -0.597719 0.000000
vt  0.219845 -0.602357 0.000000
vt  0.215287 -0.604792 0.000000
vt  0.212132 -0.589719 0.000000
vt  0.220429 -0.579979 0.000000
vt  0.229194 -0.585777 0.000000
vt  0.233986 -0.583689 0.000000
vt  0.217040 -0.590530 0.000000
vt  0.896149 -0.720047 0.000000
vt  0.894980 -0.714249 0.000000
vt  0.893344 -0.696973 0.000000
vt  0.890305 -0.689320 0.000000
vt  0.899538 -0.685841 0.000000
vt  0.896149 -0.676565 0.000000
vt  0.893227 -0.668913 0.000000
vt  0.904329 -0.654187 0.000000
vt  0.916717 -0.664043 0.000000
vt  0.900239 -0.668217 0.000000
vt  0.904096 -0.673898 0.000000
vt  0.907134 -0.682827 0.000000
vt  0.922794 -0.680044 0.000000
vt  0.922677 -0.660448 0.000000
vt  0.929105 -0.679812 0.000000
vt  0.920106 -0.695465 0.000000
vt  0.907718 -0.689784 0.000000
vt  0.902109 -0.693726 0.000000
vt  0.910991 -0.707408 0.000000
vt  0.914730 -0.712858 0.000000
vt  0.926534 -0.698132 0.000000
vt  0.106134 -0.299612 0.000000
vt  0.112212 -0.296945 0.000000
vt  0.103914 -0.281756 0.000000
vt  0.110342 -0.282567 0.000000
vt  0.121327 -0.309931 0.000000
vt  0.129975 -0.298221 0.000000
vt  0.135234 -0.302858 0.000000
vt  0.133949 -0.316193 0.000000
vt  0.117003 -0.316541 0.000000
vt  0.132780 -0.323614 0.000000
vt  0.103797 -0.339615 0.000000
vt  0.080190 -0.304598 0.000000
vt  0.147739 -0.314222 0.000000
vt  0.141428 -0.300076 0.000000
vt  0.136753 -0.293582 0.000000
vt  0.149141 -0.294858 0.000000
vt  0.144583 -0.287901 0.000000
vt  0.153465 -0.289524 0.000000
vt  0.160010 -0.305293 0.000000
vt  0.165970 -0.310627 0.000000
vt  0.150894 -0.321410 0.000000
vt  0.158607 -0.347035 0.000000
vt  0.132079 -0.350282 0.000000
vt  0.108589 -0.373820 0.000000
vt  0.077619 -0.343441 0.000000
vt  0.082761 -0.371501 0.000000
vt  0.082294 -0.398981 0.000000
vt  0.111393 -0.406518 0.000000
vt  0.133832 -0.374516 0.000000
vt  0.138857 -0.410228 0.000000
vt  0.168775 -0.389241 0.000000
vt  0.163282 -0.367906 0.000000
vt  0.188992 -0.332658 0.000000
vt  0.200796 -0.383792 0.000000
vt  0.201380 -0.361413 0.000000
vt  0.242400 -0.374632 0.000000
vt  0.234804 -0.391444 0.000000
vt  0.275240 -0.392952 0.000000
vt  0.263787 -0.407329 0.000000
vt  0.285290 -0.432838 0.000000
vt  0.306560 -0.424490 0.000000
vt  0.326310 -0.405590 0.000000
vt  0.284589 -0.380429 0.000000
vt  0.250230 -0.360718 0.000000
vt  0.228376 -0.346340 0.000000
vt  0.219144 -0.320831 0.000000
vt  0.197874 -0.296249 0.000000
vt  0.171463 -0.293582 0.000000
vt  0.165502 -0.292423 0.000000
vt  0.163983 -0.278045 0.000000
vt  0.170177 -0.275494 0.000000
vt  0.192615 -0.263204 0.000000
vt  0.159425 -0.260073 0.000000
vt  0.176020 -0.239550 0.000000
vt  0.147739 -0.226100 0.000000
vt  0.143999 -0.252420 0.000000
vt  0.155218 -0.265291 0.000000
vt  0.142830 -0.258798 0.000000
vt  0.145518 -0.275146 0.000000
vt  0.150660 -0.283147 0.000000
vt  0.138974 -0.279553 0.000000
vt  0.131261 -0.285350 0.000000
vt  0.125067 -0.290220 0.000000
vt  0.122496 -0.283843 0.000000
vt  0.126937 -0.278857 0.000000
vt  0.134065 -0.273175 0.000000
vt  0.140376 -0.270624 0.000000
vt  0.128806 -0.260421 0.000000
vt  0.116068 -0.269349 0.000000
vt  0.110575 -0.265407 0.000000
vt  0.126820 -0.254044 0.000000
vt  0.121795 -0.227491 0.000000
vt  0.064296 -0.305293 0.000000
vt  0.079606 -0.275726 0.000000
vt  0.062543 -0.269349 0.000000
vt  0.072594 -0.238854 0.000000
vt  0.094097 -0.243260 0.000000
vt  0.097253 -0.223665 0.000000
vt  0.085683 -0.216244 0.000000
vt  0.113964 -0.194329 0.000000
vt  0.120860 -0.210214 0.000000
vt  0.139091 -0.182850 0.000000
vt  0.144583 -0.205808 0.000000
vt  0.161529 -0.177053 0.000000
vt  0.167489 -0.209171 0.000000
vt  0.181046 -0.174154 0.000000
vt  0.188408 -0.205460 0.000000
vt  0.206756 -0.235723 0.000000
vt  0.214586 -0.264827 0.000000
vt  0.215989 -0.297525 0.000000
vt  0.235856 -0.316657 0.000000
vt  0.244153 -0.339615 0.000000
vt  0.257827 -0.351094 0.000000
vt  0.158958 -0.140760 0.000000
vt  0.250698 -0.331034 0.000000
vt  0.247075 -0.317468 0.000000
vt  0.235388 -0.297641 0.000000
vt  0.255372 -0.302511 0.000000
vt  0.239362 -0.266914 0.000000
vt  0.266591 -0.338571 0.000000
vt  0.291718 -0.372197 0.000000
vt  0.344074 -0.387038 0.000000
vt  0.337997 -0.367906 0.000000
vt  0.299080 -0.361413 0.000000
vt  0.335893 -0.346340 0.000000
vt  0.308079 -0.341586 0.000000
vt  0.284005 -0.323614 0.000000
vt  0.382756 -0.363268 0.000000
vt  0.372940 -0.353761 0.000000
vt  0.377380 -0.403155 0.000000
vt  0.396430 -0.373704 0.000000
vt  0.415946 -0.341934 0.000000
vt  0.407882 -0.335093 0.000000
vt  0.432307 -0.302627 0.000000
vt  0.396196 -0.325701 0.000000
vt  0.361487 -0.336136 0.000000
vt  0.334023 -0.330455 0.000000
vt  0.314039 -0.326976 0.000000
vt  0.296042 -0.311439 0.000000
vt  0.275473 -0.297409 0.000000
vt  0.260164 -0.267030 0.000000
vt  0.244270 -0.244883 0.000000
vt  0.224520 -0.216708 0.000000
vt  0.209444 -0.199315 0.000000
vt  0.203951 -0.174154 0.000000
vt  0.193550 -0.135775 0.000000
vt  0.184084 -0.110845 0.000000
vt  0.159192 -0.110381 0.000000
vt  0.161763 -0.082901 0.000000
vt  0.204886 -0.089395 0.000000
vt  0.168892 -0.060871 0.000000
vt  0.210262 -0.064117 0.000000
vt  0.243803 -0.067596 0.000000
vt  0.226623 -0.107715 0.000000
vt  0.213885 -0.146906 0.000000
vt  0.230246 -0.158733 0.000000
vt  0.223819 -0.175661 0.000000
vt  0.225922 -0.190619 0.000000
vt  0.235388 -0.202446 0.000000
vt  0.248945 -0.224824 0.000000
vt  0.273136 -0.218911 0.000000
vt  0.276291 -0.239086 0.000000
vt  0.278979 -0.271436 0.000000
vt  0.290198 -0.292539 0.000000
vt  0.300599 -0.309120 0.000000
vt  0.251399 -0.208359 0.000000
vt  0.235739 -0.129745 0.000000
vt  0.242985 -0.149225 0.000000
vt  0.294990 -0.292539 0.000000
vt  0.293120 -0.273871 0.000000
vt  0.293704 -0.248942 0.000000
vt  0.315558 -0.217519 0.000000
vt  0.293237 -0.206156 0.000000
vt  0.278979 -0.197692 0.000000
vt  0.266708 -0.206040 0.000000
vt  0.273720 -0.193518 0.000000
vt  0.264020 -0.200591 0.000000
vt  0.251866 -0.202098 0.000000
vt  0.239479 -0.197228 0.000000
vt  0.231882 -0.187836 0.000000
vt  0.230714 -0.175661 0.000000
vt  0.235856 -0.163371 0.000000
vt  0.245789 -0.155602 0.000000
vt  0.259346 -0.147254 0.000000
vt  0.263553 -0.126730 0.000000
vt  0.272902 -0.102845 0.000000
vt  0.284939 -0.080582 0.000000
vt  0.304573 -0.116527 0.000000
vt  0.317428 -0.095772 0.000000
vt  0.341619 -0.109222 0.000000
vt  0.329933 -0.135079 0.000000
vt  0.368382 -0.120469 0.000000
vt  0.352955 -0.154211 0.000000
vt  0.343139 -0.178212 0.000000
vt  0.304339 -0.162327 0.000000
vt  0.290082 -0.138673 0.000000
vt  0.276408 -0.154327 0.000000
vt  0.258645 -0.154211 0.000000
vt  0.250113 -0.163603 0.000000
vt  0.245789 -0.168588 0.000000
vt  0.242166 -0.176589 0.000000
vt  0.241232 -0.182850 0.000000
vt  0.246140 -0.186908 0.000000
vt  0.254204 -0.190387 0.000000
vt  0.260631 -0.191431 0.000000
vt  0.265072 -0.186445 0.000000
vt  0.279680 -0.181807 0.000000
vt  0.286692 -0.182734 0.000000
vt  0.303872 -0.184937 0.000000
vt  0.332621 -0.198040 0.000000
vt  0.285173 -0.167777 0.000000
vt  0.278862 -0.169748 0.000000
vt  0.271383 -0.159776 0.000000
vt  0.264838 -0.167893 0.000000
vt  0.256541 -0.164646 0.000000
vt  0.253035 -0.171255 0.000000
vt  0.249178 -0.179720 0.000000
vt  0.257827 -0.183430 0.000000
vt  0.268812 -0.178328 0.000000
vt  0.270097 -0.171951 0.000000
vt  0.261800 -0.174850 0.000000
vt  0.315792 -0.321990 0.000000
vt  0.333205 -0.324889 0.000000
vt  0.353189 -0.323266 0.000000
vt  0.380185 -0.314106 0.000000
vt  0.407181 -0.287785 0.000000
vt  0.421322 -0.294394 0.000000
vt  0.424828 -0.280132 0.000000
vt  0.437683 -0.278625 0.000000
vt  0.428100 -0.254971 0.000000
vt  0.416998 -0.268073 0.000000
vt  0.401221 -0.240477 0.000000
vt  0.392924 -0.249521 0.000000
vt  0.405195 -0.230274 0.000000
vt  0.364291 -0.208823 0.000000
vt  0.369901 -0.200359 0.000000
vt  0.357981 -0.222505 0.000000
vt  0.321285 -0.234912 0.000000
vt  0.307144 -0.255899 0.000000
vt  0.297795 -0.275378 0.000000
vt  0.313688 -0.292539 0.000000
vt  0.318129 -0.298452 0.000000
vt  0.326310 -0.304366 0.000000
vt  0.332971 -0.307728 0.000000
vt  0.350034 -0.318280 0.000000
vt  0.363123 -0.302395 0.000000
vt  0.368616 -0.305062 0.000000
vt  0.386379 -0.285814 0.000000
vt  0.376562 -0.258218 0.000000
vt  0.338815 -0.303206 0.000000
vt  0.344775 -0.294858 0.000000
vt  0.348164 -0.288249 0.000000
vt  0.338347 -0.288944 0.000000
vt  0.331569 -0.297641 0.000000
vt  0.323038 -0.290916 0.000000
vt  0.317078 -0.285814 0.000000
vt  0.323155 -0.277349 0.000000
vt  0.329933 -0.281987 0.000000
vt  0.335893 -0.275726 0.000000
vt  0.343489 -0.282567 0.000000
vt  0.359032 -0.267726 0.000000
vt  0.365460 -0.284307 0.000000
vt  0.371070 -0.283611 0.000000
vt  0.364291 -0.264595 0.000000
vt  0.350852 -0.238622 0.000000
vt  0.325609 -0.248130 0.000000
vt  0.343139 -0.255783 0.000000
vt  0.329115 -0.272596 0.000000
vt  0.310416 -0.259957 0.000000
vt  0.326310 -0.253464 0.000000
vt  0.345125 -0.250681 0.000000
vt  0.433242 -0.823706 0.000000
vt  0.447851 -0.814546 0.000000
vt  0.440722 -0.830663 0.000000
vt  0.435813 -0.842026 0.000000
vt  0.445981 -0.841910 0.000000
vt  0.447500 -0.835069 0.000000
vt  0.451123 -0.823706 0.000000
vt  0.466549 -0.812459 0.000000
vt  0.482326 -0.820227 0.000000
vt  0.490624 -0.833910 0.000000
vt  0.482794 -0.850490 0.000000
vt  0.478002 -0.861274 0.000000
vt  0.472860 -0.877507 0.000000
vt  0.478586 -0.890029 0.000000
vt  0.488403 -0.907886 0.000000
vt  0.470406 -0.912755 0.000000
vt  0.454278 -0.880753 0.000000
vt  0.468536 -0.868347 0.000000
vt  0.472276 -0.855940 0.000000
vt  0.473327 -0.848867 0.000000
vt  0.481625 -0.837504 0.000000
vt  0.475197 -0.827532 0.000000
vt  0.464212 -0.822430 0.000000
vt  0.453928 -0.832634 0.000000
vt  0.454278 -0.840751 0.000000
vt  0.455096 -0.850838 0.000000
vt  0.446682 -0.851534 0.000000
vt  0.449136 -0.858491 0.000000
vt  0.437450 -0.855244 0.000000
vt  0.425296 -0.840635 0.000000
vt  0.427516 -0.859419 0.000000
vt  0.438151 -0.873101 0.000000
vt  0.455564 -0.870086 0.000000
vt  0.465614 -0.858491 0.000000
vt  0.465030 -0.849911 0.000000
vt  0.472159 -0.839475 0.000000
vt  0.469938 -0.832866 0.000000
vt  0.463160 -0.831938 0.000000
vt  0.444578 -0.865216 0.000000
vt  0.464095 -0.839823 0.000000
vt  0.456148 -0.859419 0.000000
vt  0.793540 -0.412315 0.000000
vt  0.781737 -0.426925 0.000000
vt  0.788749 -0.432954 0.000000
vt  0.774141 -0.445825 0.000000
vt  0.770868 -0.438172 0.000000
vt  0.757078 -0.442346 0.000000
vt  0.756260 -0.427853 0.000000
vt  0.742937 -0.439100 0.000000
vt  0.757896 -0.450579 0.000000
vt  0.760233 -0.472841 0.000000
vt  0.786996 -0.468551 0.000000
vt  0.810252 -0.448376 0.000000
vt  0.819835 -0.415098 0.000000
vt  0.843325 -0.422519 0.000000
vt  0.848117 -0.393647 0.000000
vt  0.865062 -0.400141 0.000000
vt  0.787697 -0.393647 0.000000
vt  0.815979 -0.381589 0.000000
vt  0.784074 -0.357703 0.000000
vt  0.771686 -0.379965 0.000000
vt  0.749014 -0.351210 0.000000
vt  0.751118 -0.375907 0.000000
vt  0.733471 -0.381357 0.000000
vt  0.716292 -0.360486 0.000000
vt  0.719213 -0.395734 0.000000
vt  0.697243 -0.383560 0.000000
vt  0.694555 -0.344369 0.000000
vt  0.716409 -0.416721 0.000000
vt  0.724823 -0.433650 0.000000
vt  0.739431 -0.446636 0.000000
vt  0.796228 -0.490002 0.000000
vt  0.830937 -0.461826 0.000000
vt  0.858752 -0.429476 0.000000
vt  0.821705 -0.502177 0.000000
vt  0.850454 -0.476552 0.000000
vt  0.836664 -0.530352 0.000000
vt  0.811421 -0.523627 0.000000
vt  0.761636 -0.424258 0.000000
vt  0.842624 -0.516207 0.000000
vt  0.857933 -0.508438 0.000000
vt  0.858752 -0.533831 0.000000
vt  0.730783 -0.428664 0.000000
vt  0.724940 -0.415098 0.000000
vt  0.727044 -0.400257 0.000000
vt  0.737561 -0.388314 0.000000
vt  0.752170 -0.383444 0.000000
vt  0.767362 -0.386806 0.000000
vt  0.780101 -0.398053 0.000000
vt  0.785126 -0.412431 0.000000
vt  0.767362 -0.417765 0.000000
vt  0.755442 -0.419272 0.000000
vt  0.750300 -0.424722 0.000000
vt  0.743522 -0.418693 0.000000
vt  0.739782 -0.413243 0.000000
vt  0.742704 -0.407793 0.000000
vt  0.747963 -0.401184 0.000000
vt  0.748313 -0.413011 0.000000
vt  0.753338 -0.397590 0.000000
vt  0.759532 -0.400257 0.000000
vt  0.754273 -0.406054 0.000000
vt  0.761402 -0.412199 0.000000
vt  0.769933 -0.411967 0.000000
vt  0.766661 -0.406054 0.000000

vn  0.048998 0.393255 0.918123
vn  0.179989 0.278110 0.943535
vn  0.092260 0.290677 0.952363
vn  -0.013203 0.167429 0.985796
vn  0.144742 0.093804 0.985013
vn  0.060337 -0.037131 0.997487
vn  -0.037748 0.010923 0.999228
vn  -0.097998 -0.019661 0.994992
vn  -0.088616 -0.085100 0.992424
vn  -0.279263 -0.076390 0.957171
vn  -0.150456 0.010923 0.988557
vn  -0.018875 0.072032 0.997224
vn  0.056609 0.154492 0.986371
vn  0.082882 0.278110 0.956967
vn  0.039589 0.417221 0.907943
vn  0.131532 0.444818 0.885910
vn  -0.077254 0.487334 0.869792
vn  -0.005658 0.568894 0.822391
vn  -0.028287 0.483514 0.874880
vn  0.084689 0.517554 0.851449
vn  -0.001884 0.586724 0.809785
vn  0.075269 0.651854 0.754600
vn  -0.071507 0.607750 0.790903
vn  0.108844 0.751179 0.651063
vn  -0.026392 0.779295 0.626101
vn  0.086564 0.665007 0.741803
vn  -0.153065 0.779295 0.607676
vn  0.098784 0.916832 0.386859
vn  -0.124098 0.916832 0.379497
vn  -0.306442 0.863465 0.400651
vn  -0.277467 0.953589 0.116962
vn  -0.171389 0.958706 0.226956
vn  -0.110971 0.990841 0.076945
vn  -0.155367 0.980732 -0.118431
vn  -0.104407 0.994507 -0.007467
vn  0.003721 0.990841 -0.134986
vn  -0.162116 0.968059 -0.191257
vn  -0.234430 0.971263 -0.041124
vn  -0.334960 0.916832 -0.217301
vn  -0.381732 0.920287 -0.085751
vn  -0.456884 0.856780 -0.239136
vn  -0.268531 -0.002185 0.963269
vn  0.120408 0.397268 0.909769
vn  -0.272065 0.959939 0.067058
vn  -0.313315 0.934957 0.166403
vn  -0.405531 0.913308 0.037578
vn  -0.492643 0.863465 -0.108306
vn  -0.434878 0.845310 -0.310375
vn  -0.402890 0.909715 -0.100495
vn  -0.508120 0.861253 0.007530
vn  -0.486221 0.865661 0.119247
vn  -0.423212 0.892686 0.154927
vn  -0.271574 0.962351 0.011282
vn  -0.055250 0.985516 0.160330
vn  -0.350719 0.921987 0.164120
vn  -0.177908 0.943935 0.278093
vn  -0.510259 0.859024 -0.041386
vn  -0.544125 0.823652 0.159770
vn  -0.461730 0.878487 0.122747
vn  -0.118823 0.989623 -0.080797
vn  -0.177867 0.890709 -0.418331
vn  -0.546543 0.684356 -0.482646
vn  -0.524236 0.756919 -0.390192
vn  -0.631963 0.645202 -0.429345
vn  -0.475876 0.709420 -0.519870
vn  -0.606897 0.590257 -0.532234
vn  -0.752479 0.502521 -0.425732
vn  -0.729295 0.452627 -0.513087
vn  -0.818408 0.328069 -0.471782
vn  -0.852901 0.360882 -0.377259
vn  -0.896775 0.197500 -0.395965
vn  -0.863605 0.206059 -0.460136
vn  -0.848374 0.080746 -0.523203
vn  -0.811834 0.218868 -0.541315
vn  -0.781964 -0.037131 -0.622217
vn  -0.696305 0.010923 -0.717663
vn  -0.683644 -0.167429 -0.710351
vn  -0.615069 -0.244371 -0.749649
vn  -0.663536 -0.340423 -0.666207
vn  -0.588809 -0.517553 -0.620840
vn  -0.661672 -0.421188 -0.620316
vn  -0.633658 -0.576059 -0.516366
vn  -0.597440 -0.475846 -0.645473
vn  -0.591582 -0.299027 -0.748741
vn  -0.610506 -0.687535 -0.393164
vn  -0.662912 -0.655161 -0.362369
vn  -0.727949 -0.661738 -0.179423
vn  -0.728647 -0.547141 -0.411959
vn  -0.839720 -0.502521 -0.205775
vn  -0.764003 -0.645202 0.003780
vn  -0.841978 -0.536122 0.060392
vn  -0.735963 -0.658456 0.157463
vn  -0.706396 -0.645202 0.291065
vn  -0.616889 -0.742462 0.261147
vn  -0.712018 -0.645202 0.277029
vn  -0.588296 -0.727651 0.352749
vn  -0.702353 -0.607750 0.370594
vn  -0.664408 -0.590257 0.458431
vn  -0.557254 -0.648534 0.518528
vn  -0.597901 -0.539805 0.592558
vn  -0.700285 -0.510057 0.499444
vn  -0.694472 -0.448727 0.562453
vn  -0.623223 -0.440900 0.645910
vn  -0.631710 -0.344528 0.694437
vn  -0.744110 -0.344528 0.572364
vn  -0.786526 -0.448727 0.424290
vn  -0.797822 -0.521287 0.302885
vn  -0.823016 -0.543478 0.165153
vn  -0.855864 -0.405272 0.321326
vn  -0.854589 -0.319801 0.409152
vn  -0.772199 -0.218868 0.596494
vn  -0.617672 -0.206059 0.758960
vn  -0.707876 -0.058953 0.703873
vn  -0.635688 -0.050227 0.770310
vn  -0.496923 -0.171735 0.850632
vn  -0.549117 -0.024029 0.835400
vn  -0.444536 0.006554 0.895737
vn  -0.538080 0.050227 0.841396
vn  -0.415310 0.089453 0.905271
vn  -0.377257 -0.111189 0.919410
vn  -0.616470 0.028397 0.786866
vn  -0.679323 0.041497 0.732665
vn  -0.631772 -0.132872 0.763681
vn  -0.718262 -0.303194 0.626238
vn  -0.817390 -0.381169 0.431953
vn  -0.914684 -0.273910 0.297199
vn  -0.901266 -0.381169 0.205985
vn  -0.867147 -0.433040 0.246032
vn  -0.769432 -0.631751 0.094157
vn  -0.667737 -0.730641 -0.142447
vn  -0.741910 -0.558065 -0.371662
vn  -0.713328 -0.452627 -0.535062
vn  -0.737170 -0.278110 -0.615820
vn  -0.788796 -0.072032 -0.610420
vn  -0.864399 0.093804 -0.493978
vn  -0.896607 0.311509 -0.314736
vn  -0.936602 0.145852 -0.318597
vn  -0.876543 -0.471999 -0.094281
vn  -0.932611 -0.360882 -0.000000
vn  -0.971421 -0.235888 0.026413
vn  -0.996556 -0.080746 -0.018885
vn  -0.976632 0.111189 0.183920
vn  -0.956245 -0.163120 0.242872
vn  -0.873346 -0.444818 0.198505
vn  -0.996621 -0.076390 -0.030187
vn  -0.967546 0.248605 -0.045288
vn  -0.987676 0.054590 -0.146687
vn  -0.946976 0.102500 -0.304516
vn  -0.788737 -0.583180 -0.194406
vn  -0.851744 -0.521287 -0.052831
vn  -0.921318 -0.385205 0.052820
vn  -0.787180 -0.106846 -0.607397
vn  -0.867933 0.045863 -0.494560
vn  -0.741952 0.286493 -0.606159
vn  -0.883262 0.319801 -0.342892
vn  -0.892355 -0.006554 -0.451287
vn  -0.679635 0.028397 -0.733001
vn  -0.598129 -0.282304 -0.750030
vn  -0.749653 -0.269705 -0.604384
vn  -0.975461 -0.193215 0.105564
vn  -0.945816 -0.171735 0.275571
vn  -0.971748 -0.193215 0.135553
vn  -0.966384 -0.167429 0.195114
vn  -0.904341 -0.348627 0.246226
vn  -0.970922 -0.223129 0.086735
vn  -0.924966 -0.145852 0.350949
vn  -0.969108 -0.093804 0.228103
vn  -0.982041 0.019661 0.187642
vn  -0.999884 -0.002185 0.015103
vn  -0.992593 0.015292 0.120523
vn  -0.997983 -0.019661 0.060367
vn  -0.976343 0.085100 0.198778
vn  -0.997498 -0.019661 0.067902
vn  -0.743714 -0.448727 -0.495514
vn  -0.537371 -0.525011 -0.659997
vn  -0.761254 -0.425147 -0.489636
vn  -0.865964 -0.494946 -0.071656
vn  -0.608000 -0.668264 -0.428671
vn  -0.756474 -0.547141 -0.358308
vn  -0.695735 -0.703234 -0.146338
vn  -0.767932 -0.635132 0.082993
vn  -0.804476 -0.547141 -0.231204
vn  -0.988213 0.089453 -0.124232
vn  -0.967869 0.248605 -0.037744
vn  -0.988652 0.150174 -0.003774
vn  -0.966504 0.193215 -0.168931
vn  -0.959504 0.265495 -0.094148
vn  -0.948078 0.311509 0.064110
vn  -0.969702 0.214603 0.116720
vn  -0.967325 0.252835 0.018878
vn  -0.967046 0.176038 0.183936
vn  -0.579053 -0.171735 0.796998
vn  -0.533159 0.072032 0.842943
vn  -0.527209 0.364954 0.767372
vn  -0.599058 0.579625 0.552416
vn  -0.860062 -0.197500 0.470411
vn  -0.805777 -0.171735 0.566771
vn  -0.750635 -0.067674 0.657242
vn  -0.581705 0.054590 0.811566
vn  -0.673973 0.150174 0.723332
vn  -0.590521 0.128540 0.796720
vn  -0.537454 0.115530 0.835342
vn  -0.468610 0.214603 0.856942
vn  -0.540883 0.240131 0.806091
vn  -0.638332 0.269705 0.720966
vn  -0.626373 0.286493 0.724968
vn  -0.730392 0.067674 0.679667
vn  -0.968551 0.235888 -0.079160
vn  -0.875618 0.479685 0.056525
vn  -0.712070 0.614666 0.339326
vn  -0.936603 0.201782 -0.286458
vn  -0.917188 0.307354 -0.253575
vn  -0.796206 0.604274 -0.030151
vn  -0.708457 0.635132 0.307727
vn  -0.582512 0.586724 0.562525
vn  -0.386777 0.448727 0.805635
vn  -0.484449 0.098153 0.869296
vn  -0.545283 -0.180338 0.818624
vn  -0.664825 -0.377126 0.644812
vn  -0.922604 0.273910 0.271616
vn  -0.889390 0.429097 0.157675
vn  -0.898600 0.360882 0.249563
vn  -0.904500 0.393255 0.165019
vn  -0.964273 0.223129 0.142798
vn  -0.988125 0.124206 -0.090449
vn  -0.932521 0.176038 -0.315302
vn  -0.842326 0.307354 -0.442742
vn  -0.708087 0.479685 -0.518184
vn  -0.549815 0.332193 -0.766388
vn  -0.744633 0.045863 -0.665897
vn  -0.887597 -0.180338 -0.423850
vn  -0.818729 0.137202 0.557548
vn  -0.824223 0.389233 -0.411282
vn  -0.697423 0.521287 -0.491793
vn  -0.316366 0.641857 -0.698521
vn  -0.601847 0.668264 -0.437268
vn  -0.535657 0.798095 -0.275893
vn  -0.646572 0.558065 0.520104
vn  -0.851562 0.269705 0.449556
vn  -0.971574 0.063314 0.228113
vn  -0.810561 0.180338 0.557198
vn  -0.651534 0.539805 0.533023
vn  -0.475871 0.756919 0.447907
vn  -0.463737 0.759767 0.455743
vn  -0.935110 0.223129 -0.275288
vn  -0.961717 -0.265495 -0.067923
vn  -0.937773 -0.137202 0.318996
vn  -0.962629 0.244371 0.116738
vn  -0.983841 0.154492 -0.090497
vn  -0.331477 0.915079 0.229681
vn  -0.216960 0.934957 0.280686
vn  -0.268209 0.957454 -0.106515
vn  -0.289129 0.880566 -0.375510
vn  -0.865399 0.409263 0.289117
vn  -0.784178 0.128540 0.607076
vn  -0.865554 0.381169 0.324848
vn  -0.832431 0.491145 0.256583
vn  -0.842680 0.377126 0.384273
vn  -0.795257 0.498738 0.344714
vn  -0.848554 0.340423 0.405053
vn  -0.779063 -0.452627 0.433808
vn  -0.561879 -0.460402 0.687257
vn  -0.841388 -0.089453 0.532977
vn  -0.942737 -0.050227 0.329735
vn  -0.916518 0.171735 0.361251
vn  -0.956368 0.273910 -0.101656
vn  -0.993589 0.002185 -0.113036
vn  -0.945732 -0.307354 -0.105473
vn  -0.881149 -0.429097 0.198625
vn  -0.765682 -0.471999 0.436976
vn  -0.995894 0.002185 -0.090499
vn  -0.967325 -0.252835 0.018878
vn  -0.747387 0.214603 0.628775
vn  -0.794405 0.323938 0.513794
vn  -0.882608 -0.413246 0.224121
vn  -0.701868 0.460402 0.543517
vn  -0.739387 0.311509 0.596882
vn  -0.578896 0.397268 0.712079
vn  -0.470042 0.352718 0.809105
vn  -0.495989 0.494946 0.713459
vn  -0.411057 0.413246 0.812564
vn  -0.418385 0.356804 0.835252
vn  -0.788481 0.352719 0.503872
vn  -0.785748 0.491145 0.376002
vn  -0.789490 0.554434 0.263265
vn  -0.668286 0.471999 0.574988
vn  -0.659400 0.393255 0.640736
vn  -0.719366 0.498738 0.483500
vn  -0.790865 0.444818 0.420321
vn  -0.721162 0.593778 0.356865
vn  -0.801470 0.561686 0.205315
vn  -0.691397 0.661738 0.289955
vn  -0.719831 0.576059 0.387297
vn  -0.573444 0.444818 0.687967
vn  -0.744479 0.561686 0.360915
vn  -0.406880 0.706334 -0.579259
vn  -0.301916 0.674740 -0.673479
vn  -0.289129 0.880566 -0.375510
vn  -0.263309 0.959939 -0.095837
vn  -0.697908 0.715552 -0.030157
vn  -0.824466 0.565295 0.026401
vn  -0.970064 0.072033 0.231921
vn  -0.999285 0.002185 -0.037750
vn  -0.998582 -0.006554 -0.052838
vn  -0.846429 0.506293 -0.164999
vn  -0.717006 0.661738 -0.219101
vn  -0.587817 0.448727 -0.673138
vn  -0.767560 0.218868 -0.602452
vn  -0.909513 -0.085100 -0.406870
vn  -0.923988 0.072033 -0.375577
vn  -0.766295 0.240131 -0.595927
vn  -0.594231 0.452627 -0.664844
vn  -0.623960 0.727651 0.284953
vn  -0.355956 0.739528 0.571309
vn  -0.583586 0.754056 0.301374
vn  -0.626148 0.745382 0.228790
vn  -0.707518 0.706334 0.022612
vn  -0.500326 0.859025 0.108401
vn  -0.707615 0.651854 0.272705
vn  -0.696172 0.572482 0.433139
vn  -0.588350 0.561686 0.581681
vn  -0.426261 0.405272 0.808737
vn  -0.376608 0.539805 0.752846
vn  -0.304782 0.452627 0.837995
vn  -0.370039 0.517554 0.771498
vn  -0.479307 0.360882 0.800018
vn  -0.509900 0.171735 0.842917
vn  -0.424057 0.019661 0.905422
vn  -0.253938 0.010923 0.967159
vn  -0.338610 0.085100 0.937071
vn  -0.387237 0.214603 0.896657
vn  -0.405376 0.315658 0.857922
vn  0.191266 0.124206 0.973648
vn  0.226218 0.303193 0.925689
vn  0.146367 0.464277 0.873512
vn  -0.043330 0.583180 0.811186
vn  0.279273 0.558065 0.781390
vn  0.302242 0.311509 0.900895
vn  0.271915 0.080746 0.958928
vn  -0.067868 0.336311 0.939302
vn  0.011315 0.648534 0.761102
vn  -0.233653 0.665007 0.709346
vn  -0.234085 0.600787 0.764368
vn  -0.485423 0.611214 0.625126
vn  -0.396999 0.517554 0.757978
vn  -0.262473 0.352719 0.898163
vn  -0.284622 0.150174 0.946804
vn  -0.082936 0.141528 0.986454
vn  0.189493 -0.188926 0.963535
vn  0.058447 -0.063314 0.996281
vn  -0.336867 0.417221 0.844066
vn  -0.197910 0.593778 0.779910
vn  -0.183476 0.506293 0.842617
vn  -0.259291 0.597288 0.758956
vn  -0.198194 0.506293 0.839277
vn  -0.153448 0.681163 0.715870
vn  0.129069 0.795454 0.592110
vn  0.005655 0.641857 0.766803
vn  -0.207368 0.483514 0.850419
vn  -0.109280 -0.154492 0.981932
vn  -0.084854 -0.223130 0.971089
vn  -0.317154 -0.210333 0.924756
vn  -0.281045 -0.132872 0.950452
vn  -0.457996 -0.010923 0.888887
vn  -0.560912 -0.141528 0.815688
vn  -0.608568 0.128540 0.783021
vn  -0.582850 0.369018 0.723956
vn  -0.515111 0.340423 0.786621
vn  -0.532705 0.154492 0.832080
vn  0.802193 -0.076390 0.592157
vn  0.715420 -0.290677 0.635359
vn  0.844680 -0.076390 0.529792
vn  0.715499 -0.360882 0.598185
vn  0.653763 -0.119869 0.747144
vn  0.607585 -0.257060 0.751505
vn  0.723517 -0.154492 0.672797
vn  0.730264 -0.290677 0.618241
vn  0.660626 -0.389234 0.641927
vn  0.797403 -0.336311 0.501042
vn  0.765100 -0.510056 0.393019
vn  0.851312 -0.352719 0.388404
vn  0.796789 -0.491145 0.351999
vn  0.888168 -0.344528 0.304068
vn  0.839162 -0.124206 0.529509
vn  0.668180 -0.041497 0.742841
vn  0.454273 -0.311509 0.834624
vn  0.528370 -0.528725 0.664286
vn  0.292075 -0.558065 0.776695
vn  0.349297 -0.433040 0.830944
vn  0.165232 -0.348627 0.922582
vn  0.379669 0.475846 0.793361
vn  0.167001 0.405272 0.898813
vn  0.547546 -0.409263 0.729861
vn  -0.015100 0.218868 0.975638
vn  -0.052839 -0.002185 0.998601
vn  -0.187678 0.002185 0.982228
vn  -0.124131 0.269705 0.954909
vn  0.016972 0.568894 0.822236
vn  0.334794 0.093804 0.937611
vn  0.362866 0.550793 0.751635
vn  0.281273 -0.106846 0.953661
vn  0.510508 0.037131 0.859071
vn  0.460624 -0.158808 0.873273
vn  0.769206 -0.311509 0.557928
vn  0.846250 -0.054590 0.529982
vn  0.789037 -0.067674 0.610606
vn  0.750531 0.193215 0.631959
vn  -0.015100 0.019661 0.999693
vn  0.047159 0.214603 0.975562
vn  0.722888 -0.269705 0.636154
vn  0.836183 0.294855 0.462450
vn  0.597605 0.468142 0.650931
vn  0.581148 0.413246 0.701067
vn  0.041541 -0.180338 0.982727
vn  0.028322 -0.468142 0.883199
vn  -0.141036 -0.214603 0.966465
vn  -0.255565 0.063314 0.964716
vn  -0.126009 0.319801 0.939068
vn  -0.013203 0.167429 0.985796
vn  -0.037748 0.010923 0.999228
vn  0.016993 -0.128540 0.991559
vn  0.079220 -0.265495 0.960852
vn  0.114863 -0.303194 0.945981
vn  0.233498 -0.381169 0.894533
vn  0.327186 -0.356804 0.875009
vn  0.425403 -0.093804 0.900129
vn  -0.097998 -0.019661 0.994992
vn  0.185752 -0.201782 0.961655
vn  0.489723 -0.257060 0.833121
vn  0.666891 -0.214603 0.713584
vn  0.784945 -0.252835 0.565629
vn  0.821250 -0.425147 0.380525
vn  0.802900 -0.586724 0.105386
vn  0.714109 -0.628358 0.308570
vn  0.613431 -0.733618 0.292417
vn  0.633183 -0.771014 0.067944
vn  0.420405 -0.892686 0.162389
vn  0.476342 -0.821166 0.314301
vn  0.188922 -0.930226 0.314623
vn  0.322766 -0.890709 0.320094
vn  0.174201 -0.861253 0.477385
vn  0.172310 -0.913308 0.369022
vn  0.013216 -0.872149 0.489062
vn  0.000000 -0.918568 0.395262
vn  -0.113907 -0.892686 0.436046
vn  -0.239275 -0.838234 0.490011
vn  -0.251397 -0.900427 0.355009
vn  -0.116432 -0.821166 0.558686
vn  0.009452 -0.808503 0.588416
vn  0.153217 -0.800720 0.579113
vn  -0.451833 -0.818664 0.354451
vn  -0.409476 -0.776550 0.478853
vn  -0.588296 -0.727651 0.352749
vn  -0.557254 -0.648534 0.518528
vn  -0.474343 -0.771014 0.424895
vn  -0.683924 -0.607750 0.403593
vn  -0.597901 -0.539805 0.592558
vn  -0.759296 -0.417221 0.499397
vn  -0.623223 -0.440900 0.645910
vn  -0.742551 -0.240131 0.625264
vn  -0.631710 -0.344528 0.694437
vn  -0.635215 -0.063314 0.769736
vn  -0.617672 -0.206059 0.758960
vn  -0.496923 -0.171735 0.850632
vn  -0.437767 0.002185 0.899086
vn  -0.334605 -0.244371 0.910122
vn  -0.377257 -0.111189 0.919410
vn  -0.239308 -0.137202 0.961201
vn  -0.268531 -0.002185 0.963269
vn  -0.159691 -0.150174 0.975678
vn  -0.251819 -0.235888 0.938586
vn  -0.293441 -0.299027 0.908006
vn  -0.204367 -0.045863 0.977819
vn  -0.009440 -0.176038 0.984338
vn  -0.242752 -0.340423 0.908396
vn  -0.180079 -0.373076 0.910157
vn  -0.183920 -0.265495 0.946407
vn  -0.107389 -0.294855 0.949489
vn  -0.092375 -0.223130 0.970402
vn  -0.024541 -0.176038 0.984077
vn  0.049075 -0.265495 0.962862
vn  0.073540 -0.244371 0.966889
vn  0.114907 -0.286493 0.951167
vn  0.157805 -0.373076 0.914282
vn  0.258627 -0.440900 0.859488
vn  0.264035 -0.452627 0.851712
vn  0.047154 -0.405273 0.912979
vn  0.320049 -0.369018 0.872579
vn  0.610278 -0.779295 0.142337
vn  0.378408 -0.906051 0.189417
vn  0.210790 -0.921987 0.324819
vn  0.084745 -0.838234 0.538685
vn  0.005669 -0.677958 0.735079
vn  -0.157900 -0.874278 0.459026
vn  0.122729 -0.954896 0.270392
vn  0.353811 -0.928614 0.111777
vn  0.341283 -0.724647 0.598676
vn  -0.109112 -0.674740 0.729946
vn  0.615216 -0.784742 -0.075433
vn  0.543003 -0.703234 0.458922
vn  0.418712 -0.539805 0.730268
vn  0.799500 -0.579625 0.157587
vn  0.209279 -0.517554 0.829663
vn  0.000000 -0.661738 0.749735
vn  0.198255 -0.565296 0.800710
vn  0.194781 -0.483514 0.853390
vn  0.152228 -0.506293 0.848819
vn  0.150178 -0.614666 0.774359
vn  0.146287 -0.709420 0.689437
vn  0.011341 -0.727651 0.685854
vn  0.026426 -0.641857 0.766369
vn  -0.139090 -0.611214 0.779148
vn  0.033975 -0.521287 0.852705
vn  0.135436 -0.373076 0.917862
vn  0.054730 -0.286493 0.956518
vn  -0.039637 -0.294855 0.954720
vn  -0.088620 -0.381169 0.920248
vn  0.047190 -0.381169 0.923300
vn  -0.141057 -0.506293 0.850747
vn  0.096131 -0.645202 0.757940
vn  0.009452 -0.808503 0.588416
vn  -0.054728 -0.765420 0.641200
vn  0.077299 -0.600787 0.795663
vn  0.126181 -0.397268 0.908986
vn  -0.166546 -0.693855 0.700591
vn  0.039650 -0.847636 0.529094
vn  0.205861 -0.784742 0.584638
vn  0.157355 -0.661738 0.733036
vn  0.876753 -0.389234 0.282491
vn  0.819911 -0.565295 0.090481
vn  0.615620 -0.517554 0.594264
vn  0.907414 -0.340423 0.246400
vn  0.895498 -0.024029 0.444417
vn  0.834109 -0.210333 0.509924
vn  0.294149 -0.859025 0.418991
vn  0.480258 -0.826122 0.294746
vn  0.632292 -0.748288 0.200680
vn  0.749237 -0.618107 0.237883
vn  0.060357 -0.517554 0.853519
vn  -0.024558 -0.448727 0.893331
vn  0.109281 -0.119869 0.986757
vn  0.259120 -0.323938 0.909902
vn  0.484330 -0.137202 0.864060
vn  0.442459 -0.063314 0.894551
vn  0.685060 -0.032765 0.727750
vn  0.673422 -0.102500 0.732118
vn  -0.052839 -0.002185 0.998601
vn  -0.231571 -0.336311 0.912836
vn  -0.187678 0.002185 0.982228
vn  -0.005666 -0.231639 0.972785
vn  0.802193 -0.076390 0.592157
vn  0.760540 0.145852 0.632698
vn  0.827215 0.188926 0.529171
vn  0.844680 -0.076390 0.529792
vn  0.281273 -0.106846 0.953661
vn  0.066073 -0.510057 0.857599
vn  0.460624 -0.158808 0.873273
vn  0.141114 -0.429097 0.892167
vn  0.614721 0.328069 0.717279
vn  0.310399 -0.483514 0.818454
vn  0.298524 -0.586724 0.752754
vn  0.580721 -0.590257 0.560679
vn  0.769206 -0.311509 0.557928
vn  0.722888 -0.269705 0.636154
vn  0.532865 -0.433040 0.727002
vn  0.191023 0.369018 0.909580
vn  0.393940 0.409263 0.822992
vn  0.047159 0.214603 0.975562
vn  -0.126009 0.319801 0.939068
vn  0.097824 0.494946 0.863400
vn  0.092260 0.290677 0.952363
vn  0.198645 0.299027 0.933340
vn  0.048998 0.393255 0.918123
vn  0.120408 0.397268 0.909769
vn  0.030192 0.307354 0.951116
vn  -0.103452 0.525011 0.844785
vn  0.084689 0.517554 0.851449
vn  0.075269 0.651854 0.754600
vn  -0.060186 0.745382 0.663915
vn  0.108844 0.751179 0.651063
vn  0.086043 0.886702 0.454264
vn  0.086564 0.665007 0.741803
vn  -0.013203 0.167429 0.985796
vn  0.172199 0.833437 0.525101
vn  0.069613 0.721629 0.688771
vn  0.065955 0.550793 0.832032
vn  0.165202 0.385205 0.907924
vn  0.228318 0.067674 0.971232
vn  0.266158 0.282304 0.921664
vn  0.379470 0.561686 0.735195
vn  0.666155 0.409263 0.623491
vn  0.635593 0.158808 0.755514
vn  0.668295 0.037131 0.742969
vn  0.653763 -0.119869 0.747144
vn  0.701705 -0.010923 0.712384
vn  0.723517 -0.154492 0.672797
vn  0.534077 -0.150174 0.831991
vn  0.660626 -0.389234 0.641927
vn  0.712180 -0.323938 0.622786
vn  0.765100 -0.510056 0.393019
vn  0.805246 -0.417221 0.421313
vn  0.791536 0.494946 0.358468
vn  0.909426 0.393255 0.135258
vn  0.720151 0.624953 0.301359
vn  0.810629 0.583180 -0.052738
vn  0.918484 0.201782 0.340104
vn  0.948637 0.282304 -0.142802
vn  0.980390 -0.028397 -0.195012
vn  0.950423 -0.063314 0.304447
vn  0.888115 -0.405272 -0.216808
vn  0.823461 -0.554434 0.120478
vn  0.887670 -0.417221 0.194857
vn  0.973541 -0.227387 0.022659
vn  0.998544 0.010923 -0.052836
vn  0.974760 0.223129 -0.007543
vn  0.634676 -0.132872 0.761270
vn  0.613401 0.072032 0.786480
vn  0.518344 0.093804 0.850012
vn  0.673719 0.098153 0.732440
vn  0.615946 0.193215 0.763727
vn  0.542439 0.235888 0.806298
vn  0.376781 0.252835 0.891129
vn  0.484245 -0.041497 0.873948
vn  0.696212 -0.019661 0.717567
vn  0.692754 0.252835 0.675400
vn  0.601184 0.344528 0.721026
vn  0.663020 0.278110 0.695024
vn  0.733607 0.440900 0.517134
vn  0.678568 0.506293 0.532177
vn  0.773797 0.389233 0.499735
vn  0.832414 0.141528 0.535776
vn  0.888296 0.344528 0.303693
vn  0.719956 0.568894 0.397521
vn  0.810116 0.558065 0.179652
vn  0.617385 0.762601 0.193069
vn  0.753341 0.568894 0.329904
vn  0.827440 0.393255 0.400866
vn  0.794530 0.235888 0.559535
vn  0.684340 0.167429 0.709680
vn  0.518153 0.163120 0.839589
vn  0.327438 0.235888 0.914954
vn  0.544789 0.771014 0.329760
vn  0.708649 0.600787 0.369962
vn  0.787362 0.417221 0.453858
vn  0.774217 0.286493 0.564366
vn  0.656148 0.193215 0.729478
vn  0.360103 0.845310 0.394686
vn  0.330394 0.904194 0.270692
vn  0.323559 0.621536 0.713444
vn  0.581361 0.590257 0.560015
vn  0.343844 0.638501 0.688541
vn  0.116317 0.706334 0.698257
vn  -0.114117 0.808503 0.577322
vn  -0.153065 0.779295 0.607676
vn  -0.306442 0.863465 0.400651
vn  -0.242502 0.892686 0.379873
vn  -0.230144 0.961155 0.152367
vn  0.513405 0.790128 0.334832
vn  -0.117790 0.990241 -0.074486
vn  -0.155367 0.980732 -0.118431
vn  -0.277467 0.953589 0.116962
vn  0.598085 0.706334 0.378664
vn  0.511065 0.845310 0.155767
vn  0.428708 0.902319 0.045059
vn  0.346578 0.938021 0.000000
vn  0.348805 0.900427 -0.259937
vn  0.033803 0.939526 -0.340804
vn  0.160790 0.986960 -0.007489
vn  0.585575 0.798095 -0.141941
vn  0.765898 0.641857 0.037685
vn  0.707129 0.614666 0.349506
vn  0.456653 0.768224 0.448664
vn  0.108125 0.972293 -0.207255
vn  0.081264 0.963530 -0.254963
vn  0.003721 0.990841 -0.134986
vn  0.166211 0.978087 -0.125379
vn  0.379504 0.894647 -0.235760
vn  0.361864 0.928614 -0.082042
vn  0.473864 0.880566 0.007538
vn  0.594501 0.790128 -0.149218
vn  0.543471 0.826122 0.148872
vn  0.729647 0.681163 0.060261
vn  0.617549 0.727651 0.298591
vn  0.722478 0.604274 0.335973
vn  0.589338 0.742462 0.318482
vn  0.496829 0.145852 0.855504
vn  0.728056 -0.015292 0.685347
vn  0.831621 0.206059 0.515701
vn  0.843661 0.385205 0.373969
vn  0.769088 0.611214 0.186873
vn  0.434540 0.872149 0.224792
vn  0.574937 0.561686 0.594942
vn  0.571091 0.401274 0.716125
vn  0.497551 0.032765 0.866816
vn  0.343617 0.184634 0.920781
vn  0.178155 0.352719 0.918613
vn  0.073467 0.536122 0.840938
vn  0.007549 0.240131 0.970711
vn  0.289976 0.106846 0.951051
vn  0.386313 0.468142 0.794736
vn  0.398417 0.631751 0.664947
vn  0.546233 0.795454 0.262454
vn  0.370288 0.842967 0.390248
vn  0.197396 0.818664 0.539281
vn  -0.028271 0.517554 0.855184
vn  -0.018852 0.715552 0.698305
vn  0.045111 0.892686 0.448415
vn  0.058370 0.700121 0.711634
vn  0.337108 0.880566 0.333110
vn  0.860438 0.429097 0.274812
vn  0.942128 0.315658 0.112933
vn  0.452473 0.712493 -0.536304
vn  0.335848 0.874278 -0.350491
vn  0.317242 0.941014 -0.117687
vn  0.221130 0.971263 -0.088036
vn  0.152788 0.933398 0.324692
vn  0.365486 0.911520 0.188550
vn  0.967860 0.231639 -0.097932
vn  0.749626 0.119869 0.650917
vn  0.752513 0.561686 0.343850
vn  0.627609 0.464277 -0.624943
vn  0.283186 0.665007 -0.691065
vn  0.574387 0.425147 -0.699521
vn  0.700199 0.668264 -0.251286
vn  0.755202 0.171735 -0.632595
vn  0.856676 0.483514 -0.179778
vn  0.676309 0.736580 -0.007535
vn  0.419473 0.748288 0.513914
vn  0.484364 0.759767 0.433757
vn  0.258815 0.886702 -0.383111
vn  0.608874 0.498738 0.616874
vn  0.832460 0.550793 0.060312
vn  0.764620 0.080746 0.639403
vn  0.643072 0.565295 0.516623
vn  0.818206 0.405273 -0.407790
vn  0.924486 0.278110 -0.260732
vn  0.967563 -0.235888 -0.090438
vn  0.895832 -0.171735 -0.409867
vn  0.726058 0.063314 -0.684712
vn  0.463036 0.360882 -0.809544
vn  0.692979 0.536122 -0.482031
vn  0.248129 0.631751 -0.734386
vn  0.591593 0.677958 -0.436337
vn  0.512744 0.811067 -0.281540
vn  0.850240 0.273910 0.449517
vn  0.974359 0.058953 0.217138
vn  0.958590 -0.032765 0.282898
vn  0.993558 -0.106846 -0.037761
vn  0.885911 -0.188926 -0.423638
vn  0.998971 0.002185 -0.045296
vn  0.475586 0.874278 -0.097239
vn  0.108114 0.886702 -0.449522
vn  0.449863 0.677958 -0.581374
vn  0.619480 0.468142 -0.630148
vn  0.813141 0.244371 -0.528285
vn  0.933236 0.058953 -0.354395
vn  0.992024 0.037131 -0.120454
vn  0.934170 -0.106846 0.340457
vn  0.837875 0.319801 0.442372
vn  0.970010 0.154492 0.187653
vn  0.911330 0.340423 0.231497
vn  0.973944 0.176038 0.142980
vn  0.982691 0.184634 0.015098
vn  0.969573 0.193215 -0.150318
vn  0.927689 0.206059 -0.311340
vn  0.879124 0.218868 -0.423364
vn  0.783360 0.369018 -0.500173
vn  0.704969 0.513810 -0.488895
vn  0.589260 0.658456 -0.468197
vn  0.981336 0.098153 -0.165368
vn  0.937196 0.124206 -0.325940
vn  0.566599 0.600787 -0.563933
vn  0.673235 0.479685 -0.562723
vn  0.729055 0.352719 -0.586573
vn  0.822170 0.227387 -0.521854
vn  0.756115 0.227387 -0.613665
vn  0.807837 0.063314 -0.585995
vn  0.744059 0.085100 -0.662671
vn  0.765132 -0.072032 -0.639832
vn  0.690536 -0.032765 -0.722556
vn  0.728089 -0.180338 -0.661335
vn  0.651072 -0.188926 -0.735127
vn  0.629259 -0.332193 -0.702624
vn  0.723834 -0.294855 -0.623799
vn  0.803052 -0.106846 -0.586252
vn  0.875197 0.076390 -0.477698
vn  0.779987 0.240131 -0.577890
vn  0.880719 0.344528 -0.325015
vn  0.957815 0.286493 -0.022629
vn  0.999969 0.002185 0.007552
vn  0.992707 0.002185 0.120536
vn  0.994992 -0.019661 -0.097998
vn  0.962224 0.265495 -0.060311
vn  0.887430 0.448727 0.105414
vn  0.830453 0.413246 0.373598
vn  0.850877 0.460402 0.253058
vn  0.760890 0.554434 0.337118
vn  0.694147 0.528725 0.488477
vn  0.565174 0.401274 0.720803
vn  0.633009 0.727651 0.264240
vn  0.332380 0.718597 0.610853
vn  0.522730 0.742462 0.418931
vn  0.617549 0.727651 0.298591
vn  0.719956 0.568894 0.397521
vn  0.773797 0.389233 0.499735
vn  0.678568 0.506293 0.532177
vn  0.780309 0.543478 0.309433
vn  0.733607 0.440900 0.517134
vn  0.811205 0.471999 0.345201
vn  0.777244 -0.468142 0.420398
vn  0.887670 -0.417221 0.194857
vn  0.823461 -0.554434 0.120478
vn  0.675043 -0.618107 0.402817
vn  0.832681 -0.111189 0.542475
vn  0.950423 -0.063314 0.304447
vn  0.799636 0.158808 0.579104
vn  0.918484 0.201782 0.340104
vn  0.572410 0.583180 0.576409
vn  0.720151 0.624953 0.301359
vn  0.791536 0.494946 0.358468
vn  0.694881 0.468142 0.545879
vn  0.805246 -0.417221 0.421313
vn  0.598085 0.706334 0.378664
vn  0.350594 0.433040 0.830398
vn  0.411876 0.089453 0.906839
vn  0.623833 0.319801 0.713134
vn  0.903387 -0.360882 0.231638
vn  0.765100 -0.510056 0.393019
vn  0.881611 -0.444818 0.157795
vn  0.851312 -0.352719 0.388404
vn  0.976674 -0.206059 0.060388
vn  0.563132 0.085100 0.821973
vn  0.436667 -0.240131 0.866983
vn  0.418563 -0.593778 0.687191
vn  0.671073 -0.369018 0.643030
vn  0.910004 0.389233 0.142793
vn  0.975754 0.218868 0.000000
vn  0.999950 0.006554 -0.007552
vn  0.962824 -0.269705 -0.015106
vn  0.972417 -0.171735 0.157837
vn  0.975396 -0.197500 0.097964
vn  0.966532 0.124206 0.224476
vn  0.998751 -0.032765 0.037730
vn  0.987410 0.102500 -0.120478
vn  0.939600 0.141528 -0.311644
vn  0.873486 0.045863 -0.484685
vn  0.634319 0.015292 -0.772920
vn  0.531307 -0.265495 -0.804503
vn  0.509759 -0.543478 -0.666916
vn  0.699032 -0.468142 -0.540552
vn  0.518154 -0.745382 -0.419431
vn  0.698794 -0.607750 -0.377263
vn  0.588890 -0.798095 -0.127490
vn  0.762558 -0.614666 -0.201720
vn  0.661339 -0.645202 -0.382552
vn  0.675296 -0.468142 -0.569928
vn  0.707719 -0.269705 -0.652987
vn  0.766840 -0.102500 -0.633601
vn  0.788313 -0.448727 0.420960
vn  0.887728 -0.163120 0.430500
vn  0.952265 0.145852 0.268175
vn  0.944172 0.328069 -0.030162
vn  0.875542 0.257060 0.409081
vn  0.880534 -0.145853 0.450985
vn  0.778052 -0.460402 0.427393
vn  0.976194 -0.163120 -0.142956
vn  0.924475 0.381169 0.007544
vn  0.871704 0.373076 -0.317720
vn  0.720099 -0.668264 -0.186761
vn  0.691700 -0.709420 0.135180
vn  0.817408 -0.576059 -0.000000
vn  0.831560 -0.460402 0.310706
vn  0.814883 -0.579625 -0.000000
vn  0.898655 -0.417221 0.135450
vn  0.752523 0.269705 -0.600806
vn  0.622466 0.024029 -0.782278
vn  0.650488 0.409263 -0.639820
vn  0.854688 0.421188 -0.303495
vn  0.918520 -0.124206 -0.375357
vn  0.970165 -0.210333 0.120580
vn  0.525110 -0.248605 -0.813913
vn  0.509119 -0.257060 -0.821412
vn  0.309131 -0.607750 -0.731491
vn  0.841653 -0.360882 -0.401727
vn  0.902260 -0.401274 -0.157815
vn  0.532684 -0.782026 0.323548
vn  0.655541 -0.721629 0.222526
vn  0.539413 -0.833437 -0.120069
vn  0.609244 0.045863 -0.791656
vn  0.456505 -0.561686 -0.690009
vn  0.517734 -0.849946 -0.097686
vn  0.452969 -0.790128 -0.412936
vn  0.469637 -0.779295 -0.414897
vn  0.939600 -0.141528 0.311644
vn  0.911502 -0.393255 0.120478
vn  0.909977 -0.328069 0.253600
vn  0.833461 -0.487334 0.260478
vn  0.796789 -0.491145 0.351999
vn  0.744528 -0.618107 0.252235
vn  0.714109 -0.628358 0.308570
vn  0.848637 -0.502521 0.165193
vn  0.779778 -0.607750 0.150290
vn  0.773759 0.261280 -0.577087
vn  0.917581 0.080746 -0.389262
vn  0.534125 0.840609 0.089933
vn  0.065174 0.997243 -0.035492
vn  0.151209 0.930226 0.334388
vn  0.395853 0.890709 0.223470
vn  0.543471 0.826122 0.148872
vn  0.473864 0.880566 0.007538
vn  0.316267 0.946784 -0.059795
vn  0.348529 0.861253 -0.369825
vn  0.491389 0.751179 -0.440757
vn  0.453402 0.674740 -0.582369
vn  0.385122 0.808503 -0.444977
vn  0.353728 0.721629 -0.595086
vn  0.407940 0.854518 -0.321534
vn  0.397120 0.896591 -0.196012
vn  0.361864 0.928614 -0.082042
vn  0.582156 -0.158808 0.797417
vn  -0.104708 -0.964690 -0.241681
vn  -0.031984 -0.973305 -0.227274
vn  -0.108994 -0.992525 0.054896
vn  -0.038869 -0.998845 0.028240
vn  0.709801 -0.681164 -0.179439
vn  0.725522 -0.687535 0.030207
vn  0.657795 -0.736580 0.157339
vn  0.844729 -0.528725 0.082961
vn  0.884423 -0.409263 -0.224274
vn  0.627210 -0.696994 -0.347572
vn  0.107198 -0.975274 -0.193260
vn  0.017008 -0.888714 -0.458146
vn  0.078990 -0.902319 -0.423771
vn  0.706670 -0.539805 -0.457415
vn  0.578299 -0.803330 -0.142239
vn  0.725820 -0.614666 0.308822
vn  0.503419 -0.684356 0.527472
vn  0.510592 -0.831014 0.220706
vn  0.327593 -0.918568 0.221167
vn  0.288947 -0.784742 -0.548352
vn  0.473942 -0.878487 0.060330
vn  0.250051 -0.872149 0.420513
vn  0.389402 -0.882628 -0.263313
vn  0.497456 -0.635132 -0.590885
vn  0.204809 -0.718597 -0.664584
vn  0.519319 -0.748288 -0.412763
vn  0.035918 -0.884674 -0.464825
vn  0.286525 -0.956184 -0.060129
vn  0.047003 -0.959939 0.276237
vn  0.221204 -0.964690 0.142976
vn  0.531276 -0.635132 -0.560672
vn  0.541880 -0.597288 -0.591281
vn  0.251973 -0.771014 -0.584847
vn  0.175347 -0.884674 -0.431979
vn  0.147222 -0.928614 -0.340591
vn  0.011359 -0.980732 -0.195028
vn  0.113107 -0.993554 -0.007572
vn  0.018867 -0.952264 0.304691
vn  0.074459 -0.966955 0.243833
vn  0.274158 -0.882628 0.381844
vn  0.520507 -0.754056 0.400590
vn  0.346180 -0.856779 -0.382215
vn  0.205706 -0.925336 -0.318495
vn  -0.067201 -0.966955 -0.245932
vn  -0.163401 -0.984766 0.059473
vn  0.172400 -0.984766 -0.022697
vn  0.745880 -0.506293 -0.432816
vn  0.866436 -0.456519 -0.202186
vn  0.880688 -0.421188 -0.216771
vn  0.754033 -0.475846 -0.452775
vn  0.159124 -0.963530 -0.215150
vn  0.731111 -0.624953 0.273699
vn  0.535140 -0.721629 0.439178
vn  0.236106 -0.859025 0.454237
vn  0.166549 -0.970214 0.175918
vn  0.004369 -0.999991 -0.000000
vn  -0.095011 -0.976230 -0.194801
vn  0.018868 -0.931821 -0.362428
vn  -0.142459 -0.915079 -0.377274
vn  -0.119809 -0.865661 -0.486083
vn  0.026431 -0.890709 -0.453805
vn  -0.113107 -0.993554 -0.007572
vn  0.077845 -0.971263 -0.224920
vn  -0.026431 -0.890709 -0.453805
vn  -0.005684 -0.986248 0.165177
vn  0.141734 -0.953589 0.265667
vn  0.172310 -0.913308 0.369022
vn  0.322766 -0.890709 0.320094
vn  0.476342 -0.821166 0.314301
vn  0.640430 -0.730641 0.236670
vn  0.762198 -0.583180 0.280989
vn  0.701121 -0.700121 0.135130
vn  0.744528 -0.618107 0.252235
vn  0.779778 -0.607750 0.150290
vn  0.613431 -0.733618 0.292417
vn  0.714109 -0.628358 0.308570
vn  0.864037 -0.502521 0.030215
vn  0.875849 -0.479685 0.052834
vn  0.740843 -0.671508 -0.015115
vn  0.817408 -0.576059 -0.000000
vn  0.762558 -0.614666 -0.201720
vn  0.720099 -0.668264 -0.186761
vn  0.654633 -0.681163 -0.327830
vn  0.698794 -0.607750 -0.377263
vn  0.578538 -0.635132 -0.511763
vn  0.699032 -0.468142 -0.540552
vn  0.543369 -0.718597 -0.434013
vn  0.368911 -0.768224 -0.523198
vn  0.192726 -0.826122 -0.529509
vn  0.041569 -0.831014 -0.554696
vn  -0.066043 -0.818664 -0.570462
vn  -0.210821 -0.790128 -0.575545
vn  -0.316497 -0.813615 -0.487710
vn  -0.378887 -0.690702 -0.615935
vn  -0.515474 -0.721629 -0.462102
vn  -0.498366 -0.655161 -0.567799
vn  -0.398543 -0.554434 -0.730593
vn  -0.255294 -0.684356 -0.682995
vn  -0.095981 -0.751179 -0.653083
vn  0.047155 -0.759767 -0.648483
vn  0.199066 -0.756919 -0.622452
vn  0.296161 -0.727651 -0.618719
vn  -0.248496 -0.771014 -0.586333
vn  0.229029 -0.838234 -0.494883
vn  0.001888 -0.856780 -0.515680
vn  -0.227100 -0.779295 -0.584059
vn  -0.400527 -0.586724 -0.703799
vn  -0.302707 -0.554434 -0.775223
vn  -0.408995 -0.440900 -0.798956
vn  -0.510725 -0.521287 -0.683681
vn  -0.495370 -0.377126 -0.782550
vn  -0.597440 -0.475846 -0.645473
vn  -0.591582 -0.299027 -0.748741
vn  -0.487039 -0.184634 -0.853641
vn  -0.406120 -0.265495 -0.874402
vn  -0.316500 -0.369018 -0.873873
vn  -0.415397 -0.336311 -0.845186
vn  -0.706856 -0.184634 -0.682836
vn  -0.656829 -0.576059 -0.486550
vn  -0.400844 -0.863465 -0.306188
vn  -0.047061 -0.975274 -0.215930
vn  0.270247 -0.936498 -0.223469
vn  0.585106 -0.736580 -0.339266
vn  0.420304 -0.700121 -0.577213
vn  0.434791 -0.648534 -0.624788
vn  0.608562 -0.491145 -0.623241
vn  0.629259 -0.332193 -0.702624
vn  0.723834 -0.294855 -0.623799
vn  -0.633658 -0.576059 -0.516366
vn  -0.320866 -0.106846 -0.941079
vn  0.485656 -0.498738 -0.717913
vn  0.569060 -0.483514 -0.665120
vn  0.783484 -0.409263 -0.467607
vn  0.457410 -0.655161 -0.601282
vn  0.231429 -0.821166 -0.521658
vn  -0.001891 -0.863465 -0.504405
vn  -0.248078 -0.779295 -0.575462
vn  -0.433316 -0.579625 -0.690125
vn  -0.464186 -0.311509 -0.829153
vn  -0.558851 0.167429 -0.812190
vn  -0.222203 0.360882 -0.905754
vn  -0.099889 0.050227 -0.993730
vn  0.183633 0.369018 -0.911101
vn  0.176555 0.067674 -0.981962
vn  0.520261 0.227387 -0.823179
vn  0.396479 -0.024029 -0.917729
vn  0.755589 -0.067674 -0.651541
vn  0.557003 -0.227386 -0.798776
vn  0.507416 -0.336311 -0.793362
vn  0.575564 -0.448727 -0.683645
vn  0.550791 -0.227386 -0.803072
vn  0.389537 -0.024029 -0.920697
vn  0.161510 0.080746 -0.983562
vn  -0.124175 0.080746 -0.988970
vn  -0.370121 -0.063314 -0.926824
vn  0.245176 -0.821166 -0.515340
vn  0.024537 -0.856779 -0.515099
vn  -0.259227 -0.756919 -0.599896
vn  -0.437432 -0.561686 -0.702255
vn  -0.469864 -0.364954 -0.803764
vn  -0.326137 -0.098153 -0.940213
vn  -0.092304 0.063314 -0.993716
vn  0.139134 0.080746 -0.986976
vn  0.403398 -0.024029 -0.914709
vn  0.569328 -0.227386 -0.790039
vn  0.590912 -0.425147 -0.685619
vn  0.468295 -0.661738 -0.585494
vn  0.690308 -0.696994 -0.194098
vn  0.329140 -0.909714 -0.253154
vn  0.781531 -0.397268 -0.481028
vn  0.748774 -0.089453 -0.656762
vn  0.576295 0.307354 -0.757243
vn  0.183849 0.299027 -0.936367
vn  -0.163460 0.252835 -0.953601
vn  -0.572923 0.145853 -0.806528
vn  -0.639771 -0.286493 -0.713172
vn  -0.598781 -0.590257 -0.541349
vn  -0.454847 -0.856779 -0.242987
vn  -0.001889 -0.628358 -0.777922
vn  -0.026441 -0.389233 -0.920759
vn  0.246226 -0.348627 -0.904341
vn  0.277357 -0.586724 -0.760807
vn  -0.026407 -0.962351 -0.270523
vn  -0.175881 0.946784 0.269567
vn  -0.485447 0.870003 -0.086235
vn  0.180301 0.776550 0.603707
vn  0.163857 0.942483 0.291335
vn  0.040539 0.998130 0.045759
vn  -0.210264 0.969146 -0.128630
vn  -0.135416 0.956184 -0.259566
vn  0.066455 0.996909 0.041912
vn  -0.437932 0.572482 0.693167
vn  -0.283870 0.624953 0.727222
vn  -0.123778 0.715552 0.687506
vn  -0.048903 0.826122 0.561366
vn  -0.701106 0.706334 -0.097688
vn  -0.498865 0.847636 -0.180682
vn  -0.488191 0.849946 -0.198143
vn  -0.369688 0.880566 0.296538
vn  0.216049 0.931821 0.291604
vn  0.358530 0.718597 0.595881
vn  -0.716763 0.687535 -0.116387
vn  -0.917423 0.397268 0.022639
vn  -0.843079 0.525011 0.116541
vn  -0.072935 0.904194 0.420850
vn  -0.537983 0.762601 0.359185
vn  -0.263543 0.835843 0.481571
vn  -0.726618 0.235888 0.645278
vn  -0.846852 0.328069 0.418585
vn  -0.859785 0.328069 0.391332
vn  -0.436387 0.715552 0.545483
vn  -0.142815 0.397268 0.906522
vn  0.092215 0.568894 0.817225
vn  0.077222 0.561686 0.823739
vn  -0.624249 0.768224 0.141929
vn  -0.503346 0.856779 0.112125
vn  -0.474462 0.257060 0.841906
vn  -0.435355 0.137202 0.889742
vn  -0.721101 0.252835 0.645048
vn  -0.135355 0.397268 0.907666
vn  0.574174 0.614666 0.540841
vn  0.027161 0.997557 0.064357
vn  -0.167578 0.978987 -0.116196
vn  0.197827 0.974299 0.107731
vn  0.059955 0.934957 0.349659
vn  0.294578 0.833437 0.467554
vn  0.571839 0.565295 0.594510
vn  0.345820 0.768224 0.538739
vn  0.141676 0.811067 0.567538
vn  0.346813 0.491145 0.799061
vn  0.054648 0.638501 0.767679
vn  -0.200386 0.736580 0.645984
vn  0.009409 0.863465 0.504320
vn  0.361155 0.904194 -0.228038
vn  0.583393 0.803330 -0.119642
vn  -0.061761 0.920286 0.386340
vn  -0.426512 0.795454 0.430511
vn  -0.317625 0.938021 0.138676
vn  -0.042692 0.983208 0.177422
vn  0.719978 0.614666 0.322206
vn  0.728251 0.681163 0.075279
vn  0.741600 0.058953 -0.668247
vn  -0.125906 0.539805 -0.832321
vn  0.766801 0.223129 -0.601855
vn  -0.179989 0.223129 -0.958028
vn  0.033910 0.706334 -0.707066
vn  0.063957 0.696995 -0.714219
vn  0.284523 0.838234 -0.465200
vn  0.333762 0.759767 -0.557994
vn  0.635461 -0.085100 -0.767429
vn  0.465864 -0.132872 -0.874823
vn  0.670816 -0.269705 -0.690844
vn  0.858053 -0.054590 -0.510652
vn  0.617432 0.661738 -0.425302
vn  0.613809 0.665007 -0.425445
vn  0.464711 0.369018 -0.804903
vn  0.801216 0.468142 -0.372688
vn  0.598917 0.231639 -0.766578
vn  0.951475 0.137202 -0.275447
vn  0.787958 0.479685 -0.386037
vn  0.176383 0.080746 -0.981004
vn  0.326137 -0.098153 -0.940213
vn  0.200515 -0.294855 -0.934267
vn  0.422157 -0.336311 -0.841830
vn  0.540402 -0.176038 -0.822786
vn  0.690536 -0.032765 -0.722556
vn  0.651072 -0.188926 -0.735127
vn  0.629259 -0.332193 -0.702624
vn  0.507416 -0.336311 -0.793362
vn  0.433712 -0.158808 -0.886946
vn  0.557003 -0.227386 -0.798776
vn  0.396479 -0.024029 -0.917729
vn  0.317289 -0.106846 -0.942291
vn  0.030177 -0.041497 -0.998683
vn  0.176555 0.067674 -0.981962
vn  0.157790 -0.041497 -0.986600
vn  -0.039648 -0.106846 -0.993485
vn  -0.099889 0.050227 -0.993730
vn  -0.206158 -0.206059 -0.956576
vn  -0.320866 -0.106846 -0.941079
vn  -0.415397 -0.336311 -0.845186
vn  -0.316500 -0.369018 -0.873873
vn  -0.406120 -0.265495 -0.874402
vn  -0.255747 -0.145852 -0.955678
vn  -0.084788 -0.063314 -0.994385
vn  0.037746 0.015292 -0.999170
vn  0.099788 0.137202 -0.985504
vn  -0.109253 0.248605 -0.962424
vn  0.107281 0.273910 -0.955753
vn  0.889142 0.188926 -0.416813
vn  0.852232 -0.141528 -0.503658
vn  0.116584 0.425147 -0.897585
vn  -0.054621 0.513810 -0.856164
vn  0.268686 0.547141 -0.792745
vn  0.110705 0.690702 -0.714616
vn  0.344133 0.745382 -0.570945
vn  0.394643 0.611214 -0.686057
vn  0.708885 -0.332193 -0.622198
vn  0.429596 -0.405272 -0.806970
vn  0.698236 -0.344528 -0.627509
vn  0.859813 -0.141528 -0.490603
vn  0.484449 0.098153 -0.869296
vn  0.353982 0.240131 -0.903899
vn  -0.099666 0.513810 -0.852095
vn  -0.300831 0.184634 -0.935634
vn  -0.069749 -0.115530 -0.990852
vn  0.129816 -0.332193 -0.934235
vn  0.385385 -0.547141 -0.743045
vn  0.099844 -0.332193 -0.937912
vn  -0.090511 -0.137202 -0.986399
vn  0.703684 0.385205 -0.597031
vn  0.555533 0.525011 -0.644784
vn  0.565475 0.671508 -0.478868
vn  0.744059 0.085100 -0.662671
vn  0.889142 0.188926 -0.416813
vn  0.756115 0.227387 -0.613665
vn  0.729055 0.352719 -0.586573
vn  0.773915 0.468142 -0.426496
vn  0.630149 0.468142 -0.619480
vn  0.673235 0.479685 -0.562723
vn  0.566599 0.600787 -0.563933
vn  0.534254 0.543478 -0.647460
vn  0.453402 0.674740 -0.582369
vn  0.435836 0.590257 -0.679443
vn  0.353728 0.721629 -0.595086
vn  0.329121 0.604274 -0.725625
vn  0.292910 0.748288 -0.595205
vn  0.258965 0.628358 -0.733555
vn  0.159331 0.525011 -0.836048
vn  0.105370 0.409263 -0.906312
vn  0.105398 0.261280 -0.959492
vn  -0.016991 0.176038 -0.984237
vn  -0.056615 0.067674 -0.996100
vn  -0.142991 -0.006554 -0.989702
vn  0.385122 0.808503 -0.444977
vn  -0.124280 0.119869 -0.984980
vn  -0.118547 0.167429 -0.978731
vn  -0.009430 0.282304 -0.959279
vn  -0.005661 0.235888 -0.971764
vn  -0.022627 0.409263 -0.912136
vn  -0.098006 0.015292 -0.995068
vn  -0.299191 -0.111189 -0.947693
vn  -0.487039 -0.184634 -0.853641
vn  -0.462412 -0.210333 -0.861356
vn  -0.273840 -0.163120 -0.947841
vn  -0.438589 -0.389233 -0.810023
vn  -0.172672 -0.307354 -0.935798
vn  0.064134 -0.072032 -0.995338
vn  -0.633880 -0.098153 -0.767178
vn  -0.641794 -0.154492 -0.751154
vn  -0.591582 -0.299027 -0.748741
vn  -0.683644 -0.167429 -0.710351
vn  -0.781964 -0.037131 -0.622217
vn  -0.743395 0.015292 -0.668678
vn  -0.848374 0.080746 -0.523203
vn  -0.772964 -0.010923 -0.634355
vn  -0.689351 -0.323938 -0.647965
vn  -0.484569 -0.019661 -0.874532
vn  -0.368538 0.028397 -0.929179
vn  -0.215412 0.128540 -0.968026
vn  0.205966 0.210333 -0.955687
vn  -0.011315 0.444818 -0.895550
vn  -0.049003 0.498738 -0.865366
vn  0.222386 0.364954 -0.904076
vn  0.412523 0.510057 -0.754763
vn  0.464804 0.693855 -0.550021
vn  0.258423 0.861253 -0.437562
vn  0.285179 0.892686 -0.348975
vn  0.407940 0.854518 -0.321534
vn  0.397120 0.896591 -0.196012
vn  0.203260 0.945368 -0.254880
vn  0.361864 0.928614 -0.082042
vn  0.166211 0.978087 -0.125379
vn  0.003721 0.990841 -0.134986
vn  0.083609 0.946784 -0.310822
vn  0.375435 0.863465 -0.336862
vn  0.267289 0.854518 -0.445371
vn  0.315552 0.733618 -0.601857
vn  0.278757 0.611214 -0.740751
vn  0.125969 0.487334 -0.864082
vn  -0.045244 0.261280 -0.964202
vn  -0.346750 0.223130 -0.911031
vn  -0.118321 0.583180 -0.803679
vn  0.198120 0.498738 -0.843806
vn  -0.120381 0.261280 -0.957727
vn  -0.779884 0.464277 -0.419796
vn  -0.071574 0.393255 -0.916640
vn  0.150901 0.971263 -0.184059
vn  0.092457 0.948181 -0.303981
vn  -0.841318 0.197500 -0.503167
vn  -0.112909 0.429097 -0.896174
vn  0.056460 0.759767 -0.647739
vn  -0.340391 0.684356 -0.644819
vn  -0.535848 0.373076 -0.757418
vn  -0.449359 0.464277 -0.763232
vn  -0.265870 0.360882 -0.893911
vn  0.292675 0.854518 -0.429116
vn  0.129921 0.941014 -0.312431
vn  -0.124904 0.962351 -0.241410
vn  -0.318356 0.909715 -0.266587
vn  -0.464188 0.792799 -0.394967
vn  -0.513745 0.618107 -0.594987
vn  -0.432283 0.502521 -0.748735
vn  -0.255010 0.440900 -0.860568
vn  -0.104451 0.962351 -0.250938
vn  -0.113582 0.983996 -0.137296
vn  -0.113898 0.949560 -0.292168
vn  -0.162116 0.968059 -0.191257
vn  -0.288442 0.902319 -0.320347
vn  -0.334960 0.916832 -0.217301
vn  -0.456884 0.856780 -0.239136
vn  -0.415107 0.835843 -0.359239
vn  -0.434878 0.845310 -0.310375
vn  -0.524236 0.756919 -0.390192
vn  -0.475876 0.709420 -0.519870
vn  -0.551197 0.751179 -0.363196
vn  -0.356471 0.911520 -0.205084
vn  -0.310086 0.902319 -0.299446
vn  -0.009437 0.440900 -0.897506
vn  -0.306345 0.176038 -0.935502
vn  -0.481718 0.401274 -0.779055
vn  -0.565192 0.576059 -0.590520
vn  -0.594806 0.739528 -0.315125
vn  -0.332361 0.909715 -0.248909
vn  -0.090654 0.976230 -0.196866
vn  0.221576 0.964690 -0.142398
vn  0.386340 0.842967 -0.374363
vn  0.327870 0.751179 -0.572915
vn  -0.536129 0.604274 -0.589422
vn  -0.612180 0.558065 -0.560178
vn  -0.443467 0.624953 -0.642473
vn  -0.468989 0.759767 -0.450336
vn  0.291054 0.600787 -0.744542
vn  0.166930 0.491145 -0.854933
vn  0.267954 0.336311 -0.902826
vn  0.007543 0.261280 -0.965234
vn  -0.099623 0.641857 -0.760325
vn  -0.164128 0.765420 -0.622249
vn  0.018828 0.816147 -0.577537
vn  0.474764 0.681164 -0.557329
vn  0.519122 0.417221 -0.745949
vn  0.082768 0.693855 -0.715343
vn  -0.606863 0.677958 -0.414838
vn  -0.332717 0.779295 -0.531035
vn  -0.598727 0.002185 -0.800951
vn  -0.867728 -0.137202 -0.477727
vn  -0.808410 0.188926 -0.557476
vn  -0.796909 0.137202 -0.588313
vn  -0.815191 0.223129 -0.534488
vn  -0.863605 0.206059 -0.460136
vn  -0.818408 0.328069 -0.471782
vn  -0.773772 0.299027 -0.558444
vn  -0.707294 0.397268 -0.584733
vn  -0.753410 0.417221 -0.508232
vn  -0.729295 0.452627 -0.513087
vn  -0.571721 0.536122 -0.621054
vn  -0.606897 0.590257 -0.532234
vn  -0.579941 0.611214 -0.538597
vn  -0.230672 0.882628 -0.409582
vn  -0.214154 0.614666 -0.759160
vn  -0.786866 -0.028397 -0.616470
vn  -0.945952 0.158808 -0.282762
vn  -0.813300 0.460402 -0.355770
vn  -0.584777 0.703234 -0.404348
vn  -0.265587 0.867840 -0.419901
vn  -0.078990 0.706334 -0.703458
vn  0.056532 0.498738 -0.864907
vn  -0.719564 0.076390 -0.690212
vn  -0.931634 0.145853 -0.332843
vn  -0.837667 0.494946 -0.230958
vn  -0.065867 0.730641 -0.679577
vn  0.120324 0.502521 -0.856151
vn  0.280782 0.206059 -0.937391
vn  -0.288068 0.235888 -0.928102
vn  -0.453806 0.429097 -0.780984
vn  -0.654402 0.218868 -0.723778
vn  -0.860977 -0.089453 -0.500717
vn  -0.672879 -0.307354 -0.672879
vn  -0.491160 0.019661 -0.870848
vn  -0.182017 -0.294855 -0.938046
vn  0.050926 -0.058953 -0.996961
vn  -0.037718 -0.041497 -0.998426
vn  0.075428 0.218868 -0.972835
vn  -0.748933 0.227387 -0.622411
vn  -0.713863 0.433040 -0.550341
vn  -0.574353 0.782026 -0.241980
vn  -0.378372 0.677958 -0.630244
vn  -0.230067 -0.188926 -0.954660
vn  -0.412143 -0.471999 -0.779330
vn  -0.659981 -0.163120 -0.733360
vn  -0.458784 -0.223129 -0.860076
vn  -0.563406 0.604274 -0.563406
vn  -0.581388 -0.111189 0.805993
vn  -0.420699 -0.067674 0.904673
vn  0.035857 -0.792799 0.608428
vn  0.144598 -0.600787 0.786223
vn  0.225371 -0.624953 0.747423
vn  0.182701 -0.874278 0.449731
vn  -0.223444 -0.878487 0.422296
vn  -0.228174 -0.076390 0.970619
vn  -0.013222 -0.210333 0.977540
vn  0.084793 -0.405273 0.910255
vn  -0.777243 -0.188926 0.600167
vn  -0.645649 -0.032765 0.762931
vn  -0.227810 -0.826122 0.515389
vn  -0.200637 -0.852240 0.483147
vn  -0.296616 -0.700121 0.649499
vn  -0.386792 -0.687535 0.614562
vn  -0.447853 -0.756919 0.475921
vn  -0.451296 0.002185 0.892372
vn  -0.727499 0.184634 0.660799
vn  -0.842834 -0.111189 0.526562
vn  -0.799067 -0.381169 0.464976
vn  -0.689761 -0.628358 0.359717
vn  -0.449865 -0.821166 0.351153
vn  -0.181939 -0.916833 0.355410
vn  -0.298880 -0.572482 0.763502
vn  -0.296742 -0.373076 0.879067
vn  0.209609 -0.373076 0.903813
vn  0.157817 -0.037131 0.986770
vn  0.122353 -0.425147 0.896817
vn  -0.681211 -0.278110 0.677205
vn  -0.710424 -0.468142 0.525491
vn  -0.631868 -0.614666 0.472153
vn  -0.253734 -0.041497 0.966383
vn  -0.456103 0.128540 0.880595
vn  -0.501806 -0.319801 0.803690
vn  -0.859975 -0.364954 0.356724
vn  -0.753315 -0.648534 0.109178
vn  -0.473618 -0.845310 0.247260
vn  -0.030188 -0.197500 0.979838
vn  -0.510725 -0.521287 0.683681
vn  -0.189377 0.063314 0.979861
vn  -0.496603 -0.816147 0.295447
vn  -0.525874 -0.674740 -0.517864
vn  -0.319502 -0.907892 0.271388
vn  -0.160573 -0.977168 0.139137
vn  -0.673428 -0.604274 -0.425850
vn  -0.784271 -0.586724 -0.201678
vn  -0.897700 -0.377126 -0.227841
vn  -0.798817 -0.597288 0.071678
vn  -0.052269 -0.998626 -0.003826
vn  0.091580 -0.994507 0.050691
vn  -0.039523 -0.964690 0.260406
vn  -0.239383 -0.882628 0.404553
vn  -0.494999 -0.748288 0.441635
vn  -0.478113 -0.828576 0.291324
vn  -0.616889 -0.742462 0.261147
vn  -0.588296 -0.727651 0.352749
vn  -0.658841 -0.730641 0.179142
vn  -0.706396 -0.645202 0.291065
vn  -0.841978 -0.536122 0.060392
vn  -0.764003 -0.645202 -0.003780
vn  -0.839720 -0.502521 -0.205775
vn  -0.773491 -0.607750 -0.179868
vn  -0.678496 -0.651854 -0.338719
vn  -0.728647 -0.547141 -0.411959
vn  -0.518997 -0.712493 -0.472225
vn  -0.535876 -0.628358 -0.563918
vn  -0.662912 -0.655161 -0.362369
vn  -0.306560 -0.818664 -0.485602
vn  -0.154751 -0.918568 -0.363709
vn  -0.072193 -0.978087 -0.195279
vn  -0.158120 -0.970214 0.183532
vn  -0.304341 -0.907892 0.288287
vn  -0.451833 -0.818664 0.354451
vn  -0.144452 -0.939526 0.310522
vn  -0.251397 -0.900427 0.355009
vn  0.000000 -0.918568 0.395262
vn  0.000000 -0.958706 0.284399
vn  -0.710397 -0.517554 -0.476943
vn  -0.104838 -0.907892 0.405884
vn  -0.113907 -0.892686 0.436046
vn  0.013216 -0.872149 0.489062
vn  -0.706822 -0.665007 0.241180
vn  -0.520560 -0.782026 0.342713
vn  -0.269533 -0.900427 0.341444
vn  -0.104708 -0.964690 0.241681
vn  -0.003793 -0.999761 0.021513
vn  0.007573 -0.968059 -0.250606
vn  -0.082711 -0.907891 -0.410965
vn  -0.289438 -0.805924 -0.516442
vn  -0.490898 -0.607750 -0.624227
vn  -0.576446 -0.805924 -0.134894
vn  -0.855752 -0.510057 0.086776
vn  -0.729478 -0.597288 0.333330
vn  -0.485765 -0.661738 0.571083
vn  -0.217652 -0.856780 0.467500
vn  0.015150 -0.949560 0.313218
vn  -0.472377 -0.878487 0.071563
vn  0.261371 -0.962351 0.074598
vn  0.149560 -0.954896 -0.256527
vn  -0.282279 -0.957454 -0.060000
vn  -0.387274 -0.882628 -0.266433
vn  -0.159361 -0.677958 -0.717619
vn  0.024556 -0.867840 -0.496236

g Meteor_Meteor_0
usemtl Meteor
f  1/1/1 2/2/2 3/3/3
f  3/3/3 2/2/2 4/4/4
f  5/5/5 4/4/4 2/2/2
f  6/6/6 4/4/4 5/5/5
f  4/4/4 6/6/6 7/7/7
f  7/7/7 6/6/6 8/8/8
f  9/9/9 8/8/8 6/6/6
f  8/8/8 9/9/9 10/10/10
f  10/10/10 9/9/9 11/11/11
f  6/6/6 12/12/12 9/9/9
f  11/11/11 9/9/9 12/12/12
f  5/5/5 13/13/13 6/6/6
f  12/12/12 6/6/6 13/13/13
f  2/2/2 14/14/14 5/5/5
f  13/13/13 5/5/5 14/14/14
f  14/14/14 2/2/2 15/15/15
f  16/16/16 15/15/15 2/2/2
f  2/2/2 1/1/1 16/16/16
f  15/15/15 16/16/16 17/17/17
f  1/1/1 18/18/18 16/16/16
f  17/17/17 16/16/16 18/18/18
f  18/18/18 1/1/1 19/19/19
f  20/20/20 19/19/19 1/1/1
f  19/19/19 20/20/20 21/21/21
f  22/22/22 21/21/21 20/20/20
f  19/19/19 21/21/21 23/23/23
f  21/21/21 22/22/22 23/23/23
f  24/24/24 23/23/23 22/22/22
f  23/23/23 24/24/24 25/25/25
f  26/26/26 25/25/25 24/24/24
f  27/27/27 25/25/25 26/26/26
f  25/25/25 27/27/27 28/28/28
f  28/28/28 27/27/27 29/29/29
f  30/30/30 29/29/29 27/27/27
f  31/31/31 29/29/29 30/30/30
f  29/29/29 31/31/31 32/32/32
f  32/32/32 31/31/31 33/33/33
f  34/34/34 33/33/33 31/31/31
f  33/33/33 34/34/34 35/35/35
f  36/36/36 35/35/35 34/34/34
f  37/37/37 35/35/35 36/36/36
f  35/35/35 38/38/38 33/33/33
f  35/35/35 37/37/37 38/38/38
f  39/39/39 38/38/38 37/37/37
f  38/38/38 39/39/39 40/40/40
f  41/41/41 40/40/40 39/39/39
f  42/42/42 8/8/8 10/10/10
f  20/20/20 1/1/1 43/43/43
f  44/44/44 33/33/33 38/38/38
f  33/33/33 44/44/44 32/32/32
f  44/44/44 38/38/38 40/40/40
f  32/32/32 44/44/44 45/45/45
f  40/40/40 46/46/46 44/44/44
f  45/45/45 44/44/44 46/46/46
f  46/46/46 40/40/40 47/47/47
f  41/41/41 47/47/47 40/40/40
f  48/48/48 47/47/47 41/41/41
f  49/49/49 47/47/47 48/48/48
f  50/50/50 47/47/47 49/49/49
f  47/47/47 50/50/50 46/46/46
f  51/51/51 46/46/46 50/50/50
f  46/46/46 52/52/52 45/45/45
f  52/52/52 46/46/46 51/51/51
f  53/53/53 45/45/45 52/52/52
f  45/45/45 53/53/53 54/54/54
f  54/54/54 32/32/32 45/45/45
f  32/32/32 54/54/54 29/29/29
f  29/29/29 54/54/54 28/28/28
f  55/55/55 54/54/54 53/53/53
f  56/56/56 54/54/54 55/55/55
f  28/28/28 54/54/54 56/56/56
f  52/52/52 57/57/57 53/53/53
f  51/51/51 57/57/57 52/52/52
f  55/55/55 53/53/53 57/57/57
f  50/50/50 58/58/58 51/51/51
f  57/57/57 51/51/51 58/58/58
f  58/58/58 50/50/50 59/59/59
f  49/49/49 59/59/59 50/50/50
f  59/59/59 49/49/49 60/60/60
f  48/48/48 61/61/61 49/49/49
f  60/60/60 49/49/49 61/61/61
f  61/61/61 48/48/48 62/62/62
f  63/63/63 62/62/62 48/48/48
f  62/62/62 63/63/63 64/64/64
f  65/65/65 64/64/64 63/63/63
f  66/66/66 64/64/64 65/65/65
f  64/64/64 66/66/66 67/67/67
f  68/68/68 67/67/67 66/66/66
f  69/69/69 67/67/67 68/68/68
f  67/67/67 69/69/69 70/70/70
f  70/70/70 69/69/69 71/71/71
f  72/72/72 71/71/71 69/69/69
f  73/73/73 71/71/71 72/72/72
f  71/71/71 73/73/73 74/74/74
f  75/75/75 74/74/74 73/73/73
f  74/74/74 75/75/75 76/76/76
f  77/77/77 76/76/76 75/75/75
f  76/76/76 77/77/77 78/78/78
f  79/79/79 78/78/78 77/77/77
f  78/78/78 79/79/79 80/80/80
f  81/81/81 80/80/80 79/79/79
f  80/80/80 81/81/81 82/82/82
f  82/82/82 81/81/81 83/83/83
f  79/79/79 83/83/83 81/81/81
f  77/77/77 84/84/84 79/79/79
f  83/83/83 79/79/79 84/84/84
f  80/80/80 82/82/82 85/85/85
f  86/86/86 85/85/85 82/82/82
f  85/85/85 86/86/86 87/87/87
f  88/88/88 87/87/87 86/86/86
f  89/89/89 87/87/87 88/88/88
f  87/87/87 89/89/89 90/90/90
f  91/91/91 90/90/90 89/89/89
f  90/90/90 91/91/91 92/92/92
f  93/93/93 92/92/92 91/91/91
f  94/94/94 92/92/92 93/93/93
f  92/92/92 94/94/94 95/95/95
f  96/96/96 95/95/95 94/94/94
f  95/95/95 96/96/96 97/97/97
f  97/97/97 96/96/96 98/98/98
f  99/99/99 98/98/98 96/96/96
f  100/100/100 98/98/98 99/99/99
f  98/98/98 100/100/100 101/101/101
f  97/97/97 98/98/98 101/101/101
f  101/101/101 100/100/100 102/102/102
f  103/103/103 102/102/102 100/100/100
f  104/104/104 102/102/102 103/103/103
f  105/105/105 102/102/102 104/104/104
f  102/102/102 105/105/105 101/101/101
f  106/106/106 101/101/101 105/105/105
f  101/101/101 106/106/106 97/97/97
f  97/97/97 107/107/107 95/95/95
f  107/107/107 97/97/97 106/106/106
f  90/90/90 92/92/92 108/108/108
f  108/108/108 95/95/95 107/107/107
f  95/95/95 108/108/108 92/92/92
f  107/107/107 109/109/109 108/108/108
f  109/109/109 107/107/107 106/106/106
f  106/106/106 110/110/110 109/109/109
f  105/105/105 110/110/110 106/106/106
f  104/104/104 111/111/111 105/105/105
f  110/110/110 105/105/105 111/111/111
f  112/112/112 111/111/111 104/104/104
f  111/111/111 112/112/112 113/113/113
f  113/113/113 112/112/112 114/114/114
f  115/115/115 114/114/114 112/112/112
f  114/114/114 115/115/115 116/116/116
f  117/117/117 116/116/116 115/115/115
f  116/116/116 117/117/117 118/118/118
f  119/119/119 117/117/117 42/42/42
f  118/118/118 117/117/117 119/119/119
f  115/115/115 120/120/120 117/117/117
f  42/42/42 117/117/117 120/120/120
f  116/116/116 121/121/121 114/114/114
f  114/114/114 121/121/121 113/113/113
f  118/118/118 121/121/121 116/116/116
f  122/122/122 113/113/113 121/121/121
f  123/123/123 113/113/113 122/122/122
f  113/113/113 124/124/124 111/111/111
f  124/124/124 113/113/113 123/123/123
f  111/111/111 125/125/125 110/110/110
f  125/125/125 111/111/111 124/124/124
f  110/110/110 126/126/126 109/109/109
f  126/126/126 110/110/110 125/125/125
f  127/127/127 109/109/109 126/126/126
f  109/109/109 127/127/127 108/108/108
f  128/128/128 108/108/108 127/127/127
f  108/108/108 129/129/129 90/90/90
f  129/129/129 108/108/108 128/128/128
f  90/90/90 130/130/130 87/87/87
f  87/87/87 130/130/130 85/85/85
f  130/130/130 90/90/90 129/129/129
f  131/131/131 85/85/85 130/130/130
f  132/132/132 85/85/85 131/131/131
f  85/85/85 132/132/132 80/80/80
f  80/80/80 133/133/133 78/78/78
f  133/133/133 80/80/80 132/132/132
f  78/78/78 134/134/134 76/76/76
f  134/134/134 78/78/78 133/133/133
f  76/76/76 135/135/135 74/74/74
f  135/135/135 76/76/76 134/134/134
f  74/74/74 136/136/136 71/71/71
f  136/136/136 74/74/74 135/135/135
f  135/135/135 137/137/137 136/136/136
f  134/134/134 138/138/138 135/135/135
f  137/137/137 135/135/135 138/138/138
f  133/133/133 139/139/139 134/134/134
f  138/138/138 134/134/134 139/139/139
f  132/132/132 140/140/140 133/133/133
f  139/139/139 133/133/133 140/140/140
f  131/131/131 141/141/141 132/132/132
f  140/140/140 132/132/132 141/141/141
f  141/141/141 142/142/142 140/140/140
f  140/140/140 143/143/143 139/139/139
f  143/143/143 140/140/140 142/142/142
f  139/139/139 144/144/144 138/138/138
f  144/144/144 139/139/139 143/143/143
f  142/142/142 145/145/145 143/143/143
f  143/143/143 145/145/145 144/144/144
f  145/145/145 142/142/142 146/146/146
f  146/146/146 142/142/142 147/147/147
f  141/141/141 147/147/147 142/142/142
f  131/131/131 147/147/147 141/141/141
f  147/147/147 131/131/131 148/148/148
f  130/130/130 149/149/149 131/131/131
f  148/148/148 131/131/131 149/149/149
f  129/129/129 150/150/150 130/130/130
f  128/128/128 150/150/150 129/129/129
f  149/149/149 130/130/130 150/150/150
f  151/151/151 150/150/150 128/128/128
f  152/152/152 150/150/150 151/151/151
f  150/150/150 152/152/152 153/153/153
f  153/153/153 149/149/149 150/150/150
f  149/149/149 153/153/153 148/148/148
f  153/153/153 154/154/154 148/148/148
f  154/154/154 153/153/153 152/152/152
f  148/148/148 155/155/155 147/147/147
f  147/147/147 155/155/155 146/146/146
f  155/155/155 148/148/148 154/154/154
f  146/146/146 156/156/156 145/145/145
f  156/156/156 146/146/146 155/155/155
f  154/154/154 156/156/156 155/155/155
f  152/152/152 157/157/157 154/154/154
f  156/156/156 154/154/154 157/157/157
f  157/157/157 152/152/152 158/158/158
f  156/156/156 157/157/157 158/158/158
f  158/158/158 152/152/152 159/159/159
f  151/151/151 159/159/159 152/152/152
f  128/128/128 160/160/160 151/151/151
f  159/159/159 151/151/151 160/160/160
f  160/160/160 128/128/128 161/161/161
f  127/127/127 162/162/162 128/128/128
f  126/126/126 162/162/162 127/127/127
f  161/161/161 128/128/128 162/162/162
f  162/162/162 126/126/126 163/163/163
f  126/126/126 125/125/125 164/164/164
f  164/164/164 163/163/163 126/126/126
f  163/163/163 164/164/164 165/165/165
f  166/166/166 164/164/164 125/125/125
f  166/166/166 165/165/165 164/164/164
f  167/167/167 165/165/165 166/166/166
f  168/168/168 165/165/165 167/167/167
f  169/169/169 165/165/165 168/168/168
f  170/170/170 165/165/165 169/169/169
f  165/165/165 170/170/170 163/163/163
f  171/171/171 163/163/163 170/170/170
f  163/163/163 171/171/171 162/162/162
f  161/161/161 172/172/172 160/160/160
f  162/162/162 172/172/172 161/161/161
f  172/172/172 162/162/162 171/171/171
f  173/173/173 160/160/160 172/172/172
f  174/174/174 160/160/160 173/173/173
f  160/160/160 174/174/174 159/159/159
f  159/159/159 175/175/175 158/158/158
f  175/175/175 159/159/159 174/174/174
f  158/158/158 176/176/176 156/156/156
f  156/156/156 176/176/176 145/145/145
f  176/176/176 158/158/158 175/175/175
f  145/145/145 177/177/177 144/144/144
f  177/177/177 145/145/145 176/176/176
f  175/175/175 178/178/178 176/176/176
f  177/177/177 176/176/176 178/178/178
f  174/174/174 179/179/179 175/175/175
f  178/178/178 175/175/175 179/179/179
f  179/179/179 180/180/180 178/178/178
f  178/178/178 180/180/180 177/177/177
f  177/177/177 181/181/181 144/144/144
f  144/144/144 181/181/181 138/138/138
f  181/181/181 177/177/177 180/180/180
f  138/138/138 181/181/181 182/182/182
f  180/180/180 182/182/182 181/181/181
f  179/179/179 182/182/182 180/180/180
f  138/138/138 182/182/182 137/137/137
f  173/173/173 183/183/183 174/174/174
f  172/172/172 183/183/183 173/173/173
f  137/137/137 183/183/183 136/136/136
f  183/183/183 137/137/137 182/182/182
f  182/182/182 179/179/179 183/183/183
f  174/174/174 183/183/183 179/179/179
f  183/183/183 172/172/172 184/184/184
f  171/171/171 184/184/184 172/172/172
f  184/184/184 136/136/136 183/183/183
f  184/184/184 171/171/171 185/185/185
f  170/170/170 185/185/185 171/171/171
f  185/185/185 186/186/186 184/184/184
f  136/136/136 184/184/184 186/186/186
f  186/186/186 185/185/185 187/187/187
f  187/187/187 185/185/185 188/188/188
f  170/170/170 189/189/189 185/185/185
f  188/188/188 185/185/185 189/189/189
f  169/169/169 190/190/190 170/170/170
f  189/189/189 170/170/170 190/190/190
f  168/168/168 191/191/191 169/169/169
f  190/190/190 169/169/169 191/191/191
f  191/191/191 168/168/168 192/192/192
f  192/192/192 168/168/168 193/193/193
f  167/167/167 193/193/193 168/168/168
f  193/193/193 167/167/167 194/194/194
f  166/166/166 195/195/195 167/167/167
f  194/194/194 167/167/167 195/195/195
f  125/125/125 196/196/196 166/166/166
f  195/195/195 166/166/166 196/196/196
f  124/124/124 197/197/197 125/125/125
f  196/196/196 125/125/125 197/197/197
f  197/197/197 124/124/124 198/198/198
f  123/123/123 198/198/198 124/124/124
f  122/122/122 199/199/199 123/123/123
f  198/198/198 123/123/123 199/199/199
f  199/199/199 122/122/122 200/200/200
f  121/121/121 201/201/201 122/122/122
f  200/200/200 122/122/122 201/201/201
f  201/201/201 121/121/121 202/202/202
f  118/118/118 202/202/202 121/121/121
f  119/119/119 202/202/202 118/118/118
f  202/202/202 203/203/203 201/201/201
f  203/203/203 202/202/202 119/119/119
f  201/201/201 204/204/204 200/200/200
f  204/204/204 201/201/201 203/203/203
f  205/205/205 200/200/200 204/204/204
f  200/200/200 206/206/206 199/199/199
f  206/206/206 200/200/200 205/205/205
f  207/207/207 199/199/199 206/206/206
f  199/199/199 207/207/207 198/198/198
f  198/198/198 208/208/208 197/197/197
f  208/208/208 198/198/198 207/207/207
f  197/197/197 209/209/209 196/196/196
f  209/209/209 197/197/197 208/208/208
f  196/196/196 210/210/210 195/195/195
f  210/210/210 196/196/196 209/209/209
f  211/211/211 136/136/136 186/186/186
f  136/136/136 211/211/211 71/71/71
f  71/71/71 212/212/212 70/70/70
f  186/186/186 212/212/212 211/211/211
f  212/212/212 186/186/186 187/187/187
f  212/212/212 71/71/71 211/211/211
f  213/213/213 210/210/210 209/209/209
f  210/210/210 214/214/214 195/195/195
f  214/214/214 210/210/210 213/213/213
f  215/215/215 195/195/195 214/214/214
f  195/195/195 215/215/215 194/194/194
f  194/194/194 216/216/216 193/193/193
f  216/216/216 194/194/194 215/215/215
f  193/193/193 217/217/217 192/192/192
f  217/217/217 193/193/193 216/216/216
f  218/218/218 192/192/192 217/217/217
f  219/219/219 192/192/192 218/218/218
f  192/192/192 219/219/219 191/191/191
f  191/191/191 220/220/220 190/190/190
f  220/220/220 191/191/191 219/219/219
f  190/190/190 221/221/221 189/189/189
f  221/221/221 190/190/190 220/220/220
f  189/189/189 222/222/222 188/188/188
f  222/222/222 189/189/189 221/221/221
f  223/223/223 188/188/188 222/222/222
f  224/224/224 188/188/188 223/223/223
f  225/225/225 188/188/188 224/224/224
f  188/188/188 225/225/225 187/187/187
f  187/187/187 225/225/225 212/212/212
f  226/226/226 212/212/212 225/225/225
f  212/212/212 227/227/227 70/70/70
f  70/70/70 227/227/227 67/67/67
f  227/227/227 212/212/212 226/226/226
f  67/67/67 228/228/228 64/64/64
f  64/64/64 228/228/228 62/62/62
f  228/228/228 67/67/67 227/227/227
f  62/62/62 228/228/228 229/229/229
f  227/227/227 230/230/230 228/228/228
f  226/226/226 230/230/230 227/227/227
f  229/229/229 228/228/228 230/230/230
f  225/225/225 231/231/231 226/226/226
f  230/230/230 226/226/226 231/231/231
f  215/215/215 232/232/232 216/216/216
f  232/232/232 218/218/218 217/217/217
f  217/217/217 216/216/216 232/232/232
f  233/233/233 230/230/230 231/231/231
f  230/230/230 233/233/233 229/229/229
f  234/234/234 229/229/229 233/233/233
f  229/229/229 235/235/235 62/62/62
f  61/61/61 62/62/62 235/235/235
f  229/229/229 234/234/234 235/235/235
f  236/236/236 235/235/235 234/234/234
f  60/60/60 61/61/61 237/237/237
f  235/235/235 237/237/237 61/61/61
f  237/237/237 235/235/235 236/236/236
f  233/233/233 238/238/238 234/234/234
f  236/236/236 234/234/234 238/238/238
f  238/238/238 239/239/239 236/236/236
f  236/236/236 240/240/240 237/237/237
f  240/240/240 236/236/236 239/239/239
f  239/239/239 241/241/241 240/240/240
f  241/241/241 239/239/239 242/242/242
f  238/238/238 242/242/242 239/239/239
f  242/242/242 238/238/238 243/243/243
f  233/233/233 244/244/244 238/238/238
f  243/243/243 238/238/238 244/244/244
f  231/231/231 245/245/245 233/233/233
f  244/244/244 233/233/233 245/245/245
f  225/225/225 246/246/246 231/231/231
f  245/245/245 231/231/231 246/246/246
f  246/246/246 225/225/225 247/247/247
f  224/224/224 247/247/247 225/225/225
f  247/247/247 248/248/248 246/246/246
f  246/246/246 249/249/249 245/245/245
f  249/249/249 246/246/246 248/248/248
f  245/245/245 250/250/250 244/244/244
f  250/250/250 245/245/245 249/249/249
f  251/251/251 244/244/244 250/250/250
f  244/244/244 251/251/251 243/243/243
f  249/249/249 252/252/252 250/250/250
f  250/250/250 252/252/252 251/251/251
f  248/248/248 253/253/253 249/249/249
f  252/252/252 249/249/249 253/253/253
f  247/247/247 254/254/254 248/248/248
f  253/253/253 248/248/248 254/254/254
f  254/254/254 247/247/247 255/255/255
f  224/224/224 255/255/255 247/247/247
f  223/223/223 256/256/256 224/224/224
f  255/255/255 224/224/224 256/256/256
f  222/222/222 257/257/257 223/223/223
f  256/256/256 223/223/223 257/257/257
f  257/257/257 222/222/222 258/258/258
f  258/258/258 222/222/222 259/259/259
f  221/221/221 259/259/259 222/222/222
f  220/220/220 260/260/260 221/221/221
f  259/259/259 221/221/221 260/260/260
f  219/219/219 261/261/261 220/220/220
f  260/260/260 220/220/220 261/261/261
f  218/218/218 262/262/262 219/219/219
f  261/261/261 219/219/219 262/262/262
f  262/262/262 218/218/218 263/263/263
f  232/232/232 263/263/263 218/218/218
f  263/263/263 232/232/232 264/264/264
f  215/215/215 265/265/265 232/232/232
f  214/214/214 265/265/265 215/215/215
f  213/213/213 265/265/265 214/214/214
f  264/264/264 232/232/232 265/265/265
f  265/265/265 213/213/213 266/266/266
f  209/209/209 266/266/266 213/213/213
f  208/208/208 266/266/266 209/209/209
f  266/266/266 267/267/267 265/265/265
f  265/265/265 267/267/267 264/264/264
f  267/267/267 266/266/266 208/208/208
f  268/268/268 264/264/264 267/267/267
f  264/264/264 269/269/269 263/263/263
f  269/269/269 264/264/264 268/268/268
f  270/270/270 263/263/263 269/269/269
f  263/263/263 270/270/270 262/262/262
f  262/262/262 270/270/270 261/261/261
f  269/269/269 261/261/261 270/270/270
f  208/208/208 271/271/271 267/267/267
f  207/207/207 271/271/271 208/208/208
f  268/268/268 267/267/267 271/271/271
f  271/271/271 272/272/272 268/268/268
f  271/271/271 207/207/207 272/272/272
f  273/273/273 272/272/272 207/207/207
f  207/207/207 206/206/206 273/273/273
f  274/274/274 272/272/272 273/273/273
f  269/269/269 275/275/275 261/261/261
f  268/268/268 275/275/275 269/269/269
f  275/275/275 268/268/268 272/272/272
f  261/261/261 275/275/275 260/260/260
f  260/260/260 275/275/275 274/274/274
f  272/272/272 274/274/274 275/275/275
f  276/276/276 273/273/273 206/206/206
f  273/273/273 276/276/276 274/274/274
f  260/260/260 274/274/274 276/276/276
f  260/260/260 276/276/276 259/259/259
f  205/205/205 277/277/277 206/206/206
f  276/276/276 206/206/206 277/277/277
f  277/277/277 205/205/205 278/278/278
f  205/205/205 204/204/204 279/279/279
f  279/279/279 278/278/278 205/205/205
f  278/278/278 279/279/279 280/280/280
f  280/280/280 279/279/279 281/281/281
f  282/282/282 204/204/204 203/203/203
f  204/204/204 282/282/282 279/279/279
f  281/281/281 279/279/279 282/282/282
f  283/283/283 259/259/259 276/276/276
f  259/259/259 283/283/283 258/258/258
f  277/277/277 283/283/283 276/276/276
f  284/284/284 258/258/258 283/283/283
f  258/258/258 284/284/284 257/257/257
f  257/257/257 285/285/285 256/256/256
f  285/285/285 257/257/257 284/284/284
f  278/278/278 286/286/286 277/277/277
f  280/280/280 286/286/286 278/278/278
f  283/283/283 277/277/277 286/286/286
f  287/287/287 286/286/286 280/280/280
f  286/286/286 287/287/287 288/288/288
f  283/283/283 288/288/288 284/284/284
f  288/288/288 283/283/283 286/286/286
f  289/289/289 288/288/288 287/287/287
f  290/290/290 284/284/284 288/288/288
f  288/288/288 289/289/289 290/290/290
f  284/284/284 290/290/290 285/285/285
f  291/291/291 290/290/290 289/289/289
f  290/290/290 292/292/292 285/285/285
f  292/292/292 290/290/290 291/291/291
f  285/285/285 293/293/293 256/256/256
f  293/293/293 285/285/285 292/292/292
f  294/294/294 256/256/256 293/293/293
f  256/256/256 294/294/294 255/255/255
f  255/255/255 295/295/295 254/254/254
f  295/295/295 255/255/255 294/294/294
f  254/254/254 296/296/296 253/253/253
f  296/296/296 254/254/254 295/295/295
f  297/297/297 253/253/253 296/296/296
f  298/298/298 253/253/253 297/297/297
f  253/253/253 298/298/298 252/252/252
f  252/252/252 299/299/299 251/251/251
f  299/299/299 252/252/252 298/298/298
f  251/251/251 300/300/300 243/243/243
f  300/300/300 251/251/251 299/299/299
f  243/243/243 300/300/300 242/242/242
f  301/301/301 242/242/242 300/300/300
f  242/242/242 301/301/301 241/241/241
f  241/241/241 302/302/302 240/240/240
f  302/302/302 241/241/241 301/301/301
f  240/240/240 303/303/303 237/237/237
f  303/303/303 240/240/240 302/302/302
f  301/301/301 304/304/304 302/302/302
f  302/302/302 304/304/304 303/303/303
f  300/300/300 305/305/305 301/301/301
f  304/304/304 301/301/301 305/305/305
f  305/305/305 300/300/300 306/306/306
f  299/299/299 306/306/306 300/300/300
f  298/298/298 306/306/306 299/299/299
f  297/297/297 306/306/306 298/298/298
f  307/307/307 306/306/306 297/297/297
f  306/306/306 308/308/308 305/305/305
f  308/308/308 306/306/306 307/307/307
f  305/305/305 309/309/309 304/304/304
f  304/304/304 309/309/309 303/303/303
f  309/309/309 305/305/305 308/308/308
f  303/303/303 309/309/309 310/310/310
f  310/310/310 309/309/309 311/311/311
f  308/308/308 311/311/311 309/309/309
f  307/307/307 312/312/312 308/308/308
f  297/297/297 312/312/312 307/307/307
f  296/296/296 312/312/312 297/297/297
f  295/295/295 312/312/312 296/296/296
f  311/311/311 308/308/308 312/312/312
f  312/312/312 295/295/295 313/313/313
f  294/294/294 313/313/313 295/295/295
f  312/312/312 313/313/313 311/311/311
f  293/293/293 314/314/314 294/294/294
f  313/313/313 294/294/294 314/314/314
f  58/58/58 59/59/59 315/315/315
f  292/292/292 315/315/315 293/293/293
f  314/314/314 293/293/293 315/315/315
f  58/58/58 315/315/315 316/316/316
f  291/291/291 316/316/316 292/292/292
f  315/315/315 292/292/292 316/316/316
f  317/317/317 316/316/316 291/291/291
f  57/57/57 58/58/58 317/317/317
f  316/316/316 317/317/317 58/58/58
f  313/313/313 314/314/314 318/318/318
f  311/311/311 318/318/318 310/310/310
f  318/318/318 311/311/311 313/313/313
f  291/291/291 319/319/319 317/317/317
f  289/289/289 320/320/320 291/291/291
f  319/319/319 291/291/291 320/320/320
f  320/320/320 289/289/289 321/321/321
f  287/287/287 321/321/321 289/289/289
f  280/280/280 322/322/322 287/287/287
f  321/321/321 287/287/287 322/322/322
f  322/322/322 280/280/280 323/323/323
f  281/281/281 323/323/323 280/280/280
f  323/323/323 281/281/281 324/324/324
f  282/282/282 324/324/324 281/281/281
f  324/324/324 282/282/282 325/325/325
f  203/203/203 326/326/326 282/282/282
f  325/325/325 282/282/282 326/326/326
f  119/119/119 327/327/327 203/203/203
f  326/326/326 203/203/203 327/327/327
f  42/42/42 328/328/328 119/119/119
f  10/10/10 328/328/328 42/42/42
f  327/327/327 119/119/119 328/328/328
f  328/328/328 10/10/10 329/329/329
f  11/11/11 329/329/329 10/10/10
f  328/328/328 330/330/330 327/327/327
f  329/329/329 330/330/330 328/328/328
f  327/327/327 331/331/331 326/326/326
f  331/331/331 327/327/327 330/330/330
f  332/332/332 326/326/326 331/331/331
f  326/326/326 332/332/332 325/325/325
f  331/331/331 333/333/333 332/332/332
f  333/333/333 331/331/331 334/334/334
f  330/330/330 334/334/334 331/331/331
f  334/334/334 330/330/330 335/335/335
f  329/329/329 335/335/335 330/330/330
f  336/336/336 335/335/335 329/329/329
f  335/335/335 337/337/337 334/334/334
f  337/337/337 335/335/335 336/336/336
f  338/338/338 334/334/334 337/337/337
f  334/334/334 338/338/338 333/333/333
f  333/333/333 338/338/338 339/339/339
f  337/337/337 340/340/340 338/338/338
f  339/339/339 338/338/338 340/340/340
f  336/336/336 341/341/341 337/337/337
f  340/340/340 337/337/337 341/341/341
f  341/341/341 336/336/336 342/342/342
f  343/343/343 11/11/11 12/12/12
f  343/343/343 342/342/342 336/336/336
f  329/329/329 343/343/343 336/336/336
f  11/11/11 343/343/343 329/329/329
f  342/342/342 343/343/343 344/344/344
f  344/344/344 343/343/343 345/345/345
f  12/12/12 345/345/345 343/343/343
f  345/345/345 12/12/12 13/13/13
f  341/341/341 346/346/346 340/340/340
f  346/346/346 342/342/342 344/344/344
f  342/342/342 346/346/346 341/341/341
f  347/347/347 340/340/340 346/346/346
f  340/340/340 348/348/348 339/339/339
f  348/348/348 340/340/340 347/347/347
f  349/349/349 339/339/339 348/348/348
f  339/339/339 350/350/350 333/333/333
f  350/350/350 339/339/339 349/349/349
f  332/332/332 351/351/351 325/325/325
f  333/333/333 351/351/351 332/332/332
f  351/351/351 333/333/333 350/350/350
f  352/352/352 325/325/325 351/351/351
f  325/325/325 353/353/353 324/324/324
f  353/353/353 325/325/325 352/352/352
f  352/352/352 18/18/18 353/353/353
f  353/353/353 18/18/18 19/19/19
f  23/23/23 353/353/353 19/19/19
f  324/324/324 354/354/354 323/323/323
f  354/354/354 324/324/324 353/353/353
f  323/323/323 355/355/355 322/322/322
f  355/355/355 323/323/323 354/354/354
f  356/356/356 354/354/354 353/353/353
f  25/25/25 356/356/356 23/23/23
f  353/353/353 23/23/23 356/356/356
f  357/357/357 356/356/356 25/25/25
f  25/25/25 28/28/28 357/357/357
f  355/355/355 354/354/354 358/358/358
f  356/356/356 358/358/358 354/354/354
f  358/358/358 356/356/356 357/357/357
f  351/351/351 359/359/359 352/352/352
f  18/18/18 352/352/352 359/359/359
f  18/18/18 359/359/359 17/17/17
f  349/349/349 360/360/360 350/350/350
f  359/359/359 351/351/351 360/360/360
f  350/350/350 360/360/360 351/351/351
f  348/348/348 361/361/361 349/349/349
f  360/360/360 349/349/349 361/361/361
f  361/361/361 348/348/348 362/362/362
f  347/347/347 362/362/362 348/348/348
f  359/359/359 360/360/360 363/363/363
f  363/363/363 361/361/361 362/362/362
f  361/361/361 363/363/363 360/360/360
f  363/363/363 17/17/17 359/359/359
f  364/364/364 15/15/15 17/17/17
f  17/17/17 363/363/363 364/364/364
f  347/347/347 365/365/365 362/362/362
f  364/364/364 363/363/363 365/365/365
f  362/362/362 365/365/365 363/363/363
f  346/346/346 366/366/366 347/347/347
f  365/365/365 347/347/347 366/366/366
f  366/366/366 346/346/346 367/367/367
f  344/344/344 367/367/367 346/346/346
f  368/368/368 366/366/366 367/367/367
f  14/14/14 368/368/368 13/13/13
f  367/367/367 344/344/344 368/368/368
f  345/345/345 368/368/368 344/344/344
f  13/13/13 368/368/368 345/345/345
f  366/366/366 369/369/369 365/365/365
f  368/368/368 369/369/369 366/366/366
f  369/369/369 14/14/14 15/15/15
f  369/369/369 368/368/368 14/14/14
f  365/365/365 369/369/369 364/364/364
f  15/15/15 364/364/364 369/369/369
f  370/370/370 371/371/371 372/372/372
f  373/373/373 372/372/372 371/371/371
f  372/372/372 373/373/373 374/374/374
f  375/375/375 374/374/374 373/373/373
f  374/374/374 375/375/375 376/376/376
f  377/377/377 376/376/376 375/375/375
f  376/376/376 377/377/377 378/378/378
f  379/379/379 378/378/378 377/377/377
f  378/378/378 379/379/379 380/380/380
f  380/380/380 379/379/379 381/381/381
f  381/381/381 379/379/379 382/382/382
f  382/382/382 379/379/379 383/383/383
f  377/377/377 384/384/384 379/379/379
f  383/383/383 379/379/379 384/384/384
f  384/384/384 377/377/377 385/385/385
f  375/375/375 385/385/385 377/377/377
f  385/385/385 375/375/375 386/386/386
f  373/373/373 387/387/387 375/375/375
f  387/387/387 386/386/386 375/375/375
f  386/386/386 387/387/387 388/388/388
f  389/389/389 388/388/388 387/387/387
f  388/388/388 389/389/389 390/390/390
f  390/390/390 389/389/389 391/391/391
f  391/391/391 389/389/389 392/392/392
f  393/393/393 392/392/392 389/389/389
f  393/393/393 373/373/373 371/371/371
f  389/389/389 387/387/387 393/393/393
f  373/373/373 393/393/393 387/387/387
f  392/392/392 393/393/393 394/394/394
f  371/371/371 394/394/394 393/393/393
f  394/394/394 371/371/371 395/395/395
f  370/370/370 395/395/395 371/371/371
f  395/395/395 396/396/396 394/394/394
f  397/397/397 394/394/394 396/396/396
f  398/398/398 392/392/392 394/394/394
f  394/394/394 397/397/397 398/398/398
f  396/396/396 399/399/399 397/397/397
f  399/399/399 398/398/398 397/397/397
f  400/400/400 398/398/398 399/399/399
f  391/391/391 392/392/392 400/400/400
f  398/398/398 400/400/400 392/392/392
f  401/401/401 399/399/399 396/396/396
f  399/399/399 401/401/401 402/402/402
f  403/403/403 402/402/402 401/401/401
f  404/404/404 402/402/402 403/403/403
f  402/402/402 404/404/404 405/405/405
f  406/406/406 405/405/405 404/404/404
f  405/405/405 406/406/406 407/407/407
f  407/407/407 406/406/406 408/408/408
f  408/408/408 406/406/406 409/409/409
f  404/404/404 410/410/410 406/406/406
f  409/409/409 406/406/406 410/410/410
f  405/405/405 411/411/411 402/402/402
f  407/407/407 411/411/411 405/405/405
f  402/402/402 412/412/412 399/399/399
f  400/400/400 412/412/412 391/391/391
f  412/412/412 402/402/402 411/411/411
f  399/399/399 412/412/412 400/400/400
f  411/411/411 413/413/413 412/412/412
f  391/391/391 413/413/413 390/390/390
f  413/413/413 391/391/391 412/412/412
f  407/407/407 413/413/413 411/411/411
f  408/408/408 414/414/414 407/407/407
f  413/413/413 407/407/407 414/414/414
f  414/414/414 390/390/390 413/413/413
f  388/388/388 390/390/390 415/415/415
f  390/390/390 414/414/414 415/415/415
f  415/415/415 414/414/414 416/416/416
f  416/416/416 414/414/414 417/417/417
f  408/408/408 417/417/417 414/414/414
f  409/409/409 417/417/417 408/408/408
f  418/418/418 417/417/417 409/409/409
f  419/419/419 417/417/417 418/418/418
f  420/420/420 417/417/417 419/419/419
f  417/417/417 420/420/420 416/416/416
f  421/421/421 416/416/416 420/420/420
f  416/416/416 422/422/422 415/415/415
f  422/422/422 416/416/416 421/421/421
f  423/423/423 415/415/415 422/422/422
f  424/424/424 415/415/415 423/423/423
f  415/415/415 424/424/424 388/388/388
f  425/425/425 388/388/388 424/424/424
f  388/388/388 425/425/425 386/386/386
f  426/426/426 386/386/386 425/425/425
f  386/386/386 426/426/426 385/385/385
f  420/420/420 427/427/427 421/421/421
f  425/425/425 428/428/428 426/426/426
f  426/426/426 429/429/429 385/385/385
f  429/429/429 426/426/426 428/428/428
f  430/430/430 385/385/385 429/429/429
f  385/385/385 430/430/430 384/384/384
f  431/431/431 384/384/384 430/430/430
f  432/432/432 384/384/384 431/431/431
f  384/384/384 432/432/432 383/383/383
f  433/433/433 383/383/383 432/432/432
f  383/383/383 433/433/433 382/382/382
f  382/382/382 433/433/433 434/434/434
f  434/434/434 433/433/433 435/435/435
f  436/436/436 435/435/435 433/433/433
f  437/437/437 435/435/435 436/436/436
f  435/435/435 437/437/437 438/438/438
f  439/439/439 438/438/438 437/437/437
f  438/438/438 439/439/439 440/440/440
f  441/441/441 440/440/440 439/439/439
f  440/440/440 441/441/441 442/442/442
f  443/443/443 442/442/442 441/441/441
f  442/442/442 443/443/443 444/444/444
f  445/445/445 446/446/446 447/447/447
f  446/446/446 445/445/445 448/448/448
f  448/448/448 445/445/445 449/449/449
f  443/443/443 449/449/449 445/445/445
f  441/441/441 450/450/450 443/443/443
f  449/449/449 443/443/443 450/450/450
f  447/447/447 446/446/446 451/451/451
f  452/452/452 451/451/451 446/446/446
f  451/451/451 452/452/452 453/453/453
f  453/453/453 452/452/452 454/454/454
f  455/455/455 454/454/454 452/452/452
f  456/456/456 454/454/454 455/455/455
f  454/454/454 456/456/456 457/457/457
f  458/458/458 457/457/457 456/456/456
f  457/457/457 458/458/458 459/459/459
f  460/460/460 459/459/459 458/458/458
f  459/459/459 460/460/460 461/461/461
f  462/462/462 461/461/461 460/460/460
f  461/461/461 462/462/462 463/463/463
f  463/463/463 462/462/462 464/464/464
f  465/465/465 464/464/464 462/462/462
f  466/466/466 464/464/464 465/465/465
f  464/464/464 466/466/466 467/467/467
f  468/468/468 467/467/467 466/466/466
f  467/467/467 468/468/468 469/469/469
f  469/469/469 470/470/470 427/427/427
f  470/470/470 469/469/469 468/468/468
f  466/466/466 471/471/471 468/468/468
f  468/468/468 471/471/471 470/470/470
f  471/471/471 466/466/466 472/472/472
f  473/473/473 472/472/472 466/466/466
f  466/466/466 465/465/465 473/473/473
f  474/474/474 472/472/472 473/473/473
f  472/472/472 474/474/474 475/475/475
f  472/472/472 475/475/475 471/471/471
f  476/476/476 475/475/475 474/474/474
f  477/477/477 471/471/471 475/475/475
f  475/475/475 476/476/476 477/477/477
f  471/471/471 477/477/477 470/470/470
f  478/478/478 477/477/477 476/476/476
f  479/479/479 477/477/477 478/478/478
f  477/477/477 479/479/479 470/470/470
f  427/427/427 480/480/480 421/421/421
f  480/480/480 470/470/470 479/479/479
f  470/470/470 480/480/480 427/427/427
f  481/481/481 421/421/421 480/480/480
f  421/421/421 481/481/481 482/482/482
f  482/482/482 422/422/422 421/421/421
f  483/483/483 482/482/482 481/481/481
f  482/482/482 483/483/483 422/422/422
f  422/422/422 483/483/483 423/423/423
f  484/484/484 423/423/423 483/483/483
f  423/423/423 484/484/484 424/424/424
f  485/485/485 424/424/424 484/484/484
f  424/424/424 485/485/485 425/425/425
f  425/425/425 486/486/486 428/428/428
f  486/486/486 425/425/425 485/485/485
f  487/487/487 428/428/428 486/486/486
f  488/488/488 428/428/428 487/487/487
f  428/428/428 488/488/488 429/429/429
f  489/489/489 429/429/429 488/488/488
f  429/429/429 490/490/490 430/430/430
f  490/490/490 429/429/429 489/489/489
f  430/430/430 491/491/491 431/431/431
f  491/491/491 430/430/430 490/490/490
f  431/431/431 492/492/492 432/432/432
f  492/492/492 431/431/431 491/491/491
f  432/432/432 492/492/492 493/493/493
f  491/491/491 494/494/494 492/492/492
f  493/493/493 492/492/492 494/494/494
f  494/494/494 491/491/491 495/495/495
f  491/491/491 490/490/490 496/496/496
f  496/496/496 495/495/495 491/491/491
f  497/497/497 495/495/495 496/496/496
f  495/495/495 497/497/497 494/494/494
f  498/498/498 494/494/494 497/497/497
f  494/494/494 498/498/498 493/493/493
f  499/499/499 496/496/496 490/490/490
f  489/489/489 499/499/499 490/490/490
f  496/496/496 500/500/500 497/497/497
f  500/500/500 496/496/496 499/499/499
f  497/497/497 501/501/501 498/498/498
f  501/501/501 497/497/497 500/500/500
f  488/488/488 502/502/502 489/489/489
f  499/499/499 489/489/489 502/502/502
f  487/487/487 503/503/503 488/488/488
f  502/502/502 488/488/488 503/503/503
f  503/503/503 487/487/487 504/504/504
f  485/485/485 505/505/505 486/486/486
f  486/486/486 505/505/505 487/487/487
f  504/504/504 487/487/487 505/505/505
f  484/484/484 506/506/506 485/485/485
f  505/505/505 485/485/485 506/506/506
f  506/506/506 507/507/507 505/505/505
f  507/507/507 506/506/506 484/484/484
f  505/505/505 508/508/508 504/504/504
f  508/508/508 505/505/505 507/507/507
f  450/450/450 509/509/509 449/449/449
f  504/504/504 508/508/508 509/509/509
f  449/449/449 510/510/510 448/448/448
f  509/509/509 508/508/508 510/510/510
f  510/510/510 449/449/449 509/509/509
f  511/511/511 508/508/508 507/507/507
f  511/511/511 510/510/510 508/508/508
f  510/510/510 511/511/511 512/512/512
f  507/507/507 513/513/513 511/511/511
f  512/512/512 511/511/511 513/513/513
f  484/484/484 514/514/514 507/507/507
f  513/513/513 507/507/507 514/514/514
f  483/483/483 514/514/514 484/484/484
f  481/481/481 515/515/515 483/483/483
f  514/514/514 483/483/483 515/515/515
f  515/515/515 481/481/481 516/516/516
f  479/479/479 516/516/516 480/480/480
f  480/480/480 516/516/516 481/481/481
f  478/478/478 516/516/516 479/479/479
f  478/478/478 476/476/476 517/517/517
f  517/517/517 516/516/516 478/478/478
f  515/515/515 518/518/518 514/514/514
f  516/516/516 517/517/517 518/518/518
f  513/513/513 518/518/518 517/517/517
f  514/514/514 518/518/518 513/513/513
f  518/518/518 515/515/515 516/516/516
f  517/517/517 519/519/519 513/513/513
f  513/513/513 519/519/519 512/512/512
f  519/519/519 517/517/517 476/476/476
f  520/520/520 512/512/512 519/519/519
f  512/512/512 520/520/520 521/521/521
f  521/521/521 520/520/520 522/522/522
f  522/522/522 520/520/520 523/523/523
f  523/523/523 520/520/520 524/524/524
f  524/524/524 476/476/476 474/474/474
f  476/476/476 524/524/524 519/519/519
f  519/519/519 524/524/524 520/520/520
f  448/448/448 510/510/510 525/525/525
f  525/525/525 512/512/512 521/521/521
f  512/512/512 525/525/525 510/510/510
f  525/525/525 446/446/446 448/448/448
f  526/526/526 504/504/504 509/509/509
f  509/509/509 450/450/450 526/526/526
f  441/441/441 526/526/526 450/450/450
f  526/526/526 441/441/441 439/439/439
f  527/527/527 504/504/504 526/526/526
f  504/504/504 527/527/527 528/528/528
f  528/528/528 503/503/503 504/504/504
f  503/503/503 529/529/529 502/502/502
f  528/528/528 529/529/529 503/503/503
f  529/529/529 528/528/528 527/527/527
f  499/499/499 530/530/530 500/500/500
f  530/530/530 502/502/502 529/529/529
f  502/502/502 530/530/530 499/499/499
f  500/500/500 531/531/531 501/501/501
f  531/531/531 500/500/500 530/530/530
f  531/531/531 530/530/530 532/532/532
f  529/529/529 532/532/532 530/530/530
f  532/532/532 529/529/529 533/533/533
f  531/531/531 532/532/532 533/533/533
f  533/533/533 529/529/529 534/534/534
f  527/527/527 534/534/534 529/529/529
f  439/439/439 535/535/535 526/526/526
f  534/534/534 527/527/527 535/535/535
f  526/526/526 535/535/535 527/527/527
f  437/437/437 536/536/536 439/439/439
f  436/436/436 536/536/536 437/437/437
f  535/535/535 439/439/439 536/536/536
f  536/536/536 436/436/436 537/537/537
f  436/436/436 433/433/433 538/538/538
f  538/538/538 537/537/537 436/436/436
f  538/538/538 432/432/432 493/493/493
f  432/432/432 538/538/538 433/433/433
f  493/493/493 539/539/539 538/538/538
f  498/498/498 539/539/539 493/493/493
f  537/537/537 538/538/538 539/539/539
f  501/501/501 540/540/540 498/498/498
f  539/539/539 498/498/498 540/540/540
f  540/540/540 541/541/541 539/539/539
f  541/541/541 540/540/540 501/501/501
f  542/542/542 539/539/539 541/541/541
f  539/539/539 542/542/542 537/537/537
f  537/537/537 542/542/542 536/536/536
f  543/543/543 536/536/536 542/542/542
f  541/541/541 543/543/543 542/542/542
f  536/536/536 543/543/543 535/535/535
f  531/531/531 544/544/544 501/501/501
f  501/501/501 544/544/544 541/541/541
f  543/543/543 541/541/541 544/544/544
f  544/544/544 531/531/531 545/545/545
f  533/533/533 545/545/545 531/531/531
f  544/544/544 546/546/546 543/543/543
f  546/546/546 544/544/544 545/545/545
f  543/543/543 546/546/546 535/535/535
f  534/534/534 546/546/546 533/533/533
f  535/535/535 546/546/546 534/534/534
f  545/545/545 533/533/533 546/546/546
f  547/547/547 548/548/548 549/549/549
f  548/548/548 547/547/547 550/550/550
f  551/551/551 550/550/550 547/547/547
f  550/550/550 551/551/551 552/552/552
f  552/552/552 551/551/551 553/553/553
f  554/554/554 553/553/553 551/551/551
f  549/549/549 548/548/548 555/555/555
f  556/556/556 555/555/555 548/548/548
f  555/555/555 556/556/556 557/557/557
f  552/552/552 558/558/558 550/550/550
f  550/550/550 558/558/558 548/548/548
f  548/548/548 558/558/558 556/556/556
f  559/559/559 558/558/558 552/552/552
f  560/560/560 558/558/558 559/559/559
f  558/558/558 560/560/560 556/556/556
f  556/556/556 561/561/561 557/557/557
f  561/561/561 556/556/556 560/560/560
f  562/562/562 557/557/557 561/561/561
f  557/557/557 562/562/562 563/563/563
f  563/563/563 562/562/562 564/564/564
f  565/565/565 561/561/561 560/560/560
f  561/561/561 565/565/565 562/562/562
f  565/565/565 564/564/564 562/562/562
f  564/564/564 565/565/565 566/566/566
f  567/567/567 560/560/560 559/559/559
f  560/560/560 567/567/567 565/565/565
f  566/566/566 565/565/565 567/567/567
f  566/566/566 568/568/568 564/564/564
f  568/568/568 566/566/566 569/569/569
f  570/570/570 569/569/569 566/566/566
f  566/566/566 567/567/567 570/570/570
f  569/569/569 570/570/570 571/571/571
f  572/572/572 571/571/571 570/570/570
f  571/571/571 572/572/572 573/573/573
f  573/573/573 572/572/572 574/574/574
f  575/575/575 574/574/574 572/572/572
f  576/576/576 574/574/574 575/575/575
f  574/574/574 576/576/576 577/577/577
f  577/577/577 576/576/576 578/578/578
f  579/579/579 578/578/578 576/576/576
f  578/578/578 579/579/579 580/580/580
f  581/581/581 580/580/580 579/579/579
f  580/580/580 581/581/581 582/582/582
f  569/569/569 571/571/571 583/583/583
f  579/579/579 584/584/584 581/581/581
f  584/584/584 579/579/579 585/585/585
f  576/576/576 585/585/585 579/579/579
f  585/585/585 576/576/576 586/586/586
f  575/575/575 587/587/587 576/576/576
f  586/586/586 576/576/576 587/587/587
f  572/572/572 588/588/588 575/575/575
f  587/587/587 575/575/575 588/588/588
f  588/588/588 572/572/572 589/589/589
f  570/570/570 589/589/589 572/572/572
f  567/567/567 590/590/590 570/570/570
f  559/559/559 590/590/590 567/567/567
f  589/589/589 570/570/570 590/590/590
f  552/552/552 591/591/591 559/559/559
f  553/553/553 591/591/591 552/552/552
f  590/590/590 559/559/559 591/591/591
f  591/591/591 553/553/553 592/592/592
f  592/592/592 553/553/553 593/593/593
f  554/554/554 593/593/593 553/553/553
f  594/594/594 593/593/593 554/554/554
f  593/593/593 594/594/594 595/595/595
f  596/596/596 595/595/595 594/594/594
f  595/595/595 596/596/596 597/597/597
f  598/598/598 597/597/597 596/596/596
f  597/597/597 598/598/598 599/599/599
f  600/600/600 599/599/599 598/598/598
f  601/601/601 599/599/599 600/600/600
f  602/602/602 599/599/599 601/601/601
f  599/599/599 602/602/602 603/603/603
f  604/604/604 603/603/603 602/602/602
f  603/603/603 604/604/604 605/605/605
f  606/606/606 605/605/605 604/604/604
f  605/605/605 606/606/606 607/607/607
f  607/607/607 606/606/606 608/608/608
f  609/609/609 608/608/608 606/606/606
f  608/608/608 609/609/609 610/610/610
f  611/611/611 610/610/610 609/609/609
f  612/612/612 610/610/610 611/611/611
f  613/613/613 610/610/610 612/612/612
f  610/610/610 613/613/613 608/608/608
f  614/614/614 608/608/608 613/613/613
f  608/608/608 614/614/614 607/607/607
f  603/603/603 615/615/615 599/599/599
f  605/605/605 615/615/615 603/603/603
f  615/615/615 607/607/607 614/614/614
f  607/607/607 615/615/615 605/605/605
f  599/599/599 616/616/616 597/597/597
f  616/616/616 599/599/599 615/615/615
f  614/614/614 616/616/616 615/615/615
f  617/617/617 597/597/597 616/616/616
f  616/616/616 614/614/614 617/617/617
f  618/618/618 597/597/597 617/617/617
f  597/597/597 618/618/618 595/595/595
f  595/595/595 619/619/619 593/593/593
f  619/619/619 595/595/595 618/618/618
f  593/593/593 619/619/619 592/592/592
f  592/592/592 620/620/620 591/591/591
f  620/620/620 592/592/592 619/619/619
f  591/591/591 621/621/621 590/590/590
f  621/621/621 591/591/591 620/620/620
f  589/589/589 622/622/622 588/588/588
f  590/590/590 622/622/622 589/589/589
f  622/622/622 590/590/590 621/621/621
f  620/620/620 623/623/623 621/621/621
f  621/621/621 623/623/623 622/622/622
f  588/588/588 622/622/622 623/623/623
f  623/623/623 620/620/620 624/624/624
f  619/619/619 625/625/625 620/620/620
f  624/624/624 620/620/620 625/625/625
f  618/618/618 626/626/626 619/619/619
f  625/625/625 619/619/619 626/626/626
f  612/612/612 627/627/627 613/613/613
f  613/613/613 627/627/627 614/614/614
f  617/617/617 627/627/627 618/618/618
f  626/626/626 618/618/618 627/627/627
f  627/627/627 617/617/617 614/614/614
f  628/628/628 627/627/627 612/612/612
f  627/627/627 628/628/628 626/626/626
f  629/629/629 626/626/626 628/628/628
f  626/626/626 630/630/630 625/625/625
f  630/630/630 626/626/626 629/629/629
f  631/631/631 625/625/625 630/630/630
f  625/625/625 631/631/631 624/624/624
f  630/630/630 632/632/632 631/631/631
f  633/633/633 632/632/632 630/630/630
f  632/632/632 633/633/633 634/634/634
f  635/635/635 634/634/634 633/633/633
f  636/636/636 634/634/634 635/635/635
f  637/637/637 634/634/634 636/636/636
f  634/634/634 637/637/637 632/632/632
f  632/632/632 638/638/638 631/631/631
f  638/638/638 632/632/632 637/637/637
f  631/631/631 639/639/639 624/624/624
f  639/639/639 631/631/631 638/638/638
f  624/624/624 640/640/640 623/623/623
f  640/640/640 624/624/624 639/639/639
f  588/588/588 641/641/641 587/587/587
f  623/623/623 641/641/641 588/588/588
f  641/641/641 623/623/623 640/640/640
f  642/642/642 587/587/587 641/641/641
f  643/643/643 587/587/587 642/642/642
f  587/587/587 643/643/643 586/586/586
f  644/644/644 586/586/586 643/643/643
f  586/586/586 644/644/644 585/585/585
f  585/585/585 645/645/645 584/584/584
f  645/645/645 585/585/585 644/644/644
f  646/646/646 584/584/584 645/645/645
f  584/584/584 647/647/647 581/581/581
f  647/647/647 584/584/584 646/646/646
f  648/648/648 581/581/581 647/647/647
f  581/581/581 648/648/648 649/649/649
f  581/581/581 649/649/649 582/582/582
f  650/650/650 649/649/649 648/648/648
f  651/651/651 649/649/649 650/650/650
f  652/652/652 649/649/649 651/651/651
f  649/649/649 652/652/652 582/582/582
f  653/653/653 582/582/582 652/652/652
f  582/582/582 653/653/653 654/654/654
f  654/654/654 653/653/653 655/655/655
f  656/656/656 655/655/655 653/653/653
f  655/655/655 656/656/656 657/657/657
f  658/658/658 657/657/657 656/656/656
f  659/659/659 657/657/657 658/658/658
f  660/660/660 657/657/657 659/659/659
f  657/657/657 661/661/661 655/655/655
f  661/661/661 657/657/657 660/660/660
f  662/662/662 648/648/648 635/635/635
f  633/633/633 662/662/662 635/635/635
f  648/648/648 662/662/662 650/650/650
f  653/653/653 663/663/663 656/656/656
f  656/656/656 663/663/663 658/658/658
f  663/663/663 653/653/653 664/664/664
f  653/653/653 652/652/652 665/665/665
f  665/665/665 664/664/664 653/653/653
f  664/664/664 665/665/665 666/666/666
f  666/666/666 665/665/665 667/667/667
f  668/668/668 652/652/652 651/651/651
f  652/652/652 668/668/668 665/665/665
f  667/667/667 665/665/665 668/668/668
f  664/664/664 669/669/669 663/663/663
f  666/666/666 669/669/669 664/664/664
f  663/663/663 670/670/670 658/658/658
f  670/670/670 663/663/663 669/669/669
f  671/671/671 658/658/658 670/670/670
f  658/658/658 672/672/672 659/659/659
f  672/672/672 658/658/658 671/671/671
f  673/673/673 659/659/659 672/672/672
f  659/659/659 673/673/673 660/660/660
f  674/674/674 660/660/660 673/673/673
f  660/660/660 674/674/674 675/675/675
f  675/675/675 674/674/674 676/676/676
f  677/677/677 676/676/676 674/674/674
f  676/676/676 677/677/677 678/678/678
f  678/678/678 677/677/677 679/679/679
f  680/680/680 679/679/679 677/677/677
f  679/679/679 680/680/680 681/681/681
f  682/682/682 681/681/681 680/680/680
f  681/681/681 682/682/682 683/683/683
f  684/684/684 683/683/683 682/682/682
f  683/683/683 684/684/684 662/662/662
f  650/650/650 662/662/662 684/684/684
f  647/647/647 685/685/685 648/648/648
f  685/685/685 635/635/635 648/648/648
f  635/635/635 685/685/685 636/636/636
f  685/685/685 647/647/647 686/686/686
f  646/646/646 686/686/686 647/647/647
f  645/645/645 687/687/687 646/646/646
f  686/686/686 646/646/646 687/687/687
f  687/687/687 645/645/645 688/688/688
f  644/644/644 688/688/688 645/645/645
f  688/688/688 644/644/644 689/689/689
f  643/643/643 689/689/689 644/644/644
f  642/642/642 690/690/690 643/643/643
f  689/689/689 643/643/643 690/690/690
f  669/669/669 691/691/691 670/670/670
f  671/671/671 670/670/670 691/691/691
f  690/690/690 692/692/692 689/689/689
f  689/689/689 692/692/692 688/688/688
f  688/688/688 693/693/693 687/687/687
f  693/693/693 688/688/688 692/692/692
f  694/694/694 687/687/687 693/693/693
f  687/687/687 694/694/694 686/686/686
f  685/685/685 695/695/695 636/636/636
f  686/686/686 695/695/695 685/685/685
f  695/695/695 686/686/686 694/694/694
f  636/636/636 696/696/696 637/637/637
f  696/696/696 636/636/636 695/695/695
f  697/697/697 637/637/637 696/696/696
f  637/637/637 697/697/697 638/638/638
f  696/696/696 698/698/698 697/697/697
f  695/695/695 698/698/698 696/696/696
f  693/693/693 699/699/699 694/694/694
f  698/698/698 695/695/695 699/699/699
f  694/694/694 699/699/699 695/695/695
f  692/692/692 700/700/700 693/693/693
f  699/699/699 693/693/693 700/700/700
f  699/699/699 700/700/700 698/698/698
f  700/700/700 692/692/692 701/701/701
f  642/642/642 702/702/702 690/690/690
f  701/701/701 692/692/692 702/702/702
f  690/690/690 702/702/702 692/692/692
f  640/640/640 703/703/703 641/641/641
f  702/702/702 642/642/642 703/703/703
f  641/641/641 703/703/703 642/642/642
f  703/703/703 640/640/640 704/704/704
f  639/639/639 704/704/704 640/640/640
f  701/701/701 705/705/705 700/700/700
f  705/705/705 698/698/698 700/700/700
f  698/698/698 705/705/705 697/697/697
f  705/705/705 701/701/701 706/706/706
f  707/707/707 706/706/706 701/701/701
f  697/697/697 708/708/708 638/638/638
f  705/705/705 708/708/708 697/697/697
f  708/708/708 705/705/705 706/706/706
f  704/704/704 708/708/708 707/707/707
f  638/638/638 708/708/708 639/639/639
f  639/639/639 708/708/708 704/704/704
f  706/706/706 707/707/707 708/708/708
f  702/702/702 709/709/709 701/701/701
f  703/703/703 709/709/709 702/702/702
f  709/709/709 703/703/703 704/704/704
f  701/701/701 709/709/709 707/707/707
f  704/704/704 707/707/707 709/709/709
f  710/710/710 711/711/711 712/712/712
f  712/712/712 711/711/711 713/713/713
f  714/714/714 713/713/713 711/711/711
f  713/713/713 714/714/714 715/715/715
f  715/715/715 714/714/714 716/716/716
f  716/716/716 714/714/714 717/717/717
f  717/717/717 714/714/714 718/718/718
f  711/711/711 718/718/718 714/714/714
f  711/711/711 710/710/710 719/719/719
f  719/719/719 710/710/710 720/720/720
f  712/712/712 720/720/720 710/710/710
f  720/720/720 712/712/712 721/721/721
f  722/722/722 721/721/721 712/712/712
f  712/712/712 713/713/713 722/722/722
f  721/721/721 722/722/722 723/723/723
f  724/724/724 723/723/723 722/722/722
f  725/725/725 721/721/721 723/723/723
f  723/723/723 724/724/724 725/725/725
f  725/725/725 724/724/724 726/726/726
f  726/726/726 724/724/724 727/727/727
f  716/716/716 727/727/727 715/715/715
f  715/715/715 727/727/727 724/724/724
f  727/727/727 716/716/716 728/728/728
f  717/717/717 729/729/729 716/716/716
f  728/728/728 716/716/716 729/729/729
f  730/730/730 722/722/722 713/713/713
f  722/722/722 730/730/730 724/724/724
f  713/713/713 715/715/715 730/730/730
f  724/724/724 730/730/730 715/715/715
f  731/731/731 728/728/728 729/729/729
f  728/728/728 731/731/731 727/727/727
f  727/727/727 732/732/732 726/726/726
f  732/732/732 727/727/727 731/731/731
f  731/731/731 733/733/733 732/732/732
f  733/733/733 731/731/731 734/734/734
f  729/729/729 734/734/734 731/731/731
f  734/734/734 729/729/729 735/735/735
f  718/718/718 736/736/736 717/717/717
f  735/735/735 729/729/729 736/736/736
f  717/717/717 736/736/736 729/729/729
f  737/737/737 736/736/736 718/718/718
f  738/738/738 736/736/736 737/737/737
f  736/736/736 738/738/738 735/735/735
f  739/739/739 735/735/735 738/738/738
f  740/740/740 735/735/735 739/739/739
f  735/735/735 740/740/740 741/741/741
f  735/735/735 741/741/741 734/734/734
f  742/742/742 741/741/741 740/740/740
f  743/743/743 734/734/734 741/741/741
f  741/741/741 742/742/742 743/743/743
f  744/744/744 743/743/743 742/742/742
f  743/743/743 744/744/744 745/745/745
f  745/745/745 734/734/734 743/743/743
f  734/734/734 745/745/745 733/733/733
f  745/745/745 746/746/746 733/733/733
f  746/746/746 745/745/745 744/744/744
f  733/733/733 747/747/747 732/732/732
f  747/747/747 733/733/733 746/746/746
f  747/747/747 746/746/746 748/748/748
f  748/748/748 732/732/732 747/747/747
f  732/732/732 748/748/748 726/726/726
f  749/749/749 726/726/726 748/748/748
f  726/726/726 749/749/749 725/725/725
f  750/750/750 748/748/748 746/746/746
f  748/748/748 750/750/750 749/749/749
f  746/746/746 751/751/751 750/750/750
f  744/744/744 751/751/751 746/746/746
f  751/751/751 744/744/744 752/752/752
f  742/742/742 752/752/752 744/744/744
f  752/752/752 742/742/742 753/753/753
f  740/740/740 753/753/753 742/742/742
f  739/739/739 754/754/754 740/740/740
f  753/753/753 740/740/740 754/754/754
f  754/754/754 739/739/739 755/755/755
f  738/738/738 756/756/756 739/739/739
f  755/755/755 739/739/739 756/756/756
f  756/756/756 738/738/738 757/757/757
f  737/737/737 757/757/757 738/738/738
f  757/757/757 737/737/737 758/758/758
f  719/719/719 758/758/758 711/711/711
f  711/711/711 758/758/758 718/718/718
f  718/718/718 758/758/758 737/737/737
f  759/759/759 758/758/758 719/719/719
f  758/758/758 759/759/759 760/760/760
f  760/760/760 757/757/757 758/758/758
f  761/761/761 760/760/760 759/759/759
f  762/762/762 760/760/760 761/761/761
f  760/760/760 763/763/763 757/757/757
f  763/763/763 760/760/760 762/762/762
f  757/757/757 764/764/764 756/756/756
f  764/764/764 757/757/757 763/763/763
f  756/756/756 765/765/765 755/755/755
f  765/765/765 756/756/756 764/764/764
f  766/766/766 755/755/755 765/765/765
f  767/767/767 755/755/755 766/766/766
f  768/768/768 755/755/755 767/767/767
f  755/755/755 768/768/768 754/754/754
f  769/769/769 754/754/754 768/768/768
f  754/754/754 769/769/769 753/753/753
f  763/763/763 770/770/770 764/764/764
f  765/765/765 764/764/764 770/770/770
f  770/770/770 771/771/771 765/765/765
f  766/766/766 765/765/765 771/771/771
f  769/769/769 768/768/768 772/772/772
f  767/767/767 773/773/773 768/768/768
f  772/772/772 768/768/768 773/773/773
f  773/773/773 767/767/767 774/774/774
f  767/767/767 766/766/766 775/775/775
f  775/775/775 774/774/774 767/767/767
f  774/774/774 775/775/775 776/776/776
f  777/777/777 776/776/776 775/775/775
f  776/776/776 777/777/777 778/778/778
f  779/779/779 778/778/778 777/777/777
f  778/778/778 779/779/779 780/780/780
f  781/781/781 780/780/780 779/779/779
f  780/780/780 781/781/781 782/782/782
f  782/782/782 781/781/781 783/783/783
f  783/783/783 781/781/781 784/784/784
f  777/777/777 785/785/785 779/779/779
f  779/779/779 785/785/785 781/781/781
f  784/784/784 781/781/781 785/785/785
f  766/766/766 771/771/771 786/786/786
f  786/786/786 775/775/775 766/766/766
f  785/785/785 777/777/777 786/786/786
f  775/775/775 786/786/786 777/777/777
f  787/787/787 786/786/786 771/771/771
f  786/786/786 787/787/787 785/785/785
f  771/771/771 788/788/788 787/787/787
f  770/770/770 788/788/788 771/771/771
f  788/788/788 770/770/770 789/789/789
f  789/789/789 770/770/770 790/790/790
f  763/763/763 790/790/790 770/770/770
f  762/762/762 791/791/791 763/763/763
f  790/790/790 763/763/763 791/791/791
f  791/791/791 762/762/762 792/792/792
f  792/792/792 762/762/762 793/793/793
f  761/761/761 794/794/794 762/762/762
f  793/793/793 762/762/762 794/794/794
f  794/794/794 761/761/761 795/795/795
f  796/796/796 795/795/795 761/761/761
f  761/761/761 759/759/759 796/796/796
f  795/795/795 796/796/796 797/797/797
f  797/797/797 796/796/796 798/798/798
f  759/759/759 798/798/798 796/796/796
f  720/720/720 799/799/799 719/719/719
f  798/798/798 759/759/759 799/799/799
f  719/719/719 799/799/799 759/759/759
f  721/721/721 800/800/800 720/720/720
f  799/799/799 720/720/720 800/800/800
f  801/801/801 799/799/799 800/800/800
f  799/799/799 801/801/801 798/798/798
f  802/802/802 798/798/798 801/801/801
f  798/798/798 803/803/803 797/797/797
f  803/803/803 798/798/798 802/802/802
f  797/797/797 804/804/804 795/795/795
f  804/804/804 797/797/797 803/803/803
f  805/805/805 795/795/795 804/804/804
f  806/806/806 795/795/795 805/805/805
f  807/807/807 794/794/794 795/795/795
f  795/795/795 806/806/806 807/807/807
f  808/808/808 807/807/807 806/806/806
f  794/794/794 807/807/807 809/809/809
f  807/807/807 808/808/808 809/809/809
f  809/809/809 808/808/808 810/810/810
f  811/811/811 810/810/810 808/808/808
f  812/812/812 810/810/810 811/811/811
f  810/810/810 812/812/812 813/813/813
f  813/813/813 812/812/812 814/814/814
f  815/815/815 814/814/814 812/812/812
f  814/814/814 815/815/815 816/816/816
f  817/817/817 816/816/816 815/815/815
f  816/816/816 817/817/817 818/818/818
f  819/819/819 818/818/818 817/817/817
f  820/820/820 818/818/818 819/819/819
f  818/818/818 820/820/820 821/821/821
f  822/822/822 821/821/821 820/820/820
f  804/804/804 803/803/803 823/823/823
f  824/824/824 818/818/818 821/821/821
f  818/818/818 824/824/824 816/816/816
f  816/816/816 824/824/824 825/825/825
f  825/825/825 824/824/824 826/826/826
f  821/821/821 826/826/826 824/824/824
f  822/822/822 827/827/827 821/821/821
f  826/826/826 821/821/821 827/827/827
f  828/828/828 827/827/827 822/822/822
f  827/827/827 828/828/828 829/829/829
f  830/830/830 829/829/829 828/828/828
f  829/829/829 831/831/831 827/827/827
f  827/827/827 831/831/831 826/826/826
f  832/832/832 826/826/826 831/831/831
f  826/826/826 832/832/832 825/825/825
f  816/816/816 833/833/833 814/814/814
f  825/825/825 833/833/833 816/816/816
f  833/833/833 825/825/825 832/832/832
f  814/814/814 834/834/834 813/813/813
f  834/834/834 814/814/814 833/833/833
f  810/810/810 835/835/835 809/809/809
f  813/813/813 835/835/835 810/810/810
f  835/835/835 813/813/813 834/834/834
f  794/794/794 836/836/836 793/793/793
f  809/809/809 836/836/836 794/794/794
f  836/836/836 809/809/809 835/835/835
f  837/837/837 793/793/793 836/836/836
f  793/793/793 838/838/838 792/792/792
f  831/831/831 838/838/838 832/832/832
f  838/838/838 793/793/793 837/837/837
f  831/831/831 792/792/792 838/838/838
f  829/829/829 839/839/839 831/831/831
f  792/792/792 831/831/831 839/839/839
f  792/792/792 839/839/839 791/791/791
f  840/840/840 839/839/839 829/829/829
f  839/839/839 840/840/840 791/791/791
f  841/841/841 791/791/791 840/840/840
f  791/791/791 841/841/841 790/790/790
f  842/842/842 790/790/790 841/841/841
f  790/790/790 842/842/842 789/789/789
f  843/843/843 789/789/789 842/842/842
f  789/789/789 844/844/844 788/788/788
f  844/844/844 789/789/789 843/843/843
f  845/845/845 788/788/788 844/844/844
f  788/788/788 846/846/846 787/787/787
f  846/846/846 788/788/788 845/845/845
f  847/847/847 787/787/787 846/846/846
f  787/787/787 847/847/847 785/785/785
f  785/785/785 848/848/848 784/784/784
f  848/848/848 785/785/785 847/847/847
f  849/849/849 784/784/784 848/848/848
f  784/784/784 849/849/849 850/850/850
f  851/851/851 850/850/850 849/849/849
f  850/850/850 851/851/851 852/852/852
f  853/853/853 852/852/852 851/851/851
f  852/852/852 853/853/853 854/854/854
f  851/851/851 855/855/855 853/853/853
f  849/849/849 855/855/855 851/851/851
f  848/848/848 856/856/856 849/849/849
f  855/855/855 849/849/849 856/856/856
f  847/847/847 857/857/857 848/848/848
f  856/856/856 848/848/848 857/857/857
f  846/846/846 858/858/858 847/847/847
f  857/857/857 847/847/847 858/858/858
f  859/859/859 858/858/858 846/846/846
f  860/860/860 858/858/858 859/859/859
f  858/858/858 860/860/860 857/857/857
f  857/857/857 861/861/861 856/856/856
f  861/861/861 857/857/857 860/860/860
f  862/862/862 856/856/856 861/861/861
f  856/856/856 862/862/862 855/855/855
f  860/860/860 863/863/863 861/861/861
f  861/861/861 863/863/863 862/862/862
f  863/863/863 860/860/860 864/864/864
f  865/865/865 864/864/864 860/860/860
f  860/860/860 859/859/859 865/865/865
f  866/866/866 864/864/864 865/865/865
f  864/864/864 866/866/866 863/863/863
f  867/867/867 863/863/863 866/866/866
f  863/863/863 867/867/867 862/862/862
f  868/868/868 862/862/862 867/867/867
f  855/855/855 869/869/869 853/853/853
f  862/862/862 869/869/869 855/855/855
f  869/869/869 862/862/862 868/868/868
f  853/853/853 870/870/870 854/854/854
f  870/870/870 853/853/853 869/869/869
f  854/854/854 870/870/870 871/871/871
f  871/871/871 870/870/870 872/872/872
f  870/870/870 869/869/869 873/873/873
f  868/868/868 873/873/873 869/869/869
f  873/873/873 872/872/872 870/870/870
f  872/872/872 873/873/873 874/874/874
f  875/875/875 874/874/874 873/873/873
f  873/873/873 868/868/868 875/875/875
f  874/874/874 875/875/875 876/876/876
f  868/868/868 877/877/877 875/875/875
f  876/876/876 875/875/875 877/877/877
f  877/877/877 868/868/868 878/878/878
f  867/867/867 878/878/878 868/868/868
f  878/878/878 879/879/879 877/877/877
f  879/879/879 878/878/878 867/867/867
f  866/866/866 879/879/879 867/867/867
f  872/872/872 874/874/874 880/880/880
f  876/876/876 880/880/880 874/874/874
f  842/842/842 880/880/880 843/843/843
f  880/880/880 876/876/876 881/881/881
f  882/882/882 881/881/881 876/876/876
f  881/881/881 882/882/882 883/883/883
f  866/866/866 884/884/884 879/879/879
f  883/883/883 882/882/882 884/884/884
f  879/879/879 884/884/884 882/882/882
f  884/884/884 866/866/866 885/885/885
f  865/865/865 885/885/885 866/866/866
f  859/859/859 886/886/886 865/865/865
f  885/885/885 865/865/865 886/886/886
f  886/886/886 859/859/859 887/887/887
f  846/846/846 887/887/887 859/859/859
f  888/888/888 887/887/887 846/846/846
f  846/846/846 845/845/845 888/888/888
f  887/887/887 888/888/888 886/886/886
f  876/876/876 889/889/889 882/882/882
f  879/879/879 889/889/889 877/877/877
f  877/877/877 889/889/889 876/876/876
f  879/879/879 882/882/882 889/889/889
f  890/890/890 843/843/843 880/880/880
f  883/883/883 890/890/890 881/881/881
f  880/880/880 881/881/881 890/890/890
f  843/843/843 890/890/890 844/844/844
f  888/888/888 891/891/891 886/886/886
f  886/886/886 891/891/891 885/885/885
f  885/885/885 892/892/892 884/884/884
f  892/892/892 885/885/885 891/891/891
f  888/888/888 892/892/892 891/891/891
f  884/884/884 892/892/892 883/883/883
f  893/893/893 845/845/845 844/844/844
f  883/883/883 893/893/893 890/890/890
f  845/845/845 893/893/893 888/888/888
f  844/844/844 890/890/890 893/893/893
f  893/893/893 883/883/883 892/892/892
f  892/892/892 888/888/888 893/893/893
f  894/894/894 841/841/841 872/872/872
f  880/880/880 842/842/842 894/894/894
f  880/880/880 894/894/894 872/872/872
f  841/841/841 894/894/894 842/842/842
f  872/872/872 895/895/895 871/871/871
f  895/895/895 872/872/872 841/841/841
f  841/841/841 840/840/840 895/895/895
f  830/830/830 896/896/896 829/829/829
f  829/829/829 896/896/896 840/840/840
f  895/895/895 840/840/840 896/896/896
f  896/896/896 830/830/830 897/897/897
f  898/898/898 897/897/897 830/830/830
f  897/897/897 898/898/898 899/899/899
f  900/900/900 899/899/899 898/898/898
f  895/895/895 901/901/901 871/871/871
f  899/899/899 901/901/901 897/897/897
f  896/896/896 901/901/901 895/895/895
f  897/897/897 901/901/901 896/896/896
f  899/899/899 902/902/902 901/901/901
f  871/871/871 901/901/901 902/902/902
f  749/749/749 903/903/903 725/725/725
f  725/725/725 903/903/903 721/721/721
f  800/800/800 721/721/721 903/903/903
f  903/903/903 749/749/749 904/904/904
f  750/750/750 904/904/904 749/749/749
f  751/751/751 905/905/905 750/750/750
f  904/904/904 750/750/750 905/905/905
f  903/903/903 905/905/905 800/800/800
f  904/904/904 905/905/905 903/903/903
f  752/752/752 906/906/906 751/751/751
f  905/905/905 751/751/751 906/906/906
f  801/801/801 907/907/907 802/802/802
f  905/905/905 906/906/906 907/907/907
f  800/800/800 907/907/907 801/801/801
f  907/907/907 800/800/800 905/905/905
f  908/908/908 802/802/802 907/907/907
f  909/909/909 803/803/803 802/802/802
f  802/802/802 908/908/908 909/909/909
f  909/909/909 908/908/908 910/910/910
f  752/752/752 911/911/911 906/906/906
f  911/911/911 907/907/907 906/906/906
f  910/910/910 908/908/908 911/911/911
f  907/907/907 911/911/911 908/908/908
f  911/911/911 752/752/752 912/912/912
f  753/753/753 912/912/912 752/752/752
f  912/912/912 753/753/753 913/913/913
f  769/769/769 913/913/913 753/753/753
f  772/772/772 914/914/914 769/769/769
f  913/913/913 769/769/769 914/914/914
f  914/914/914 915/915/915 913/913/913
f  916/916/916 915/915/915 914/914/914
f  913/913/913 917/917/917 912/912/912
f  917/917/917 913/913/913 915/915/915
f  918/918/918 912/912/912 917/917/917
f  912/912/912 918/918/918 911/911/911
f  919/919/919 911/911/911 918/918/918
f  911/911/911 919/919/919 910/910/910
f  833/833/833 920/920/920 834/834/834
f  834/834/834 920/920/920 835/835/835
f  835/835/835 920/920/920 836/836/836
f  837/837/837 836/836/836 920/920/920
f  838/838/838 920/920/920 832/832/832
f  832/832/832 920/920/920 833/833/833
f  920/920/920 838/838/838 837/837/837
f  921/921/921 922/922/922 923/923/923
f  923/923/923 922/922/922 924/924/924
f  924/924/924 922/922/922 925/925/925
f  925/925/925 922/922/922 926/926/926
f  927/927/927 926/926/926 922/922/922
f  928/928/928 926/926/926 927/927/927
f  929/929/929 926/926/926 928/928/928
f  926/926/926 929/929/929 925/925/925
f  925/925/925 930/930/930 924/924/924
f  930/930/930 925/925/925 929/929/929
f  931/931/931 921/921/921 923/923/923
f  932/932/932 921/921/921 931/931/931
f  921/921/921 932/932/932 922/922/922
f  933/933/933 922/922/922 932/932/932
f  922/922/922 933/933/933 927/927/927
f  929/929/929 934/934/934 930/930/930
f  934/934/934 929/929/929 935/935/935
f  928/928/928 935/935/935 929/929/929
f  927/927/927 936/936/936 928/928/928
f  935/935/935 928/928/928 936/936/936
f  936/936/936 927/927/927 937/937/937
f  927/927/927 933/933/933 938/938/938
f  938/938/938 937/937/937 927/927/927
f  937/937/937 938/938/938 939/939/939
f  933/933/933 940/940/940 938/938/938
f  939/939/939 938/938/938 940/940/940
f  940/940/940 933/933/933 932/932/932
f  936/936/936 937/937/937 941/941/941
f  936/936/936 941/941/941 935/935/935
f  939/939/939 942/942/942 937/937/937
f  941/941/941 937/937/937 942/942/942
f  943/943/943 935/935/935 941/941/941
f  934/934/934 944/944/944 930/930/930
f  944/944/944 934/934/934 935/935/935
f  935/935/935 943/943/943 944/944/944
f  945/945/945 944/944/944 943/943/943
f  930/930/930 944/944/944 946/946/946
f  946/946/946 944/944/944 945/945/945
f  943/943/943 947/947/947 945/945/945
f  947/947/947 943/943/943 948/948/948
f  941/941/941 948/948/948 943/943/943
f  942/942/942 949/949/949 941/941/941
f  948/948/948 941/941/941 949/949/949
f  949/949/949 942/942/942 950/950/950
f  939/939/939 950/950/950 942/942/942
f  950/950/950 939/939/939 951/951/951
f  940/940/940 951/951/951 939/939/939
f  951/951/951 940/940/940 952/952/952
f  932/932/932 953/953/953 940/940/940
f  952/952/952 940/940/940 953/953/953
f  953/953/953 932/932/932 954/954/954
f  954/954/954 932/932/932 955/955/955
f  931/931/931 955/955/955 932/932/932
f  955/955/955 931/931/931 956/956/956
f  956/956/956 931/931/931 957/957/957
f  923/923/923 957/957/957 931/931/931
f  924/924/924 958/958/958 923/923/923
f  957/957/957 923/923/923 958/958/958
f  930/930/930 959/959/959 924/924/924
f  958/958/958 924/924/924 959/959/959
f  959/959/959 960/960/960 958/958/958
f  946/946/946 960/960/960 930/930/930
f  959/959/959 930/930/930 960/960/960
f  960/960/960 946/946/946 961/961/961
f  945/945/945 962/962/962 946/946/946
f  961/961/961 946/946/946 962/962/962
f  962/962/962 945/945/945 963/963/963
f  947/947/947 963/963/963 945/945/945
f  963/963/963 947/947/947 964/964/964
f  948/948/948 964/964/964 947/947/947
f  964/964/964 948/948/948 965/965/965
f  949/949/949 965/965/965 948/948/948
f  950/950/950 965/965/965 949/949/949
f  965/965/965 950/950/950 966/966/966
f  967/967/967 966/966/966 950/950/950
f  950/950/950 951/951/951 967/967/967
f  966/966/966 967/967/967 968/968/968
f  968/968/968 967/967/967 969/969/969
f  970/970/970 951/951/951 952/952/952
f  969/969/969 967/967/967 970/970/970
f  951/951/951 970/970/970 967/967/967
f  964/964/964 971/971/971 963/963/963
f  965/965/965 971/971/971 964/964/964
f  966/966/966 971/971/971 965/965/965
f  971/971/971 966/966/966 968/968/968
f  962/962/962 972/972/972 961/961/961
f  972/972/972 963/963/963 971/971/971
f  963/963/963 972/972/972 962/962/962
f  973/973/973 961/961/961 972/972/972
f  961/961/961 974/974/974 960/960/960
f  974/974/974 961/961/961 973/973/973
f  960/960/960 974/974/974 958/958/958
f  958/958/958 975/975/975 957/957/957
f  975/975/975 958/958/958 974/974/974
f  957/957/957 976/976/976 956/956/956
f  976/976/976 957/957/957 975/975/975
f  977/977/977 956/956/956 976/976/976
f  956/956/956 977/977/977 978/978/978
f  956/956/956 978/978/978 955/955/955
f  979/979/979 978/978/978 977/977/977
f  980/980/980 978/978/978 979/979/979
f  981/981/981 978/978/978 980/980/980
f  954/954/954 955/955/955 981/981/981
f  978/978/978 981/981/981 955/955/955
f  982/982/982 977/977/977 976/976/976
f  983/983/983 977/977/977 982/982/982
f  977/977/977 984/984/984 979/979/979
f  984/984/984 977/977/977 983/983/983
f  976/976/976 985/985/985 982/982/982
f  975/975/975 985/985/985 976/976/976
f  985/985/985 975/975/975 986/986/986
f  986/986/986 975/975/975 987/987/987
f  974/974/974 988/988/988 975/975/975
f  987/987/987 975/975/975 988/988/988
f  973/973/973 989/989/989 974/974/974
f  988/988/988 974/974/974 989/989/989
f  989/989/989 973/973/973 990/990/990
f  991/991/991 990/990/990 973/973/973
f  973/973/973 972/972/972 991/991/991
f  992/992/992 990/990/990 991/991/991
f  990/990/990 992/992/992 993/993/993
f  994/994/994 993/993/993 992/992/992
f  989/989/989 990/990/990 995/995/995
f  993/993/993 996/996/996 990/990/990
f  995/995/995 990/990/990 996/996/996
f  997/997/997 968/968/968 969/969/969
f  968/968/968 997/997/997 971/971/971
f  971/971/971 997/997/997 972/972/972
f  997/997/997 991/991/991 972/972/972
f  991/991/991 997/997/997 998/998/998
f  969/969/969 998/998/998 997/997/997
f  992/992/992 991/991/991 998/998/998
f  998/998/998 999/999/999 992/992/992
f  992/992/992 999/999/999 994/994/994
f  999/999/999 998/998/998 969/969/969
f  994/994/994 999/999/999 1000/1000/1000
f  1000/1000/1000 999/999/999 1001/1001/1001
f  1001/1001/1001 999/999/999 1002/1002/1002
f  969/969/969 1002/1002/1002 999/999/999
f  970/970/970 1002/1002/1002 969/969/969
f  1002/1002/1002 1003/1003/1003 1001/1001/1001
f  1003/1003/1003 1002/1002/1002 970/970/970
f  970/970/970 952/952/952 1003/1003/1003
f  1001/1001/1001 1003/1003/1003 1004/1004/1004
f  1005/1005/1005 1004/1004/1004 1003/1003/1003
f  1004/1004/1004 1005/1005/1005 1006/1006/1006
f  1003/1003/1003 1007/1007/1007 1005/1005/1005
f  1007/1007/1007 1003/1003/1003 952/952/952
f  953/953/953 1008/1008/1008 952/952/952
f  952/952/952 1008/1008/1008 1007/1007/1007
f  954/954/954 1009/1009/1009 953/953/953
f  1008/1008/1008 953/953/953 1009/1009/1009
f  1009/1009/1009 954/954/954 1010/1010/1010
f  981/981/981 1010/1010/1010 954/954/954
f  1010/1010/1010 981/981/981 1011/1011/1011
f  980/980/980 1011/1011/1011 981/981/981
f  1011/1011/1011 980/980/980 1012/1012/1012
f  979/979/979 1013/1013/1013 980/980/980
f  1013/1013/1013 1012/1012/1012 980/980/980
f  1012/1012/1012 1013/1013/1013 1014/1014/1014
f  1015/1015/1015 1014/1014/1014 1013/1013/1013
f  1016/1016/1016 1014/1014/1014 1015/1015/1015
f  1017/1017/1017 1014/1014/1014 1016/1016/1016
f  1014/1014/1014 1018/1018/1018 1012/1012/1012
f  1018/1018/1018 1014/1014/1014 1017/1017/1017
f  1012/1012/1012 1019/1019/1019 1011/1011/1011
f  1019/1019/1019 1012/1012/1012 1018/1018/1018
f  1020/1020/1020 1011/1011/1011 1019/1019/1019
f  1011/1011/1011 1020/1020/1020 1010/1010/1010
f  1010/1010/1010 1021/1021/1021 1009/1009/1009
f  1021/1021/1021 1010/1010/1010 1020/1020/1020
f  1009/1009/1009 1022/1022/1022 1008/1008/1008
f  1022/1022/1022 1009/1009/1009 1021/1021/1021
f  1015/1015/1015 1013/1013/1013 1023/1023/1023
f  1013/1013/1013 979/979/979 1023/1023/1023
f  984/984/984 1023/1023/1023 979/979/979
f  1021/1021/1021 1024/1024/1024 1022/1022/1022
f  1020/1020/1020 1024/1024/1024 1021/1021/1021
f  1024/1024/1024 1020/1020/1020 1025/1025/1025
f  1019/1019/1019 1025/1025/1025 1020/1020/1020
f  1025/1025/1025 1019/1019/1019 1026/1026/1026
f  1018/1018/1018 1026/1026/1026 1019/1019/1019
f  1026/1026/1026 1018/1018/1018 1027/1027/1027
f  1017/1017/1017 1028/1028/1028 1018/1018/1018
f  1027/1027/1027 1018/1018/1018 1028/1028/1028
f  1028/1028/1028 1017/1017/1017 1029/1029/1029
f  1016/1016/1016 1030/1030/1030 1017/1017/1017
f  1030/1030/1030 1029/1029/1029 1017/1017/1017
f  1029/1029/1029 1030/1030/1030 1031/1031/1031
f  1032/1032/1032 1031/1031/1031 1030/1030/1030
f  1033/1033/1033 1031/1031/1031 1032/1032/1032
f  1034/1034/1034 1031/1031/1031 1033/1033/1033
f  1031/1031/1031 1035/1035/1035 1029/1029/1029
f  1035/1035/1035 1031/1031/1031 1034/1034/1034
f  1036/1036/1036 1029/1029/1029 1035/1035/1035
f  1029/1029/1029 1036/1036/1036 1028/1028/1028
f  1028/1028/1028 1037/1037/1037 1027/1027/1027
f  1037/1037/1037 1028/1028/1028 1036/1036/1036
f  1038/1038/1038 1027/1027/1027 1037/1037/1037
f  1039/1039/1039 1027/1027/1027 1038/1038/1038
f  1027/1027/1027 1040/1040/1040 1026/1026/1026
f  1040/1040/1040 1027/1027/1027 1039/1039/1039
f  1026/1026/1026 1040/1040/1040 1025/1025/1025
f  1041/1041/1041 1025/1025/1025 1040/1040/1040
f  1042/1042/1042 1025/1025/1025 1041/1041/1041
f  1025/1025/1025 1042/1042/1042 1024/1024/1024
f  1043/1043/1043 1024/1024/1024 1042/1042/1042
f  1024/1024/1024 1044/1044/1044 1022/1022/1022
f  1044/1044/1044 1024/1024/1024 1043/1043/1043
f  1007/1007/1007 1045/1045/1045 1005/1005/1005
f  1008/1008/1008 1045/1045/1045 1007/1007/1007
f  1022/1022/1022 1045/1045/1045 1008/1008/1008
f  1045/1045/1045 1022/1022/1022 1044/1044/1044
f  1046/1046/1046 1005/1005/1005 1045/1045/1045
f  1005/1005/1005 1046/1046/1046 1006/1006/1006
f  1047/1047/1047 1006/1006/1006 1046/1046/1046
f  1006/1006/1006 1047/1047/1047 1048/1048/1048
f  1030/1030/1030 1016/1016/1016 1049/1049/1049
f  1030/1030/1030 1049/1049/1049 1032/1032/1032
f  1015/1015/1015 1049/1049/1049 1016/1016/1016
f  1037/1037/1037 1050/1050/1050 1038/1038/1038
f  1044/1044/1044 1051/1051/1051 1045/1045/1045
f  1047/1047/1047 1046/1046/1046 1051/1051/1051
f  1045/1045/1045 1051/1051/1051 1046/1046/1046
f  1051/1051/1051 1044/1044/1044 1052/1052/1052
f  1043/1043/1043 1052/1052/1052 1044/1044/1044
f  1052/1052/1052 1043/1043/1043 1053/1053/1053
f  1042/1042/1042 1054/1054/1054 1043/1043/1043
f  1053/1053/1053 1043/1043/1043 1054/1054/1054
f  1054/1054/1054 1042/1042/1042 1055/1055/1055
f  1041/1041/1041 1055/1055/1055 1042/1042/1042
f  1040/1040/1040 1056/1056/1056 1041/1041/1041
f  1055/1055/1055 1041/1041/1041 1056/1056/1056
f  1039/1039/1039 1057/1057/1057 1040/1040/1040
f  1056/1056/1056 1040/1040/1040 1057/1057/1057
f  1057/1057/1057 1039/1039/1039 1058/1058/1058
f  1038/1038/1038 1058/1058/1058 1039/1039/1039
f  1058/1058/1058 1038/1038/1038 1059/1059/1059
f  1050/1050/1050 1060/1060/1060 1038/1038/1038
f  1059/1059/1059 1038/1038/1038 1060/1060/1060
f  1060/1060/1060 1050/1050/1050 1061/1061/1061
f  1062/1062/1062 1061/1061/1061 1050/1050/1050
f  1061/1061/1061 1062/1062/1062 1063/1063/1063
f  1064/1064/1064 1063/1063/1063 1062/1062/1062
f  1063/1063/1063 1064/1064/1064 1065/1065/1065
f  1066/1066/1066 1065/1065/1065 1064/1064/1064
f  1065/1065/1065 1066/1066/1066 1067/1067/1067
f  1068/1068/1068 1067/1067/1067 1066/1066/1066
f  1067/1067/1067 1068/1068/1068 1053/1053/1053
f  1053/1053/1053 1068/1068/1068 1052/1052/1052
f  1052/1052/1052 1069/1069/1069 1051/1051/1051
f  1069/1069/1069 1052/1052/1052 1068/1068/1068
f  1047/1047/1047 1051/1051/1051 1069/1069/1069
f  1054/1054/1054 1070/1070/1070 1053/1053/1053
f  1067/1067/1067 1053/1053/1053 1070/1070/1070
f  1070/1070/1070 1071/1071/1071 1067/1067/1067
f  1067/1067/1067 1071/1071/1071 1065/1065/1065
f  1072/1072/1072 1065/1065/1065 1071/1071/1071
f  1065/1065/1065 1072/1072/1072 1063/1063/1063
f  1073/1073/1073 1063/1063/1063 1072/1072/1072
f  1063/1063/1063 1073/1073/1073 1061/1061/1061
f  1074/1074/1074 1061/1061/1061 1073/1073/1073
f  1061/1061/1061 1074/1074/1074 1060/1060/1060
f  1060/1060/1060 1075/1075/1075 1059/1059/1059
f  1075/1075/1075 1060/1060/1060 1074/1074/1074
f  1073/1073/1073 1076/1076/1076 1074/1074/1074
f  1074/1074/1074 1076/1076/1076 1075/1075/1075
f  1076/1076/1076 1073/1073/1073 1077/1077/1077
f  1072/1072/1072 1077/1077/1077 1073/1073/1073
f  1077/1077/1077 1072/1072/1072 1078/1078/1078
f  1078/1078/1078 1072/1072/1072 1079/1079/1079
f  1071/1071/1071 1079/1079/1079 1072/1072/1072
f  1079/1079/1079 1071/1071/1071 1080/1080/1080
f  1070/1070/1070 1080/1080/1080 1071/1071/1071
f  1054/1054/1054 1081/1081/1081 1070/1070/1070
f  1080/1080/1080 1070/1070/1070 1081/1081/1081
f  1081/1081/1081 1054/1054/1054 1082/1082/1082
f  1055/1055/1055 1082/1082/1082 1054/1054/1054
f  1082/1082/1082 1055/1055/1055 1083/1083/1083
f  1057/1057/1057 1083/1083/1083 1056/1056/1056
f  1056/1056/1056 1083/1083/1083 1055/1055/1055
f  1083/1083/1083 1057/1057/1057 1084/1084/1084
f  1059/1059/1059 1085/1085/1085 1058/1058/1058
f  1058/1058/1058 1085/1085/1085 1057/1057/1057
f  1084/1084/1084 1057/1057/1057 1085/1085/1085
f  1085/1085/1085 1059/1059/1059 1086/1086/1086
f  1087/1087/1087 1086/1086/1086 1059/1059/1059
f  1076/1076/1076 1087/1087/1087 1075/1075/1075
f  1059/1059/1059 1075/1075/1075 1087/1087/1087
f  1086/1086/1086 1087/1087/1087 1088/1088/1088
f  1088/1088/1088 1087/1087/1087 1089/1089/1089
f  1089/1089/1089 1087/1087/1087 1076/1076/1076
f  1088/1088/1088 1090/1090/1090 1086/1086/1086
f  1086/1086/1086 1090/1090/1090 1085/1085/1085
f  1085/1085/1085 1091/1091/1091 1084/1084/1084
f  1091/1091/1091 1085/1085/1085 1090/1090/1090
f  1092/1092/1092 1084/1084/1084 1091/1091/1091
f  1084/1084/1084 1092/1092/1092 1083/1083/1083
f  1093/1093/1093 1083/1083/1083 1092/1092/1092
f  1083/1083/1083 1093/1093/1093 1082/1082/1082
f  1094/1094/1094 1082/1082/1082 1093/1093/1093
f  1082/1082/1082 1094/1094/1094 1081/1081/1081
f  1095/1095/1095 1081/1081/1081 1094/1094/1094
f  1081/1081/1081 1095/1095/1095 1080/1080/1080
f  1096/1096/1096 1080/1080/1080 1095/1095/1095
f  1080/1080/1080 1096/1096/1096 1079/1079/1079
f  1097/1097/1097 1079/1079/1079 1096/1096/1096
f  1079/1079/1079 1097/1097/1097 1078/1078/1078
f  1098/1098/1098 1078/1078/1078 1097/1097/1097
f  1078/1078/1078 1098/1098/1098 1077/1077/1077
f  1097/1097/1097 1099/1099/1099 1098/1098/1098
f  1096/1096/1096 1099/1099/1099 1097/1097/1097
f  1095/1095/1095 1100/1100/1100 1096/1096/1096
f  1094/1094/1094 1100/1100/1100 1095/1095/1095
f  1099/1099/1099 1096/1096/1096 1100/1100/1100
f  1090/1090/1090 1101/1101/1101 1091/1091/1091
f  1092/1092/1092 1101/1101/1101 1093/1093/1093
f  1100/1100/1100 1094/1094/1094 1101/1101/1101
f  1093/1093/1093 1101/1101/1101 1094/1094/1094
f  1091/1091/1091 1101/1101/1101 1092/1092/1092
f  1100/1100/1100 1102/1102/1102 1099/1099/1099
f  1101/1101/1101 1102/1102/1102 1100/1100/1100
f  1090/1090/1090 1088/1088/1088 1102/1102/1102
f  1089/1089/1089 1102/1102/1102 1088/1088/1088
f  1102/1102/1102 1101/1101/1101 1090/1090/1090
f  1102/1102/1102 1089/1089/1089 1103/1103/1103
f  1077/1077/1077 1103/1103/1103 1076/1076/1076
f  1098/1098/1098 1103/1103/1103 1077/1077/1077
f  1099/1099/1099 1103/1103/1103 1098/1098/1098
f  1103/1103/1103 1099/1099/1099 1102/1102/1102
f  1076/1076/1076 1103/1103/1103 1089/1089/1089
f  315/315/315 1104/1104/1104 314/314/314
f  60/60/60 1104/1104/1104 59/59/59
f  1104/1104/1104 315/315/315 59/59/59
f  314/314/314 1104/1104/1104 318/318/318
f  237/237/237 1105/1105/1105 60/60/60
f  1104/1104/1104 60/60/60 1105/1105/1105
f  303/303/303 1105/1105/1105 237/237/237
f  318/318/318 1105/1105/1105 310/310/310
f  1105/1105/1105 318/318/318 1104/1104/1104
f  310/310/310 1105/1105/1105 303/303/303
f  320/320/320 1106/1106/1106 319/319/319
f  1106/1106/1106 320/320/320 1107/1107/1107
f  321/321/321 1107/1107/1107 320/320/320
f  1107/1107/1107 321/321/321 1108/1108/1108
f  1109/1109/1109 1108/1108/1108 321/321/321
f  1110/1110/1110 1108/1108/1108 1109/1109/1109
f  1108/1108/1108 1111/1111/1111 1107/1107/1107
f  1111/1111/1111 1108/1108/1108 1110/1110/1110
f  321/321/321 1112/1112/1112 1109/1109/1109
f  322/322/322 1112/1112/1112 321/321/321
f  355/355/355 1113/1113/1113 322/322/322
f  1112/1112/1112 322/322/322 1113/1113/1113
f  358/358/358 1113/1113/1113 355/355/355
f  1113/1113/1113 358/358/358 1114/1114/1114
f  1115/1115/1115 1114/1114/1114 358/358/358
f  358/358/358 357/357/357 1115/1115/1115
f  1116/1116/1116 1114/1114/1114 1115/1115/1115
f  1114/1114/1114 1116/1116/1116 1113/1113/1113
f  1112/1112/1112 1117/1117/1117 1109/1109/1109
f  1113/1113/1113 1117/1117/1117 1112/1112/1112
f  1117/1117/1117 1113/1113/1113 1116/1116/1116
f  1109/1109/1109 1118/1118/1118 1110/1110/1110
f  1118/1118/1118 1109/1109/1109 1117/1117/1117
f  1119/1119/1119 1110/1110/1110 1118/1118/1118
f  1110/1110/1110 1119/1119/1119 1111/1111/1111
f  1120/1120/1120 1111/1111/1111 1119/1119/1119
f  1111/1111/1111 1120/1120/1120 1107/1107/1107
f  1107/1107/1107 1121/1121/1121 1106/1106/1106
f  1121/1121/1121 1107/1107/1107 1120/1120/1120
f  1118/1118/1118 1122/1122/1122 1119/1119/1119
f  1116/1116/1116 1122/1122/1122 1117/1117/1117
f  1118/1118/1118 1117/1117/1117 1122/1122/1122
f  1122/1122/1122 1116/1116/1116 1123/1123/1123
f  1123/1123/1123 1116/1116/1116 1124/1124/1124
f  1115/1115/1115 1124/1124/1124 1116/1116/1116
f  357/357/357 1125/1125/1125 1115/1115/1115
f  1124/1124/1124 1115/1115/1115 1125/1125/1125
f  1125/1125/1125 357/357/357 28/28/28
f  56/56/56 1125/1125/1125 28/28/28
f  1123/1123/1123 1126/1126/1126 1122/1122/1122
f  1126/1126/1126 1119/1119/1119 1122/1122/1122
f  1121/1121/1121 1120/1120/1120 1127/1127/1127
f  1127/1127/1127 1119/1119/1119 1126/1126/1126
f  1119/1119/1119 1127/1127/1127 1120/1120/1120
f  55/55/55 1128/1128/1128 56/56/56
f  1125/1125/1125 56/56/56 1128/1128/1128
f  1124/1124/1124 1129/1129/1129 1123/1123/1123
f  1128/1128/1128 1129/1129/1129 1125/1125/1125
f  1125/1125/1125 1129/1129/1129 1124/1124/1124
f  1123/1123/1123 1130/1130/1130 1126/1126/1126
f  1130/1130/1130 1123/1123/1123 1129/1129/1129
f  1126/1126/1126 1131/1131/1131 1127/1127/1127
f  1131/1131/1131 1126/1126/1126 1130/1130/1130
f  1132/1132/1132 1127/1127/1127 1131/1131/1131
f  1133/1133/1133 1127/1127/1127 1132/1132/1132
f  1127/1127/1127 1133/1133/1133 1121/1121/1121
f  1121/1121/1121 1134/1134/1134 1106/1106/1106
f  1134/1134/1134 1121/1121/1121 1133/1133/1133
f  319/319/319 1135/1135/1135 317/317/317
f  1106/1106/1106 1135/1135/1135 319/319/319
f  1135/1135/1135 1106/1106/1106 1134/1134/1134
f  317/317/317 1135/1135/1135 57/57/57
f  1136/1136/1136 57/57/57 1135/1135/1135
f  57/57/57 1136/1136/1136 55/55/55
f  1137/1137/1137 55/55/55 1136/1136/1136
f  55/55/55 1137/1137/1137 1128/1128/1128
f  1138/1138/1138 1132/1132/1132 1131/1131/1131
f  1138/1138/1138 1128/1128/1128 1137/1137/1137
f  1129/1129/1129 1139/1139/1139 1130/1130/1130
f  1139/1139/1139 1129/1129/1129 1128/1128/1128
f  1131/1131/1131 1139/1139/1139 1138/1138/1138
f  1128/1128/1128 1138/1138/1138 1139/1139/1139
f  1130/1130/1130 1139/1139/1139 1131/1131/1131
f  1137/1137/1137 1140/1140/1140 1138/1138/1138
f  1136/1136/1136 1140/1140/1140 1137/1137/1137
f  1135/1135/1135 1140/1140/1140 1136/1136/1136
f  1134/1134/1134 1140/1140/1140 1135/1135/1135
f  1133/1133/1133 1140/1140/1140 1134/1134/1134
f  1140/1140/1140 1133/1133/1133 1132/1132/1132
f  1132/1132/1132 1138/1138/1138 1140/1140/1140
f  1141/1141/1141 651/651/651 650/650/650
f  650/650/650 684/684/684 1141/1141/1141
f  1142/1142/1142 651/651/651 1141/1141/1141
f  651/651/651 1142/1142/1142 668/668/668
f  1143/1143/1143 668/668/668 1142/1142/1142
f  668/668/668 1143/1143/1143 667/667/667
f  669/669/669 1144/1144/1144 691/691/691
f  666/666/666 1144/1144/1144 669/669/669
f  667/667/667 1144/1144/1144 666/666/666
f  1144/1144/1144 667/667/667 1143/1143/1143
f  1145/1145/1145 691/691/691 1144/1144/1144
f  691/691/691 1146/1146/1146 671/671/671
f  1146/1146/1146 691/691/691 1145/1145/1145
f  671/671/671 1147/1147/1147 672/672/672
f  1147/1147/1147 671/671/671 1146/1146/1146
f  672/672/672 1148/1148/1148 673/673/673
f  1148/1148/1148 672/672/672 1147/1147/1147
f  673/673/673 1148/1148/1148 1149/1149/1149
f  1147/1147/1147 1150/1150/1150 1148/1148/1148
f  1150/1150/1150 1149/1149/1149 1148/1148/1148
f  1150/1150/1150 1147/1147/1147 1146/1146/1146
f  1145/1145/1145 1151/1151/1151 1146/1146/1146
f  1146/1146/1146 1151/1151/1151 1150/1150/1150
f  1149/1149/1149 1150/1150/1150 1151/1151/1151
f  1152/1152/1152 1151/1151/1151 1145/1145/1145
f  1151/1151/1151 1153/1153/1153 1149/1149/1149
f  1153/1153/1153 1151/1151/1151 1152/1152/1152
f  677/677/677 1154/1154/1154 680/680/680
f  674/674/674 1154/1154/1154 677/677/677
f  673/673/673 1154/1154/1154 674/674/674
f  1149/1149/1149 1154/1154/1154 673/673/673
f  1154/1154/1154 1149/1149/1149 1153/1153/1153
f  1155/1155/1155 680/680/680 1154/1154/1154
f  1153/1153/1153 1155/1155/1155 1154/1154/1154
f  680/680/680 1155/1155/1155 682/682/682
f  1152/1152/1152 1156/1156/1156 1153/1153/1153
f  1155/1155/1155 1153/1153/1153 1156/1156/1156
f  1145/1145/1145 1157/1157/1157 1152/1152/1152
f  1156/1156/1156 1152/1152/1152 1157/1157/1157
f  1143/1143/1143 1158/1158/1158 1144/1144/1144
f  1142/1142/1142 1158/1158/1158 1143/1143/1143
f  1157/1157/1157 1145/1145/1145 1158/1158/1158
f  1144/1144/1144 1158/1158/1158 1145/1145/1145
f  1157/1157/1157 1159/1159/1159 1156/1156/1156
f  1159/1159/1159 1158/1158/1158 1142/1142/1142
f  1158/1158/1158 1159/1159/1159 1157/1157/1157
f  1141/1141/1141 1159/1159/1159 1142/1142/1142
f  1159/1159/1159 1141/1141/1141 1160/1160/1160
f  1160/1160/1160 684/684/684 682/682/682
f  684/684/684 1160/1160/1160 1141/1141/1141
f  1160/1160/1160 1156/1156/1156 1159/1159/1159
f  1161/1161/1161 1155/1155/1155 1156/1156/1156
f  682/682/682 1161/1161/1161 1160/1160/1160
f  1156/1156/1156 1160/1160/1160 1161/1161/1161
f  1155/1155/1155 1161/1161/1161 682/682/682
f  1162/1162/1162 1163/1163/1163 1164/1164/1164
f  1165/1165/1165 1164/1164/1164 1163/1163/1163
f  1162/1162/1162 1166/1166/1166 1163/1163/1163
f  1163/1163/1163 1166/1166/1166 1167/1167/1167
f  1167/1167/1167 1166/1166/1166 1168/1168/1168
f  1168/1168/1168 1166/1166/1166 1169/1169/1169
f  1170/1170/1170 1169/1169/1169 1166/1166/1166
f  1162/1162/1162 1170/1170/1170 1166/1166/1166
f  1169/1169/1169 1170/1170/1170 1171/1171/1171
f  1171/1171/1171 1170/1170/1170 1172/1172/1172
f  1173/1173/1173 1162/1162/1162 1164/1164/1164
f  1162/1162/1162 1173/1173/1173 1170/1170/1170
f  1172/1172/1172 1170/1170/1170 1173/1173/1173
f  1169/1169/1169 1174/1174/1174 1168/1168/1168
f  1171/1171/1171 1174/1174/1174 1169/1169/1169
f  1175/1175/1175 1168/1168/1168 1174/1174/1174
f  1168/1168/1168 1175/1175/1175 1176/1176/1176
f  1176/1176/1176 1167/1167/1167 1168/1168/1168
f  1177/1177/1177 1176/1176/1176 1175/1175/1175
f  1177/1177/1177 1175/1175/1175 1174/1174/1174
f  1176/1176/1176 1177/1177/1177 1178/1178/1178
f  1178/1178/1178 1177/1177/1177 1179/1179/1179
f  1179/1179/1179 1177/1177/1177 1180/1180/1180
f  1174/1174/1174 1180/1180/1180 1177/1177/1177
f  1180/1180/1180 1174/1174/1174 1181/1181/1181
f  1182/1182/1182 1174/1174/1174 1171/1171/1171
f  1182/1182/1182 1181/1181/1181 1174/1174/1174
f  1171/1171/1171 1183/1183/1183 1182/1182/1182
f  1181/1181/1181 1182/1182/1182 1183/1183/1183
f  1172/1172/1172 1184/1184/1184 1171/1171/1171
f  1183/1183/1183 1171/1171/1171 1184/1184/1184
f  1184/1184/1184 1172/1172/1172 1185/1185/1185
f  1173/1173/1173 1186/1186/1186 1172/1172/1172
f  1186/1186/1186 1185/1185/1185 1172/1172/1172
f  1187/1187/1187 1185/1185/1185 1186/1186/1186
f  1188/1188/1188 1185/1185/1185 1187/1187/1187
f  1189/1189/1189 1185/1185/1185 1188/1188/1188
f  1185/1185/1185 1189/1189/1189 1190/1190/1190
f  1185/1185/1185 1190/1190/1190 1184/1184/1184
f  1191/1191/1191 1190/1190/1190 1189/1189/1189
f  1192/1192/1192 1190/1190/1190 1191/1191/1191
f  1190/1190/1190 1193/1193/1193 1184/1184/1184
f  1193/1193/1193 1190/1190/1190 1192/1192/1192
f  1184/1184/1184 1193/1193/1193 1183/1183/1183
f  1194/1194/1194 1183/1183/1183 1193/1193/1193
f  1183/1183/1183 1194/1194/1194 1181/1181/1181
f  1192/1192/1192 1195/1195/1195 1193/1193/1193
f  1193/1193/1193 1196/1196/1196 1194/1194/1194
f  1196/1196/1196 1193/1193/1193 1195/1195/1195
f  1195/1195/1195 1197/1197/1197 1196/1196/1196
f  1198/1198/1198 1197/1197/1197 1195/1195/1195
f  1197/1197/1197 1198/1198/1198 1199/1199/1199
f  1200/1200/1200 1199/1199/1199 1198/1198/1198
f  1201/1201/1201 1199/1199/1199 1200/1200/1200
f  1202/1202/1202 1199/1199/1199 1201/1201/1201
f  1203/1203/1203 1199/1199/1199 1202/1202/1202
f  1204/1204/1204 1199/1199/1199 1203/1203/1203
f  1205/1205/1205 1199/1199/1199 1204/1204/1204
f  1199/1199/1199 1205/1205/1205 1197/1197/1197
f  1197/1197/1197 1206/1206/1206 1196/1196/1196
f  1206/1206/1206 1197/1197/1197 1205/1205/1205
f  1196/1196/1196 1206/1206/1206 1194/1194/1194
f  1207/1207/1207 1194/1194/1194 1206/1206/1206
f  1194/1194/1194 1208/1208/1208 1181/1181/1181
f  1208/1208/1208 1194/1194/1194 1207/1207/1207
f  1181/1181/1181 1209/1209/1209 1180/1180/1180
f  1209/1209/1209 1181/1181/1181 1208/1208/1208
f  1180/1180/1180 1210/1210/1210 1179/1179/1179
f  1210/1210/1210 1180/1180/1180 1209/1209/1209
f  1179/1179/1179 1210/1210/1210 1211/1211/1211
f  1209/1209/1209 1211/1211/1211 1210/1210/1210
f  1208/1208/1208 1212/1212/1212 1209/1209/1209
f  1211/1211/1211 1209/1209/1209 1212/1212/1212
f  1213/1213/1213 1212/1212/1212 1208/1208/1208
f  1212/1212/1212 1214/1214/1214 1211/1211/1211
f  1212/1212/1212 1213/1213/1213 1214/1214/1214
f  1215/1215/1215 1214/1214/1214 1213/1213/1213
f  1216/1216/1216 1214/1214/1214 1215/1215/1215
f  1217/1217/1217 1214/1214/1214 1216/1216/1216
f  1218/1218/1218 1211/1211/1211 1214/1214/1214
f  1214/1214/1214 1217/1217/1217 1218/1218/1218
f  1219/1219/1219 1218/1218/1218 1217/1217/1217
f  1220/1220/1220 1211/1211/1211 1218/1218/1218
f  1178/1178/1178 1221/1221/1221 1220/1220/1220
f  1179/1179/1179 1221/1221/1221 1178/1178/1178
f  1221/1221/1221 1179/1179/1179 1211/1211/1211
f  1211/1211/1211 1220/1220/1220 1221/1221/1221
f  1222/1222/1222 1178/1178/1178 1220/1220/1220
f  1178/1178/1178 1222/1222/1222 1176/1176/1176
f  1176/1176/1176 1223/1223/1223 1167/1167/1167
f  1223/1223/1223 1176/1176/1176 1222/1222/1222
f  1167/1167/1167 1224/1224/1224 1163/1163/1163
f  1224/1224/1224 1167/1167/1167 1223/1223/1223
f  1223/1223/1223 1225/1225/1225 1224/1224/1224
f  1163/1163/1163 1225/1225/1225 1165/1165/1165
f  1225/1225/1225 1163/1163/1163 1224/1224/1224
f  1225/1225/1225 1223/1223/1223 1226/1226/1226
f  1222/1222/1222 1227/1227/1227 1223/1223/1223
f  1226/1226/1226 1223/1223/1223 1227/1227/1227
f  1220/1220/1220 1228/1228/1228 1222/1222/1222
f  1218/1218/1218 1228/1228/1228 1220/1220/1220
f  1219/1219/1219 1228/1228/1228 1218/1218/1218
f  1227/1227/1227 1222/1222/1222 1228/1228/1228
f  1228/1228/1228 1229/1229/1229 1227/1227/1227
f  1229/1229/1229 1228/1228/1228 1219/1219/1219
f  1226/1226/1226 1230/1230/1230 1225/1225/1225
f  1225/1225/1225 1230/1230/1230 1165/1165/1165
f  1230/1230/1230 1227/1227/1227 1229/1229/1229
f  1227/1227/1227 1230/1230/1230 1226/1226/1226
f  1165/1165/1165 1231/1231/1231 1164/1164/1164
f  1231/1231/1231 1165/1165/1165 1230/1230/1230
f  1229/1229/1229 1232/1232/1232 1230/1230/1230
f  1219/1219/1219 1232/1232/1232 1229/1229/1229
f  1217/1217/1217 1232/1232/1232 1219/1219/1219
f  1230/1230/1230 1232/1232/1232 1231/1231/1231
f  1216/1216/1216 1233/1233/1233 1217/1217/1217
f  1232/1232/1232 1217/1217/1217 1233/1233/1233
f  1186/1186/1186 1173/1173/1173 1234/1234/1234
f  1173/1173/1173 1164/1164/1164 1235/1235/1235
f  1235/1235/1235 1234/1234/1234 1173/1173/1173
f  1231/1231/1231 1235/1235/1235 1164/1164/1164
f  1234/1234/1234 1235/1235/1235 1236/1236/1236
f  1236/1236/1236 1235/1235/1235 1237/1237/1237
f  1232/1232/1232 1238/1238/1238 1231/1231/1231
f  1235/1235/1235 1231/1231/1231 1238/1238/1238
f  1238/1238/1238 1237/1237/1237 1235/1235/1235
f  1233/1233/1233 1238/1238/1238 1232/1232/1232
f  1239/1239/1239 1238/1238/1238 1233/1233/1233
f  1237/1237/1237 1238/1238/1238 1239/1239/1239
f  1237/1237/1237 1239/1239/1239 1240/1240/1240
f  1240/1240/1240 1239/1239/1239 1241/1241/1241
f  1242/1242/1242 1241/1241/1241 1239/1239/1239
f  1239/1239/1239 1233/1233/1233 1242/1242/1242
f  1241/1241/1241 1242/1242/1242 1243/1243/1243
f  1216/1216/1216 1244/1244/1244 1233/1233/1233
f  1244/1244/1244 1243/1243/1243 1242/1242/1242
f  1242/1242/1242 1233/1233/1233 1244/1244/1244
f  1243/1243/1243 1244/1244/1244 1245/1245/1245
f  1246/1246/1246 1245/1245/1245 1244/1244/1244
f  1215/1215/1215 1246/1246/1246 1216/1216/1216
f  1244/1244/1244 1216/1216/1216 1246/1246/1246
f  1245/1245/1245 1246/1246/1246 1247/1247/1247
f  1247/1247/1247 1246/1246/1246 1248/1248/1248
f  1215/1215/1215 1248/1248/1248 1246/1246/1246
f  1213/1213/1213 1249/1249/1249 1215/1215/1215
f  1248/1248/1248 1215/1215/1215 1249/1249/1249
f  1208/1208/1208 1250/1250/1250 1213/1213/1213
f  1249/1249/1249 1213/1213/1213 1250/1250/1250
f  1250/1250/1250 1208/1208/1208 1251/1251/1251
f  1207/1207/1207 1251/1251/1251 1208/1208/1208
f  1251/1251/1251 1207/1207/1207 1252/1252/1252
f  1206/1206/1206 1252/1252/1252 1207/1207/1207
f  1205/1205/1205 1253/1253/1253 1206/1206/1206
f  1252/1252/1252 1206/1206/1206 1253/1253/1253
f  1253/1253/1253 1205/1205/1205 1254/1254/1254
f  1204/1204/1204 1254/1254/1254 1205/1205/1205
f  1255/1255/1255 1245/1245/1245 1247/1247/1247
f  1253/1253/1253 1256/1256/1256 1252/1252/1252
f  1256/1256/1256 1253/1253/1253 1254/1254/1254
f  1257/1257/1257 1252/1252/1252 1256/1256/1256
f  1251/1251/1251 1258/1258/1258 1250/1250/1250
f  1258/1258/1258 1251/1251/1251 1252/1252/1252
f  1252/1252/1252 1257/1257/1257 1258/1258/1258
f  1259/1259/1259 1258/1258/1258 1257/1257/1257
f  1250/1250/1250 1258/1258/1258 1260/1260/1260
f  1260/1260/1260 1258/1258/1258 1259/1259/1259
f  1256/1256/1256 1261/1261/1261 1257/1257/1257
f  1254/1254/1254 1261/1261/1261 1256/1256/1256
f  1257/1257/1257 1261/1261/1261 1259/1259/1259
f  1204/1204/1204 1262/1262/1262 1254/1254/1254
f  1203/1203/1203 1262/1262/1262 1204/1204/1204
f  1261/1261/1261 1254/1254/1254 1262/1262/1262
f  1263/1263/1263 1262/1262/1262 1203/1203/1203
f  1264/1264/1264 1262/1262/1262 1263/1263/1263
f  1262/1262/1262 1265/1265/1265 1261/1261/1261
f  1262/1262/1262 1264/1264/1264 1265/1265/1265
f  1266/1266/1266 1265/1265/1265 1264/1264/1264
f  1267/1267/1267 1265/1265/1265 1266/1266/1266
f  1265/1265/1265 1268/1268/1268 1261/1261/1261
f  1268/1268/1268 1265/1265/1265 1267/1267/1267
f  1259/1259/1259 1261/1261/1261 1268/1268/1268
f  1269/1269/1269 1264/1264/1264 1263/1263/1263
f  1270/1270/1270 1264/1264/1264 1269/1269/1269
f  1264/1264/1264 1270/1270/1270 1266/1266/1266
f  1271/1271/1271 1269/1269/1269 1263/1263/1263
f  1272/1272/1272 1269/1269/1269 1271/1271/1271
f  1273/1273/1273 1269/1269/1269 1272/1272/1272
f  1269/1269/1269 1273/1273/1273 1274/1274/1274
f  1275/1275/1275 1274/1274/1274 1273/1273/1273
f  1269/1269/1269 1276/1276/1276 1270/1270/1270
f  1274/1274/1274 1276/1276/1276 1269/1269/1269
f  1277/1277/1277 1270/1270/1270 1276/1276/1276
f  1270/1270/1270 1277/1277/1277 1266/1266/1266
f  1266/1266/1266 1278/1278/1278 1267/1267/1267
f  1278/1278/1278 1266/1266/1266 1277/1277/1277
f  1267/1267/1267 1279/1279/1279 1268/1268/1268
f  1279/1279/1279 1267/1267/1267 1278/1278/1278
f  1280/1280/1280 1268/1268/1268 1279/1279/1279
f  1268/1268/1268 1281/1281/1281 1259/1259/1259
f  1281/1281/1281 1268/1268/1268 1280/1280/1280
f  1259/1259/1259 1282/1282/1282 1260/1260/1260
f  1282/1282/1282 1259/1259/1259 1281/1281/1281
f  1250/1250/1250 1283/1283/1283 1249/1249/1249
f  1260/1260/1260 1283/1283/1283 1250/1250/1250
f  1283/1283/1283 1260/1260/1260 1282/1282/1282
f  1284/1284/1284 1249/1249/1249 1283/1283/1283
f  1249/1249/1249 1285/1285/1285 1248/1248/1248
f  1285/1285/1285 1249/1249/1249 1284/1284/1284
f  1248/1248/1248 1286/1286/1286 1247/1247/1247
f  1286/1286/1286 1248/1248/1248 1285/1285/1285
f  1247/1247/1247 1287/1287/1287 1255/1255/1255
f  1287/1287/1287 1247/1247/1247 1286/1286/1286
f  1288/1288/1288 1255/1255/1255 1287/1287/1287
f  1255/1255/1255 1288/1288/1288 1289/1289/1289
f  1289/1289/1289 1288/1288/1288 1290/1290/1290
f  1291/1291/1291 1290/1290/1290 1288/1288/1288
f  1290/1290/1290 1291/1291/1291 1292/1292/1292
f  1292/1292/1292 1291/1291/1291 1293/1293/1293
f  1293/1293/1293 1291/1291/1291 1294/1294/1294
f  1294/1294/1294 1291/1291/1291 1295/1295/1295
f  1287/1287/1287 1295/1295/1295 1288/1288/1288
f  1288/1288/1288 1295/1295/1295 1291/1291/1291
f  1286/1286/1286 1296/1296/1296 1287/1287/1287
f  1295/1295/1295 1287/1287/1287 1296/1296/1296
f  1296/1296/1296 1286/1286/1286 1297/1297/1297
f  1297/1297/1297 1286/1286/1286 1298/1298/1298
f  1285/1285/1285 1299/1299/1299 1286/1286/1286
f  1298/1298/1298 1286/1286/1286 1299/1299/1299
f  1284/1284/1284 1300/1300/1300 1285/1285/1285
f  1299/1299/1299 1285/1285/1285 1300/1300/1300
f  1283/1283/1283 1301/1301/1301 1284/1284/1284
f  1300/1300/1300 1284/1284/1284 1301/1301/1301
f  1301/1301/1301 1283/1283/1283 1302/1302/1302
f  1282/1282/1282 1303/1303/1303 1283/1283/1283
f  1302/1302/1302 1283/1283/1283 1303/1303/1303
f  1281/1281/1281 1304/1304/1304 1282/1282/1282
f  1303/1303/1303 1282/1282/1282 1304/1304/1304
f  1280/1280/1280 1305/1305/1305 1281/1281/1281
f  1304/1304/1304 1281/1281/1281 1305/1305/1305
f  1279/1279/1279 1306/1306/1306 1280/1280/1280
f  1305/1305/1305 1280/1280/1280 1306/1306/1306
f  1302/1302/1302 1307/1307/1307 1301/1301/1301
f  1300/1300/1300 1301/1301/1301 1307/1307/1307
f  1295/1295/1295 1296/1296/1296 1308/1308/1308
f  1297/1297/1297 1309/1309/1309 1296/1296/1296
f  1308/1308/1308 1296/1296/1296 1309/1309/1309
f  1306/1306/1306 1310/1310/1310 1305/1305/1305
f  1305/1305/1305 1311/1311/1311 1304/1304/1304
f  1311/1311/1311 1305/1305/1305 1310/1310/1310
f  1304/1304/1304 1312/1312/1312 1303/1303/1303
f  1312/1312/1312 1304/1304/1304 1311/1311/1311
f  1313/1313/1313 1303/1303/1303 1312/1312/1312
f  1303/1303/1303 1314/1314/1314 1302/1302/1302
f  1314/1314/1314 1303/1303/1303 1313/1313/1313
f  1315/1315/1315 1302/1302/1302 1314/1314/1314
f  1302/1302/1302 1315/1315/1315 1316/1316/1316
f  1307/1307/1307 1302/1302/1302 1316/1316/1316
f  1317/1317/1317 1316/1316/1316 1315/1315/1315
f  1318/1318/1318 1316/1316/1316 1317/1317/1317
f  1316/1316/1316 1318/1318/1318 1307/1307/1307
f  1319/1319/1319 1307/1307/1307 1318/1318/1318
f  1307/1307/1307 1319/1319/1319 1300/1300/1300
f  1320/1320/1320 1300/1300/1300 1319/1319/1319
f  1299/1299/1299 1321/1321/1321 1298/1298/1298
f  1300/1300/1300 1321/1321/1321 1299/1299/1299
f  1321/1321/1321 1300/1300/1300 1320/1320/1320
f  1322/1322/1322 1298/1298/1298 1321/1321/1321
f  1323/1323/1323 1298/1298/1298 1322/1322/1322
f  1298/1298/1298 1323/1323/1323 1297/1297/1297
f  1324/1324/1324 1297/1297/1297 1323/1323/1323
f  1297/1297/1297 1324/1324/1324 1309/1309/1309
f  1309/1309/1309 1325/1325/1325 1308/1308/1308
f  1325/1325/1325 1309/1309/1309 1324/1324/1324
f  1308/1308/1308 1326/1326/1326 1295/1295/1295
f  1326/1326/1326 1308/1308/1308 1325/1325/1325
f  1327/1327/1327 1295/1295/1295 1326/1326/1326
f  1295/1295/1295 1327/1327/1327 1294/1294/1294
f  1294/1294/1294 1327/1327/1327 1328/1328/1328
f  1329/1329/1329 1328/1328/1328 1327/1327/1327
f  1328/1328/1328 1329/1329/1329 1330/1330/1330
f  1330/1330/1330 1329/1329/1329 1331/1331/1331
f  1332/1332/1332 1331/1331/1331 1329/1329/1329
f  1331/1331/1331 1332/1332/1332 1333/1333/1333
f  1333/1333/1333 1332/1332/1332 1334/1334/1334
f  1334/1334/1334 1332/1332/1332 1335/1335/1335
f  1335/1335/1335 1332/1332/1332 1336/1336/1336
f  1337/1337/1337 1327/1327/1327 1326/1326/1326
f  1337/1337/1337 1336/1336/1336 1332/1332/1332
f  1327/1327/1327 1337/1337/1337 1329/1329/1329
f  1329/1329/1329 1337/1337/1337 1332/1332/1332
f  1336/1336/1336 1337/1337/1337 1338/1338/1338
f  1326/1326/1326 1338/1338/1338 1337/1337/1337
f  1325/1325/1325 1338/1338/1338 1326/1326/1326
f  1324/1324/1324 1339/1339/1339 1325/1325/1325
f  1338/1338/1338 1325/1325/1325 1339/1339/1339
f  1339/1339/1339 1324/1324/1324 1340/1340/1340
f  1323/1323/1323 1341/1341/1341 1324/1324/1324
f  1340/1340/1340 1324/1324/1324 1341/1341/1341
f  1322/1322/1322 1342/1342/1342 1323/1323/1323
f  1341/1341/1341 1323/1323/1323 1342/1342/1342
f  1342/1342/1342 1322/1322/1322 1343/1343/1343
f  1321/1321/1321 1343/1343/1343 1322/1322/1322
f  1320/1320/1320 1344/1344/1344 1321/1321/1321
f  1343/1343/1343 1321/1321/1321 1344/1344/1344
f  1344/1344/1344 1320/1320/1320 1345/1345/1345
f  1319/1319/1319 1345/1345/1345 1320/1320/1320
f  1345/1345/1345 1319/1319/1319 1346/1346/1346
f  1318/1318/1318 1346/1346/1346 1319/1319/1319
f  1317/1317/1317 1347/1347/1347 1318/1318/1318
f  1346/1346/1346 1318/1318/1318 1347/1347/1347
f  1347/1347/1347 1317/1317/1317 1348/1348/1348
f  1315/1315/1315 1348/1348/1348 1317/1317/1317
f  1314/1314/1314 1349/1349/1349 1315/1315/1315
f  1348/1348/1348 1315/1315/1315 1349/1349/1349
f  1349/1349/1349 1314/1314/1314 1350/1350/1350
f  1336/1336/1336 1350/1350/1350 1335/1335/1335
f  1351/1351/1351 1350/1350/1350 1314/1314/1314
f  1335/1335/1335 1350/1350/1350 1351/1351/1351
f  1314/1314/1314 1313/1313/1313 1351/1351/1351
f  1350/1350/1350 1352/1352/1352 1349/1349/1349
f  1350/1350/1350 1336/1336/1336 1352/1352/1352
f  1338/1338/1338 1352/1352/1352 1336/1336/1336
f  1353/1353/1353 1349/1349/1349 1352/1352/1352
f  1349/1349/1349 1353/1353/1353 1348/1348/1348
f  1339/1339/1339 1354/1354/1354 1338/1338/1338
f  1352/1352/1352 1354/1354/1354 1353/1353/1353
f  1338/1338/1338 1354/1354/1354 1352/1352/1352
f  1354/1354/1354 1339/1339/1339 1355/1355/1355
f  1340/1340/1340 1356/1356/1356 1339/1339/1339
f  1355/1355/1355 1339/1339/1339 1356/1356/1356
f  1342/1342/1342 1357/1357/1357 1341/1341/1341
f  1341/1341/1341 1357/1357/1357 1340/1340/1340
f  1356/1356/1356 1340/1340/1340 1357/1357/1357
f  1343/1343/1343 1358/1358/1358 1342/1342/1342
f  1344/1344/1344 1358/1358/1358 1343/1343/1343
f  1357/1357/1357 1342/1342/1342 1358/1358/1358
f  1345/1345/1345 1359/1359/1359 1344/1344/1344
f  1346/1346/1346 1359/1359/1359 1345/1345/1345
f  1347/1347/1347 1359/1359/1359 1346/1346/1346
f  1358/1358/1358 1344/1344/1344 1359/1359/1359
f  1348/1348/1348 1360/1360/1360 1347/1347/1347
f  1359/1359/1359 1347/1347/1347 1360/1360/1360
f  1354/1354/1354 1361/1361/1361 1353/1353/1353
f  1355/1355/1355 1361/1361/1361 1354/1354/1354
f  1360/1360/1360 1348/1348/1348 1361/1361/1361
f  1353/1353/1353 1361/1361/1361 1348/1348/1348
f  1357/1357/1357 1362/1362/1362 1356/1356/1356
f  1358/1358/1358 1362/1362/1362 1357/1357/1357
f  1356/1356/1356 1362/1362/1362 1355/1355/1355
f  1361/1361/1361 1355/1355/1355 1362/1362/1362
f  1360/1360/1360 1362/1362/1362 1359/1359/1359
f  1362/1362/1362 1360/1360/1360 1361/1361/1361
f  1359/1359/1359 1362/1362/1362 1358/1358/1358
f  1279/1279/1279 1363/1363/1363 1306/1306/1306
f  1278/1278/1278 1364/1364/1364 1279/1279/1279
f  1363/1363/1363 1279/1279/1279 1364/1364/1364
f  1277/1277/1277 1365/1365/1365 1278/1278/1278
f  1364/1364/1364 1278/1278/1278 1365/1365/1365
f  1276/1276/1276 1366/1366/1366 1277/1277/1277
f  1365/1365/1365 1277/1277/1277 1366/1366/1366
f  1366/1366/1366 1276/1276/1276 1367/1367/1367
f  1274/1274/1274 1368/1368/1368 1276/1276/1276
f  1275/1275/1275 1368/1368/1368 1274/1274/1274
f  1367/1367/1367 1276/1276/1276 1368/1368/1368
f  1368/1368/1368 1275/1275/1275 1369/1369/1369
f  1370/1370/1370 1369/1369/1369 1275/1275/1275
f  1371/1371/1371 1369/1369/1369 1370/1370/1370
f  1368/1368/1368 1372/1372/1372 1367/1367/1367
f  1372/1372/1372 1368/1368/1368 1369/1369/1369
f  1369/1369/1369 1371/1371/1371 1372/1372/1372
f  1373/1373/1373 1372/1372/1372 1371/1371/1371
f  1374/1374/1374 1372/1372/1372 1373/1373/1373
f  1367/1367/1367 1372/1372/1372 1374/1374/1374
f  1375/1375/1375 1373/1373/1373 1371/1371/1371
f  1373/1373/1373 1375/1375/1375 1376/1376/1376
f  1335/1335/1335 1351/1351/1351 1377/1377/1377
f  1377/1377/1377 1376/1376/1376 1375/1375/1375
f  1376/1376/1376 1377/1377/1377 1351/1351/1351
f  1351/1351/1351 1378/1378/1378 1376/1376/1376
f  1374/1374/1374 1373/1373/1373 1378/1378/1378
f  1351/1351/1351 1313/1313/1313 1378/1378/1378
f  1376/1376/1376 1378/1378/1378 1373/1373/1373
f  1312/1312/1312 1379/1379/1379 1313/1313/1313
f  1378/1378/1378 1313/1313/1313 1379/1379/1379
f  1311/1311/1311 1380/1380/1380 1312/1312/1312
f  1379/1379/1379 1312/1312/1312 1380/1380/1380
f  1380/1380/1380 1311/1311/1311 1381/1381/1381
f  1310/1310/1310 1381/1381/1381 1311/1311/1311
f  1306/1306/1306 1382/1382/1382 1310/1310/1310
f  1381/1381/1381 1310/1310/1310 1382/1382/1382
f  1363/1363/1363 1383/1383/1383 1306/1306/1306
f  1382/1382/1382 1306/1306/1306 1383/1383/1383
f  1383/1383/1383 1363/1363/1363 1384/1384/1384
f  1384/1384/1384 1363/1363/1363 1385/1385/1385
f  1364/1364/1364 1385/1385/1385 1363/1363/1363
f  1385/1385/1385 1364/1364/1364 1386/1386/1386
f  1365/1365/1365 1386/1386/1386 1364/1364/1364
f  1386/1386/1386 1365/1365/1365 1387/1387/1387
f  1366/1366/1366 1388/1388/1388 1365/1365/1365
f  1387/1387/1387 1365/1365/1365 1388/1388/1388
f  1374/1374/1374 1389/1389/1389 1367/1367/1367
f  1367/1367/1367 1389/1389/1389 1366/1366/1366
f  1388/1388/1388 1366/1366/1366 1389/1389/1389
f  1378/1378/1378 1390/1390/1390 1374/1374/1374
f  1389/1389/1389 1374/1374/1374 1390/1390/1390
f  1387/1387/1387 1391/1391/1391 1386/1386/1386
f  1385/1385/1385 1386/1386/1386 1391/1391/1391
f  1391/1391/1391 1387/1387/1387 1392/1392/1392
f  1393/1393/1393 1392/1392/1392 1387/1387/1387
f  1392/1392/1392 1394/1394/1394 1391/1391/1391
f  1394/1394/1394 1392/1392/1392 1393/1393/1393
f  1385/1385/1385 1395/1395/1395 1384/1384/1384
f  1384/1384/1384 1395/1395/1395 1383/1383/1383
f  1391/1391/1391 1395/1395/1395 1385/1385/1385
f  1395/1395/1395 1391/1391/1391 1394/1394/1394
f  1383/1383/1383 1396/1396/1396 1382/1382/1382
f  1396/1396/1396 1383/1383/1383 1395/1395/1395
f  1382/1382/1382 1397/1397/1397 1381/1381/1381
f  1397/1397/1397 1382/1382/1382 1396/1396/1396
f  1396/1396/1396 1398/1398/1398 1397/1397/1397
f  1381/1381/1381 1397/1397/1397 1398/1398/1398
f  1394/1394/1394 1399/1399/1399 1395/1395/1395
f  1395/1395/1395 1399/1399/1399 1396/1396/1396
f  1398/1398/1398 1396/1396/1396 1399/1399/1399
f  1399/1399/1399 1394/1394/1394 1400/1400/1400
f  1393/1393/1393 1401/1401/1401 1394/1394/1394
f  1400/1400/1400 1394/1394/1394 1401/1401/1401
f  1401/1401/1401 1402/1402/1402 1400/1400/1400
f  1401/1401/1401 1393/1393/1393 1402/1402/1402
f  1393/1393/1393 1387/1387/1387 1403/1403/1403
f  1388/1388/1388 1403/1403/1403 1387/1387/1387
f  1403/1403/1403 1402/1402/1402 1393/1393/1393
f  1388/1388/1388 1404/1404/1404 1403/1403/1403
f  1389/1389/1389 1404/1404/1404 1388/1388/1388
f  1390/1390/1390 1404/1404/1404 1389/1389/1389
f  1402/1402/1402 1403/1403/1403 1404/1404/1404
f  1405/1405/1405 1402/1402/1402 1404/1404/1404
f  1404/1404/1404 1390/1390/1390 1405/1405/1405
f  1405/1405/1405 1390/1390/1390 1406/1406/1406
f  1378/1378/1378 1406/1406/1406 1390/1390/1390
f  1379/1379/1379 1406/1406/1406 1378/1378/1378
f  1380/1380/1380 1407/1407/1407 1379/1379/1379
f  1406/1406/1406 1379/1379/1379 1407/1407/1407
f  1408/1408/1408 1400/1400/1400 1402/1402/1402
f  1402/1402/1402 1405/1405/1405 1408/1408/1408
f  1399/1399/1399 1409/1409/1409 1398/1398/1398
f  1400/1400/1400 1409/1409/1409 1399/1399/1399
f  1409/1409/1409 1400/1400/1400 1408/1408/1408
f  1380/1380/1380 1410/1410/1410 1407/1407/1407
f  1410/1410/1410 1398/1398/1398 1409/1409/1409
f  1398/1398/1398 1410/1410/1410 1381/1381/1381
f  1381/1381/1381 1410/1410/1410 1380/1380/1380
f  1409/1409/1409 1411/1411/1411 1410/1410/1410
f  1411/1411/1411 1407/1407/1407 1410/1410/1410
f  1411/1411/1411 1409/1409/1409 1408/1408/1408
f  1406/1406/1406 1412/1412/1412 1405/1405/1405
f  1412/1412/1412 1406/1406/1406 1407/1407/1407
f  1407/1407/1407 1411/1411/1411 1412/1412/1412
f  1412/1412/1412 1408/1408/1408 1405/1405/1405
f  1408/1408/1408 1412/1412/1412 1411/1411/1411
f  465/465/465 462/462/462 1413/1413/1413
f  1413/1413/1413 1414/1414/1414 465/465/465
f  1414/1414/1414 1413/1413/1413 1415/1415/1415
f  1416/1416/1416 1415/1415/1415 1413/1413/1413
f  1417/1417/1417 1415/1415/1415 1416/1416/1416
f  1418/1418/1418 1415/1415/1415 1417/1417/1417
f  1415/1415/1415 1419/1419/1419 1414/1414/1414
f  1419/1419/1419 1415/1415/1415 1418/1418/1418
f  1414/1414/1414 1420/1420/1420 465/465/465
f  1420/1420/1420 1414/1414/1414 1419/1419/1419
f  465/465/465 1420/1420/1420 473/473/473
f  474/474/474 1421/1421/1421 524/524/524
f  1421/1421/1421 473/473/473 1420/1420/1420
f  473/473/473 1421/1421/1421 474/474/474
f  524/524/524 1422/1422/1422 523/523/523
f  1422/1422/1422 524/524/524 1421/1421/1421
f  1423/1423/1423 523/523/523 1422/1422/1422
f  523/523/523 1424/1424/1424 522/522/522
f  1424/1424/1424 523/523/523 1423/1423/1423
f  1425/1425/1425 522/522/522 1424/1424/1424
f  522/522/522 1425/1425/1425 521/521/521
f  1426/1426/1426 521/521/521 1425/1425/1425
f  446/446/446 525/525/525 1427/1427/1427
f  521/521/521 1427/1427/1427 525/525/525
f  521/521/521 1426/1426/1426 1427/1427/1427
f  452/452/452 446/446/446 1427/1427/1427
f  1426/1426/1426 455/455/455 1428/1428/1428
f  452/452/452 1428/1428/1428 455/455/455
f  1427/1427/1427 1428/1428/1428 452/452/452
f  1428/1428/1428 1427/1427/1427 1426/1426/1426
f  455/455/455 1426/1426/1426 1429/1429/1429
f  1425/1425/1425 1429/1429/1429 1426/1426/1426
f  1429/1429/1429 456/456/456 455/455/455
f  1429/1429/1429 1425/1425/1425 1430/1430/1430
f  1424/1424/1424 1430/1430/1430 1425/1425/1425
f  1423/1423/1423 1431/1431/1431 1424/1424/1424
f  1430/1430/1430 1424/1424/1424 1431/1431/1431
f  1431/1431/1431 1423/1423/1423 1432/1432/1432
f  1421/1421/1421 1433/1433/1433 1422/1422/1422
f  1432/1432/1432 1423/1423/1423 1433/1433/1433
f  1422/1422/1422 1433/1433/1433 1423/1423/1423
f  1433/1433/1433 1421/1421/1421 1434/1434/1434
f  1420/1420/1420 1434/1434/1434 1421/1421/1421
f  1434/1434/1434 1420/1420/1420 1435/1435/1435
f  1419/1419/1419 1435/1435/1435 1420/1420/1420
f  1418/1418/1418 1436/1436/1436 1419/1419/1419
f  1435/1435/1435 1419/1419/1419 1436/1436/1436
f  1436/1436/1436 1418/1418/1418 1437/1437/1437
f  1417/1417/1417 1437/1437/1437 1418/1418/1418
f  1437/1437/1437 1417/1417/1417 1438/1438/1438
f  1439/1439/1439 1438/1438/1438 1417/1417/1417
f  1417/1417/1417 1416/1416/1416 1439/1439/1439
f  1438/1438/1438 1439/1439/1439 1440/1440/1440
f  1416/1416/1416 1441/1441/1441 1439/1439/1439
f  1440/1440/1440 1439/1439/1439 1441/1441/1441
f  1441/1441/1441 1416/1416/1416 1442/1442/1442
f  1413/1413/1413 1442/1442/1442 1416/1416/1416
f  462/462/462 460/460/460 1442/1442/1442
f  458/458/458 1442/1442/1442 460/460/460
f  1442/1442/1442 1413/1413/1413 462/462/462
f  1442/1442/1442 458/458/458 1443/1443/1443
f  456/456/456 1443/1443/1443 458/458/458
f  1442/1442/1442 1443/1443/1443 1441/1441/1441
f  1429/1429/1429 1444/1444/1444 456/456/456
f  1444/1444/1444 1441/1441/1441 1443/1443/1443
f  1443/1443/1443 456/456/456 1444/1444/1444
f  1430/1430/1430 1445/1445/1445 1429/1429/1429
f  1444/1444/1444 1429/1429/1429 1445/1445/1445
f  1431/1431/1431 1446/1446/1446 1430/1430/1430
f  1445/1445/1445 1430/1430/1430 1446/1446/1446
f  1438/1438/1438 1447/1447/1447 1437/1437/1437
f  1446/1446/1446 1431/1431/1431 1447/1447/1447
f  1432/1432/1432 1447/1447/1447 1431/1431/1431
f  1447/1447/1447 1438/1438/1438 1446/1446/1446
f  1447/1447/1447 1432/1432/1432 1448/1448/1448
f  1433/1433/1433 1448/1448/1448 1432/1432/1432
f  1448/1448/1448 1433/1433/1433 1449/1449/1449
f  1434/1434/1434 1449/1449/1449 1433/1433/1433
f  1435/1435/1435 1449/1449/1449 1434/1434/1434
f  1449/1449/1449 1435/1435/1435 1450/1450/1450
f  1436/1436/1436 1450/1450/1450 1435/1435/1435
f  1451/1451/1451 1440/1440/1440 1441/1441/1441
f  1440/1440/1440 1451/1451/1451 1445/1445/1445
f  1441/1441/1441 1444/1444/1444 1451/1451/1451
f  1445/1445/1445 1451/1451/1451 1444/1444/1444
f  1452/1452/1452 1437/1437/1437 1447/1447/1447
f  1437/1437/1437 1452/1452/1452 1436/1436/1436
f  1436/1436/1436 1452/1452/1452 1450/1450/1450
f  1450/1450/1450 1452/1452/1452 1449/1449/1449
f  1447/1447/1447 1448/1448/1448 1452/1452/1452
f  1449/1449/1449 1452/1452/1452 1448/1448/1448
f  1438/1438/1438 1440/1440/1440 1453/1453/1453
f  1446/1446/1446 1453/1453/1453 1445/1445/1445
f  1453/1453/1453 1446/1446/1446 1438/1438/1438
f  1445/1445/1445 1453/1453/1453 1440/1440/1440
f  1454/1454/1454 1455/1455/1455 1456/1456/1456
f  1456/1456/1456 1455/1455/1455 1457/1457/1457
f  1458/1458/1458 1457/1457/1457 1455/1455/1455
f  1457/1457/1457 1458/1458/1458 1459/1459/1459
f  1460/1460/1460 1459/1459/1459 1458/1458/1458
f  1461/1461/1461 1459/1459/1459 1460/1460/1460
f  1459/1459/1459 1462/1462/1462 1457/1457/1457
f  1462/1462/1462 1459/1459/1459 1461/1461/1461
f  1463/1463/1463 1457/1457/1457 1462/1462/1462
f  982/982/982 1463/1463/1463 983/983/983
f  1457/1457/1457 1464/1464/1464 1456/1456/1456
f  1464/1464/1464 1457/1457/1457 1463/1463/1463
f  1463/1463/1463 982/982/982 1464/1464/1464
f  1465/1465/1465 1456/1456/1456 1464/1464/1464
f  1456/1456/1456 1465/1465/1465 1466/1466/1466
f  1456/1456/1456 1466/1466/1466 1454/1454/1454
f  1467/1467/1467 1466/1466/1466 1465/1465/1465
f  1466/1466/1466 1467/1467/1467 1468/1468/1468
f  1469/1469/1469 1468/1468/1468 1467/1467/1467
f  1454/1454/1454 1466/1466/1466 1470/1470/1470
f  1471/1471/1471 1470/1470/1470 1466/1466/1466
f  1466/1466/1466 1468/1468/1468 1471/1471/1471
f  1472/1472/1472 1470/1470/1470 1471/1471/1471
f  1470/1470/1470 1472/1472/1472 1473/1473/1473
f  1474/1474/1474 1473/1473/1473 1472/1472/1472
f  1473/1473/1473 1474/1474/1474 1475/1475/1475
f  1475/1475/1475 1474/1474/1474 1476/1476/1476
f  1477/1477/1477 1476/1476/1476 1474/1474/1474
f  1476/1476/1476 1477/1477/1477 1478/1478/1478
f  1479/1479/1479 1023/1023/1023 1478/1478/1478
f  1023/1023/1023 1479/1479/1479 1015/1015/1015
f  1478/1478/1478 1477/1477/1477 1479/1479/1479
f  1479/1479/1479 1480/1480/1480 1015/1015/1015
f  1049/1049/1049 1015/1015/1015 1480/1480/1480
f  1480/1480/1480 1479/1479/1479 1477/1477/1477
f  1478/1478/1478 1023/1023/1023 1481/1481/1481
f  984/984/984 1481/1481/1481 1023/1023/1023
f  1481/1481/1481 984/984/984 1482/1482/1482
f  1483/1483/1483 983/983/983 1463/1463/1463
f  983/983/983 1483/1483/1483 984/984/984
f  1482/1482/1482 984/984/984 1483/1483/1483
f  1461/1461/1461 1483/1483/1483 1462/1462/1462
f  1463/1463/1463 1462/1462/1462 1483/1483/1483
f  1464/1464/1464 1484/1484/1484 1465/1465/1465
f  982/982/982 985/985/985 1484/1484/1484
f  1484/1484/1484 1464/1464/1464 982/982/982
f  1485/1485/1485 1465/1465/1465 1484/1484/1484
f  1465/1465/1465 1485/1485/1485 1467/1467/1467
f  1486/1486/1486 1467/1467/1467 1485/1485/1485
f  1467/1467/1467 1486/1486/1486 1469/1469/1469
f  1487/1487/1487 1484/1484/1484 985/985/985
f  1484/1484/1484 1487/1487/1487 1485/1485/1485
f  1485/1485/1485 1488/1488/1488 1486/1486/1486
f  1488/1488/1488 1485/1485/1485 1487/1487/1487
f  1489/1489/1489 986/986/986 987/987/987
f  985/985/985 1490/1490/1490 1487/1487/1487
f  1490/1490/1490 985/985/985 986/986/986
f  986/986/986 1489/1489/1489 1490/1490/1490
f  1487/1487/1487 1490/1490/1490 1489/1489/1489
f  1455/1455/1455 1491/1491/1491 1458/1458/1458
f  1460/1460/1460 1458/1458/1458 1491/1491/1491
f  1487/1487/1487 1492/1492/1492 1488/1488/1488
f  1489/1489/1489 1492/1492/1492 1487/1487/1487
f  1488/1488/1488 1492/1492/1492 1493/1493/1493
f  1493/1493/1493 1492/1492/1492 1494/1494/1494
f  1489/1489/1489 1494/1494/1494 1492/1492/1492
f  1483/1483/1483 1495/1495/1495 1482/1482/1482
f  1482/1482/1482 1495/1495/1495 1481/1481/1481
f  1461/1461/1461 1495/1495/1495 1483/1483/1483
f  1496/1496/1496 1481/1481/1481 1495/1495/1495
f  1481/1481/1481 1497/1497/1497 1478/1478/1478
f  1497/1497/1497 1481/1481/1481 1496/1496/1496
f  1498/1498/1498 1478/1478/1478 1497/1497/1497
f  1478/1478/1478 1498/1498/1498 1476/1476/1476
f  1476/1476/1476 1499/1499/1499 1475/1475/1475
f  1499/1499/1499 1476/1476/1476 1498/1498/1498
f  1475/1475/1475 1500/1500/1500 1473/1473/1473
f  1500/1500/1500 1475/1475/1475 1499/1499/1499
f  1473/1473/1473 1501/1501/1501 1470/1470/1470
f  1501/1501/1501 1473/1473/1473 1500/1500/1500
f  1502/1502/1502 1470/1470/1470 1501/1501/1501
f  1470/1470/1470 1502/1502/1502 1454/1454/1454
f  1454/1454/1454 1502/1502/1502 1455/1455/1455
f  1455/1455/1455 1503/1503/1503 1491/1491/1491
f  1503/1503/1503 1455/1455/1455 1502/1502/1502
f  1491/1491/1491 1504/1504/1504 1460/1460/1460
f  1504/1504/1504 1491/1491/1491 1503/1503/1503
f  1505/1505/1505 1460/1460/1460 1504/1504/1504
f  1460/1460/1460 1505/1505/1505 1461/1461/1461
f  1461/1461/1461 1505/1505/1505 1495/1495/1495
f  1495/1495/1495 1506/1506/1506 1496/1496/1496
f  1505/1505/1505 1504/1504/1504 1506/1506/1506
f  1506/1506/1506 1495/1495/1495 1505/1505/1505
f  1496/1496/1496 1507/1507/1507 1497/1497/1497
f  1507/1507/1507 1496/1496/1496 1506/1506/1506
f  1508/1508/1508 1497/1497/1497 1507/1507/1507
f  1497/1497/1497 1509/1509/1509 1498/1498/1498
f  1497/1497/1497 1508/1508/1508 1509/1509/1509
f  1510/1510/1510 1506/1506/1506 1504/1504/1504
f  1507/1507/1507 1510/1510/1510 1508/1508/1508
f  1509/1509/1509 1508/1508/1508 1510/1510/1510
f  1506/1506/1506 1510/1510/1510 1507/1507/1507
f  1498/1498/1498 1511/1511/1511 1499/1499/1499
f  1511/1511/1511 1498/1498/1498 1509/1509/1509
f  1499/1499/1499 1512/1512/1512 1500/1500/1500
f  1512/1512/1512 1499/1499/1499 1511/1511/1511
f  1511/1511/1511 1513/1513/1513 1512/1512/1512
f  1509/1509/1509 1513/1513/1513 1511/1511/1511
f  1510/1510/1510 1513/1513/1513 1509/1509/1509
f  1504/1504/1504 1514/1514/1514 1510/1510/1510
f  1503/1503/1503 1514/1514/1514 1504/1504/1504
f  1513/1513/1513 1510/1510/1510 1514/1514/1514
f  1502/1502/1502 1515/1515/1515 1503/1503/1503
f  1514/1514/1514 1503/1503/1503 1515/1515/1515
f  1515/1515/1515 1502/1502/1502 1516/1516/1516
f  1501/1501/1501 1516/1516/1516 1502/1502/1502
f  1500/1500/1500 1516/1516/1516 1501/1501/1501
f  1512/1512/1512 1516/1516/1516 1500/1500/1500
f  1513/1513/1513 1516/1516/1516 1512/1512/1512
f  1514/1514/1514 1516/1516/1516 1513/1513/1513
f  1516/1516/1516 1514/1514/1514 1515/1515/1515

g
