# Noesis .obj export.
#
mtllib model.mtl
g
v  0.000125 -0.390382 -0.000051
v  0.044770 -0.390382 -0.000051
v  0.041278 -0.390382 0.017184
v  0.056243 -0.390382 0.023266
v  0.043024 -0.390382 0.043036
v  0.031551 -0.390382 0.031630
v  0.023321 -0.390382 0.056215
v  0.017085 -0.390382 0.041262
v  0.000125 -0.390382 0.060777
v  0.000125 -0.390382 0.044810
v  -0.023320 -0.390382 0.056215
v  -0.017085 -0.390382 0.041262
v  -0.043024 -0.390382 0.043036
v  -0.031551 -0.390382 0.031630
v  -0.056243 -0.390382 0.023266
v  -0.041278 -0.390382 0.017184
v  -0.060732 -0.390382 -0.000051
v  -0.044770 -0.390382 -0.000051
v  -0.056243 -0.390382 -0.023369
v  -0.041278 -0.390382 -0.017032
v  -0.031551 -0.390382 -0.031733
v  -0.043024 -0.390382 -0.043138
v  -0.057490 -0.390893 -0.023876
v  -0.062229 -0.390893 -0.000051
v  -0.057490 -0.390893 0.023773
v  -0.044021 -0.390893 0.044050
v  -0.023819 -0.390893 0.057482
v  0.000125 -0.390893 0.062298
v  0.023819 -0.390893 0.057482
v  0.044022 -0.390893 0.044050
v  0.057490 -0.390893 0.023773
v  0.062229 -0.390893 -0.000051
v  0.060733 -0.390382 -0.000051
v  0.057490 -0.390893 -0.023876
v  0.056243 -0.390382 -0.023369
v  0.044022 -0.390893 -0.044152
v  0.043024 -0.390382 -0.043138
v  0.023819 -0.390893 -0.057585
v  0.041278 -0.390382 -0.017032
v  0.031551 -0.390382 -0.031733
v  0.017085 -0.390382 -0.041364
v  0.023321 -0.390382 -0.056317
v  0.000125 -0.390893 -0.062400
v  0.000125 -0.390382 -0.060880
v  -0.023819 -0.390893 -0.057585
v  0.000125 -0.390382 -0.044659
v  -0.017085 -0.390382 -0.041364
v  -0.023320 -0.390382 -0.056317
v  -0.044021 -0.390893 -0.044152
v  0.000125 0.371736 0.184715
v  -0.067467 0.393189 0.160131
v  -0.071707 0.371736 0.170015
v  -0.122837 0.393189 0.122873
v  -0.130569 0.371736 0.130477
v  -0.150522 0.297158 0.150499
v  -0.196165 0.297158 0.082574
v  -0.217864 0.198063 0.091699
v  -0.236320 0.198063 -0.000051
v  -0.250038 0.099478 -0.000051
v  -0.230584 0.099478 0.097021
v  -0.255276 0.000893 -0.000051
v  -0.235323 0.000893 0.099049
v  -0.250038 -0.097692 -0.000051
v  -0.230334 -0.097692 0.097021
v  -0.232829 -0.196788 -0.000051
v  -0.214621 -0.196788 0.090431
v  -0.202400 -0.295373 -0.000051
v  -0.186437 -0.295373 0.078519
v  -0.176461 -0.354626 -0.000051
v  -0.162743 -0.354626 0.068634
v  -0.164489 -0.379655 -0.000051
v  -0.151519 -0.379655 0.063819
v  -0.162992 -0.381699 -0.000051
v  -0.150272 -0.381699 0.063312
v  -0.160498 -0.382209 -0.000051
v  -0.148028 -0.382209 0.062298
v  -0.115105 -0.381699 0.115270
v  -0.113608 -0.382209 0.113495
v  -0.063226 -0.381699 0.150246
v  -0.062229 -0.382209 0.147965
v  0.000125 -0.381699 0.162919
v  0.000125 -0.382209 0.160637
v  0.063227 -0.381699 0.150246
v  0.062229 -0.382209 0.147965
v  0.115105 -0.381699 0.115270
v  0.113609 -0.382209 0.113495
v  0.150273 -0.381699 0.063312
v  0.148028 -0.382209 0.062298
v  0.162993 -0.381699 -0.000051
v  0.160499 -0.382209 -0.000051
v  0.164489 -0.379655 -0.000051
v  0.151520 -0.379655 0.063819
v  0.116352 -0.379655 0.116283
v  0.176461 -0.354626 -0.000051
v  0.162744 -0.354626 0.068634
v  0.202401 -0.295373 -0.000051
v  0.186438 -0.295373 0.078519
v  0.232829 -0.196788 -0.000051
v  0.124832 -0.354626 0.124901
v  0.063975 -0.379655 0.151513
v  0.000125 -0.379655 0.164439
v  -0.082681 0.297158 0.196121
v  -0.167233 0.198063 0.167227
v  0.068465 -0.354626 0.162665
v  0.143040 -0.295373 0.143149
v  0.214622 -0.196788 0.090431
v  0.250039 -0.097692 -0.000051
v  0.230335 -0.097692 0.097021
v  0.255277 0.000893 -0.000051
v  0.164739 -0.196788 0.164693
v  0.078441 -0.295373 0.186490
v  0.000125 -0.354626 0.176605
v  -0.063975 -0.379655 0.151513
v  -0.116352 -0.379655 0.116283
v  -0.124832 -0.354626 0.124901
v  -0.068464 -0.354626 0.162665
v  0.000125 -0.295373 0.202204
v  0.090413 -0.196788 0.214623
v  0.176711 -0.097692 0.176858
v  0.235323 0.000893 0.099049
v  0.250039 0.099478 -0.000051
v  0.230584 0.099478 0.097021
v  0.236321 0.198063 -0.000051
v  0.180452 0.000893 0.180407
v  0.097147 -0.097692 0.230337
v  0.000125 -0.196788 0.232871
v  -0.078441 -0.295373 0.186490
v  -0.143039 -0.295373 0.143149
v  -0.164738 -0.196788 0.164693
v  -0.090413 -0.196788 0.214623
v  0.000125 -0.097692 0.250106
v  0.099143 0.000893 0.235152
v  0.176960 0.099478 0.176858
v  0.217864 0.198063 0.091699
v  0.212876 0.297158 -0.000051
v  0.196165 0.297158 0.082574
v  0.184692 0.371736 -0.000051
v  0.167233 0.198063 0.167227
v  0.097147 0.099478 0.230590
v  0.000125 0.000893 0.255175
v  -0.097147 -0.097692 0.230337
v  -0.176710 -0.097692 0.176858
v  -0.180451 0.000893 0.180407
v  -0.099142 0.000893 0.235152
v  0.000125 0.099478 0.250106
v  0.091660 0.198063 0.217918
v  0.150522 0.297158 0.150499
v  0.170226 0.371736 0.071676
v  0.160249 0.393189 0.067621
v  0.173967 0.393189 -0.000051
v  0.172720 0.395233 -0.000051
v  0.159002 0.395233 0.067114
v  0.170725 0.396254 -0.000051
v  0.122837 0.393189 0.122873
v  0.130569 0.371736 0.130477
v  0.082681 0.297158 0.196121
v  0.000125 0.198063 0.236420
v  -0.097147 0.099478 0.230590
v  -0.176960 0.099478 0.176858
v  -0.091660 0.198063 0.217918
v  0.000125 0.297158 0.212849
v  0.071707 0.371736 0.170015
v  0.067467 0.393189 0.160131
v  0.122089 0.395233 0.122113
v  0.157256 0.396254 0.066353
v  0.142790 0.402384 0.060271
v  0.155012 0.402384 -0.000051
v  0.109618 0.402384 0.109694
v  0.120592 0.396254 0.120592
v  0.066968 0.395233 0.159117
v  0.000125 0.393189 0.173817
v  0.060234 0.402384 0.142896
v  0.066220 0.396254 0.157343
v  0.000125 0.395233 0.172550
v  0.000125 0.402384 0.155062
v  0.000125 0.396254 0.170522
v  -0.060233 0.402384 0.142896
v  -0.066968 0.395233 0.159117
v  -0.122088 0.395233 0.122113
v  -0.160249 0.393189 0.067621
v  -0.170225 0.371736 0.071676
v  -0.212875 0.297158 -0.000051
v  -0.184692 0.371736 -0.000051
v  -0.173967 0.393189 -0.000051
v  -0.159002 0.395233 0.067114
v  -0.172720 0.395233 -0.000051
v  -0.157256 0.396254 0.066353
v  -0.170724 0.396254 -0.000051
v  -0.155011 0.402384 -0.000051
v  -0.142790 0.402384 0.060271
v  -0.120592 0.396254 0.120592
v  -0.109618 0.402384 0.109694
v  -0.066219 0.396254 0.157343
v  0.184692 0.371736 -0.000051
v  0.170226 0.371736 -0.071778
v  0.173967 0.393189 -0.000051
v  0.160249 0.393189 -0.067469
v  0.130569 0.371736 -0.130579
v  0.196165 0.297159 -0.082676
v  0.212876 0.297158 -0.000051
v  0.236321 0.198063 -0.000051
v  0.217864 0.198063 -0.091801
v  0.250039 0.099478 -0.000051
v  0.230584 0.099478 -0.097123
v  0.255277 0.000893 -0.000051
v  0.235323 0.000893 -0.099151
v  0.250039 -0.097692 -0.000051
v  0.230335 -0.097692 -0.097123
v  0.232829 -0.196788 -0.000051
v  0.214622 -0.196788 -0.090533
v  0.202401 -0.295373 -0.000051
v  0.186438 -0.295373 -0.078621
v  0.176461 -0.354626 -0.000051
v  0.162744 -0.354626 -0.068483
v  0.164489 -0.379655 -0.000051
v  0.151520 -0.379655 -0.063921
v  0.162993 -0.381699 -0.000051
v  0.150273 -0.381699 -0.063161
v  0.160499 -0.382209 -0.000051
v  0.148028 -0.382209 -0.062400
v  0.115105 -0.381699 -0.115118
v  0.113609 -0.382209 -0.113598
v  0.063227 -0.381699 -0.150095
v  0.062229 -0.382209 -0.147814
v  0.000125 -0.381699 -0.163021
v  0.000125 -0.382209 -0.160486
v  -0.063226 -0.381699 -0.150095
v  -0.062229 -0.382209 -0.147814
v  -0.115105 -0.381699 -0.115118
v  -0.113608 -0.382209 -0.113598
v  -0.150272 -0.381699 -0.063161
v  -0.148028 -0.382209 -0.062400
v  -0.162992 -0.381699 -0.000051
v  -0.160498 -0.382209 -0.000051
v  -0.164489 -0.379655 -0.000051
v  -0.151519 -0.379655 -0.063921
v  -0.176461 -0.354626 -0.000051
v  -0.162743 -0.354626 -0.068483
v  -0.202400 -0.295373 -0.000051
v  -0.186437 -0.295373 -0.078621
v  -0.232829 -0.196788 -0.000051
v  -0.116352 -0.379655 -0.116386
v  -0.063975 -0.379655 -0.151615
v  0.000125 -0.379655 -0.164541
v  -0.124832 -0.354626 -0.124749
v  -0.143039 -0.295373 -0.142998
v  -0.214621 -0.196788 -0.090533
v  -0.250038 -0.097692 -0.000051
v  -0.230334 -0.097692 -0.097123
v  -0.255276 0.000893 -0.000051
v  -0.068464 -0.354626 -0.162767
v  0.000125 -0.354626 -0.176454
v  0.063975 -0.379655 -0.151615
v  0.116352 -0.379655 -0.116386
v  0.124832 -0.354626 -0.124749
v  -0.078441 -0.295373 -0.186338
v  -0.164738 -0.196788 -0.164795
v  0.000125 -0.295373 -0.202306
v  -0.090413 -0.196788 -0.214725
v  -0.176710 -0.097692 -0.176707
v  -0.235323 0.000893 -0.099151
v  -0.250038 0.099478 -0.000051
v  -0.230584 0.099478 -0.097123
v  -0.236320 0.198063 -0.000051
v  0.068465 -0.354626 -0.162767
v  -0.180451 0.000893 -0.180509
v  -0.097147 -0.097692 -0.230439
v  0.000125 -0.196788 -0.232973
v  0.078441 -0.295373 -0.186338
v  0.143040 -0.295373 -0.142998
v  0.164739 -0.196788 -0.164795
v  0.090413 -0.196788 -0.214725
v  0.000125 -0.097692 -0.249955
v  -0.099142 0.000893 -0.235255
v  -0.176960 0.099478 -0.176961
v  -0.217864 0.198063 -0.091801
v  -0.212875 0.297158 -0.000051
v  -0.196165 0.297159 -0.082676
v  -0.184692 0.371736 -0.000051
v  -0.167233 0.198063 -0.167076
v  -0.097147 0.099478 -0.230439
v  0.000125 0.000893 -0.255277
v  0.097147 -0.097692 -0.230439
v  0.176711 -0.097692 -0.176707
v  0.180452 0.000893 -0.180509
v  0.099143 0.000893 -0.235255
v  0.000125 0.099478 -0.250208
v  -0.091660 0.198063 -0.217766
v  -0.150522 0.297159 -0.150602
v  -0.170225 0.371736 -0.071778
v  -0.160249 0.393189 -0.067469
v  -0.173967 0.393189 -0.000051
v  -0.172720 0.395233 -0.000051
v  -0.159002 0.395233 -0.066962
v  -0.170724 0.396254 -0.000051
v  -0.122837 0.393189 -0.122975
v  -0.130569 0.371736 -0.130579
v  -0.082681 0.297159 -0.196223
v  0.000125 0.198063 -0.236268
v  0.097147 0.099478 -0.230439
v  0.176960 0.099478 -0.176961
v  0.167233 0.198063 -0.167076
v  0.091660 0.198063 -0.217766
v  0.000125 0.297159 -0.212951
v  -0.071707 0.371736 -0.170117
v  -0.067467 0.393189 -0.160233
v  -0.122088 0.395233 -0.121961
v  -0.157256 0.396254 -0.066202
v  -0.142790 0.402384 -0.060119
v  -0.155011 0.402384 -0.000051
v  -0.109618 0.402384 -0.109542
v  -0.120592 0.396254 -0.120694
v  -0.066968 0.395233 -0.158965
v  0.000125 0.393189 -0.173919
v  0.000125 0.371736 -0.184564
v  0.082681 0.297159 -0.196223
v  0.150522 0.297159 -0.150602
v  0.071707 0.371736 -0.170117
v  0.122837 0.393189 -0.122975
v  0.067467 0.393189 -0.160233
v  -0.060233 0.402384 -0.142745
v  0.122089 0.395233 -0.121961
v  0.159002 0.395233 -0.066962
v  0.172720 0.395233 -0.000051
v  0.157256 0.396254 -0.066202
v  0.170725 0.396254 -0.000051
v  0.155012 0.402384 -0.000051
v  0.142790 0.402384 -0.060119
v  0.120592 0.396254 -0.120694
v  0.109618 0.402384 -0.109542
v  0.066220 0.396254 -0.157191
v  0.060234 0.402384 -0.142745
v  0.066968 0.395233 -0.158965
v  0.000125 0.395233 -0.172652
v  -0.066219 0.396254 -0.157191
v  0.000125 0.402384 -0.154910
v  0.000125 0.396254 -0.170624
v  -0.062229 -0.382209 0.147965
v  -0.053749 -0.382209 0.127689
v  0.000125 -0.382209 0.138587
v  -0.113608 -0.382209 0.113495
v  0.000125 -0.382209 0.160637
v  0.053749 -0.382209 0.127689
v  0.062229 -0.382209 0.147965
v  0.097896 -0.382209 0.098035
v  0.113609 -0.382209 0.113495
v  0.127576 -0.382209 0.053934
v  0.148028 -0.382209 0.062298
v  0.138550 -0.382209 -0.000051
v  0.160499 -0.382209 -0.000051
v  0.127576 -0.382209 -0.053783
v  0.148028 -0.382209 -0.062400
v  0.097896 -0.382209 -0.097884
v  0.113609 -0.382209 -0.113598
v  0.053749 -0.382209 -0.127537
v  0.062229 -0.382209 -0.147814
v  0.000125 -0.382209 -0.138436
v  0.000125 -0.382209 -0.160486
v  -0.053749 -0.382209 -0.127537
v  -0.062229 -0.382209 -0.147814
v  -0.097895 -0.382209 -0.097884
v  -0.113608 -0.382209 -0.113598
v  -0.127576 -0.382209 -0.053783
v  -0.148028 -0.382209 -0.062400
v  -0.138550 -0.382209 -0.000051
v  -0.160498 -0.382209 -0.000051
v  -0.127576 -0.382209 0.053934
v  -0.148028 -0.382209 0.062298
v  -0.097895 -0.382209 0.098035
v  -0.029555 -0.382209 0.029603
v  -0.016586 -0.382209 0.038474
v  -0.038285 -0.382209 0.016677
v  -0.041777 -0.382209 -0.000051
v  -0.038285 -0.382209 -0.016525
v  -0.029555 -0.382209 -0.029705
v  -0.016586 -0.382209 -0.038322
v  0.000125 -0.382209 -0.041617
v  0.016586 -0.382209 -0.038322
v  0.029556 -0.382209 -0.029705
v  0.038285 -0.382209 -0.016525
v  0.041777 -0.382209 -0.000051
v  0.038285 -0.382209 0.016677
v  0.029556 -0.382209 0.029603
v  0.016586 -0.382209 0.038474
v  0.000125 -0.382209 0.041768
v  -0.064224 0.081600 0.249599
v  -0.029306 0.081089 0.259484
v  -0.053000 0.094370 0.255175
v  -0.039781 0.108672 0.258217
v  -0.023071 0.104586 0.261004
v  -0.083429 0.109183 0.241996
v  -0.035541 0.062700 0.255935
v  0.000125 0.076492 0.261258
v  0.000125 0.056059 0.258470
v  0.029307 0.081089 0.259484
v  0.035542 0.062700 0.255935
v  0.053001 0.094370 0.255175
v  0.064225 0.081600 0.249599
v  0.066719 0.116845 0.250359
v  0.083430 0.109183 0.241996
v  0.071707 0.144939 0.245544
v  0.090164 0.142896 0.235659
v  0.066719 0.172523 0.242249
v  0.083430 0.177120 0.232364
v  0.053001 0.195509 0.240728
v  0.064225 0.205725 0.231857
v  0.029307 0.209300 0.241235
v  0.035542 0.225646 0.232871
v  0.000125 0.214408 0.241489
v  0.000125 0.232797 0.233378
v  -0.029306 0.209300 0.241235
v  -0.035541 0.225646 0.232871
v  -0.053000 0.195509 0.240728
v  -0.064224 0.205725 0.231857
v  -0.066718 0.172523 0.242249
v  -0.083429 0.177120 0.232364
v  -0.071707 0.144939 0.245544
v  -0.090163 0.142896 0.235659
v  -0.066718 0.116845 0.250359
v  -0.044021 0.124507 0.256442
v  -0.023071 0.125529 0.261004
v  -0.046017 0.146472 0.253654
v  -0.044021 0.167925 0.250359
v  -0.039781 0.183760 0.247572
v  -0.023071 0.168436 0.254668
v  -0.023071 0.187847 0.249346
v  -0.023569 0.146982 0.258723
v  0.000125 0.147493 0.260498
v  0.000125 0.169458 0.256189
v  0.000125 0.189890 0.250106
v  0.023071 0.187847 0.249346
v  0.039782 0.183760 0.247572
v  0.023071 0.168436 0.254668
v  0.044022 0.167925 0.250359
v  0.023570 0.146982 0.258723
v  0.046017 0.146472 0.253654
v  0.044022 0.124507 0.256442
v  0.039782 0.108672 0.258217
v  0.023071 0.125529 0.261004
v  0.023071 0.104586 0.261004
v  0.000125 0.125018 0.262525
v  0.000125 0.103053 0.262272
v  -0.033795 0.065254 0.252134
v  -0.061231 0.083643 0.246304
v  -0.064723 0.082110 0.253401
v  -0.079438 0.110205 0.239461
v  -0.083928 0.109694 0.245797
v  -0.086173 0.142896 0.233632
v  -0.090912 0.143407 0.239461
v  -0.079438 0.175587 0.230083
v  -0.083928 0.177631 0.236166
v  -0.061231 0.203171 0.229323
v  -0.064723 0.206236 0.235659
v  -0.033795 0.222070 0.229830
v  -0.035791 0.225646 0.236420
v  0.000125 0.228711 0.230083
v  0.000125 0.232797 0.237180
v  0.033796 0.222070 0.229830
v  0.035791 0.225646 0.236420
v  0.064723 0.206236 0.235659
v  0.061232 0.203171 0.229323
v  0.079439 0.175587 0.230083
v  0.083928 0.177631 0.236166
v  0.086173 0.142896 0.233632
v  0.090912 0.143407 0.239461
v  0.079439 0.110205 0.239461
v  0.083928 0.109694 0.245797
v  0.061232 0.083643 0.246304
v  0.064723 0.082110 0.253401
v  0.033796 0.065254 0.252134
v  0.035791 0.063722 0.259484
v  0.000125 0.059124 0.254415
v  0.000125 0.056570 0.262272
v  -0.035791 0.063722 0.259484
v  -0.065970 0.081089 0.254161
v  -0.085674 0.109183 0.246304
v  -0.092657 0.143407 0.239968
v  -0.085674 0.178141 0.236673
v  -0.065970 0.207257 0.236166
v  -0.036539 0.227178 0.237180
v  0.000125 0.234841 0.237687
v  0.036540 0.227178 0.237180
v  0.065971 0.207257 0.236166
v  0.085674 0.178141 0.236673
v  0.092658 0.143407 0.239968
v  0.085674 0.109183 0.246304
v  0.065971 0.081089 0.254161
v  0.036540 0.062189 0.260751
v  0.000125 0.055038 0.263286
v  -0.036539 0.062189 0.260751
v  -0.067217 0.080067 0.254161
v  -0.087170 0.108672 0.246051
v  -0.094403 0.143407 0.239461
v  -0.087170 0.178652 0.236166
v  -0.067217 0.208279 0.235913
v  -0.037287 0.228711 0.236927
v  0.000125 0.236373 0.237433
v  0.037288 0.228711 0.236927
v  0.067218 0.208279 0.235913
v  0.087171 0.178652 0.236166
v  0.094404 0.143407 0.239461
v  0.087171 0.108672 0.246051
v  0.067218 0.080067 0.254161
v  0.037288 0.060657 0.260751
v  0.000125 0.053505 0.263539
v  -0.037287 0.060657 0.260751
v  0.000125 0.028987 0.262018
v  0.046267 0.038181 0.257963
v  0.083679 0.062700 0.248332
v  0.108122 0.098456 0.237180
v  0.116602 0.142385 0.228309
v  0.108122 0.186314 0.224507
v  0.083679 0.223603 0.225268
v  0.046267 0.249654 0.227802
v  0.000125 0.259359 0.229070
v  -0.046266 0.249654 0.227802
v  -0.083678 0.223603 0.225268
v  -0.108121 0.186314 0.224507
v  -0.116601 0.142385 0.228309
v  -0.108121 0.098456 0.237180
v  -0.083678 0.062700 0.248332
v  -0.046266 0.038181 0.257963
v  -0.046765 0.036649 0.257203
v  0.000125 0.027455 0.261258
v  0.046766 0.036649 0.257203
v  0.084427 0.061678 0.247318
v  0.109119 0.097945 0.235913
v  0.117849 0.141874 0.227042
v  0.109119 0.186825 0.223494
v  0.084427 0.224624 0.224254
v  0.046766 0.251186 0.226788
v  0.000125 0.260891 0.228056
v  -0.046765 0.251186 0.226788
v  -0.084427 0.224624 0.224254
v  -0.109119 0.186825 0.223494
v  -0.117848 0.141874 0.227042
v  -0.109119 0.097945 0.235913
v  -0.084427 0.061678 0.247318
v  -0.109368 0.097435 0.234392
v  -0.118098 0.141874 0.225268
v  -0.108121 0.136766 0.184462
v  -0.109368 0.186825 0.221719
v  -0.099890 0.091305 0.193079
v  -0.084676 0.060657 0.245797
v  -0.047014 0.036138 0.255682
v  0.000125 0.026944 0.259737
v  0.047015 0.036138 0.255682
v  0.042775 0.027965 0.212849
v  0.077444 0.053505 0.203724
v  0.084677 0.060657 0.245797
v  0.099891 0.091305 0.193079
v  -0.077443 0.053505 0.203724
v  -0.042774 0.027965 0.212849
v  0.000125 0.018771 0.216397
v  0.109369 0.097435 0.234392
v  0.118098 0.141874 0.225268
v  0.109369 0.186825 0.221719
v  0.084677 0.224624 0.222480
v  0.099891 0.182739 0.180153
v  0.077444 0.221560 0.179900
v  0.047015 0.251186 0.225014
v  0.042775 0.248632 0.181421
v  0.108122 0.136766 0.184462
v  0.000125 0.260891 0.226535
v  -0.047014 0.251186 0.225014
v  -0.084676 0.224624 0.222480
v  0.000125 0.258337 0.182434
v  -0.042774 0.248632 0.181421
v  -0.077443 0.221560 0.179900
v  -0.099890 0.182739 0.180153
v  0.143788 -0.353604 0.059510
v  0.134061 -0.412347 -0.000051
v  0.155511 -0.353604 -0.000051
v  0.123835 -0.412347 0.051400
v  0.109868 -0.353604 0.109947
v  0.094903 -0.412347 0.094993
v  0.059486 -0.353604 0.143656
v  0.051255 -0.412347 0.123887
v  0.000125 -0.353604 0.155568
v  0.000125 -0.412347 0.134278
v  -0.059485 -0.353604 0.143656
v  -0.051255 -0.412347 0.123887
v  -0.109867 -0.353604 0.109947
v  -0.094902 -0.412347 0.094993
v  -0.143787 -0.353604 0.059510
v  -0.123834 -0.412347 0.051400
v  -0.155510 -0.353604 -0.000051
v  -0.134060 -0.412347 -0.000051
v  -0.108121 -0.470578 -0.000051
v  -0.099890 -0.470578 0.041515
v  -0.105627 -0.473132 -0.000051
v  -0.097646 -0.473132 0.040501
v  -0.102385 -0.474154 -0.000051
v  -0.094653 -0.474154 0.039234
v  -0.077194 -0.474154 0.031884
v  -0.083429 -0.474154 -0.000051
v  -0.064723 -0.474154 -0.000051
v  -0.059735 -0.474154 0.024787
v  -0.063226 -0.473643 -0.000051
v  -0.058488 -0.473643 0.024280
v  -0.045767 -0.474154 0.045824
v  -0.044770 -0.473643 0.044810
v  -0.076445 -0.470578 0.076491
v  -0.058986 -0.474154 0.059003
v  -0.072455 -0.474154 0.072436
v  -0.032050 -0.474154 0.077252
v  -0.024817 -0.474154 0.059764
v  -0.024318 -0.473643 0.058496
v  0.000125 -0.474154 0.064833
v  0.000125 -0.473643 0.063312
v  0.000125 -0.474154 0.083588
v  -0.039033 -0.474154 0.094486
v  -0.040530 -0.473132 0.097528
v  -0.074700 -0.473132 0.074717
v  -0.041527 -0.470578 0.100062
v  0.000125 -0.470578 0.108173
v  0.000125 -0.473132 0.105638
v  0.000125 -0.474154 0.102343
v  0.032050 -0.474154 0.077252
v  0.024817 -0.474154 0.059764
v  0.024318 -0.473643 0.058496
v  0.045768 -0.474154 0.045824
v  0.044770 -0.473643 0.044810
v  0.058987 -0.474154 0.059003
v  0.039034 -0.474154 0.094486
v  0.040530 -0.473132 0.097528
v  0.041528 -0.470578 0.100062
v  0.076446 -0.470578 0.076491
v  0.074700 -0.473132 0.074717
v  0.072455 -0.474154 0.072436
v  0.077194 -0.474154 0.031884
v  0.059735 -0.474154 0.024787
v  0.058488 -0.473643 0.024280
v  0.064723 -0.474154 -0.000051
v  0.063227 -0.473643 -0.000051
v  0.083430 -0.474154 -0.000051
v  0.094653 -0.474154 0.039234
v  0.097646 -0.473132 0.040501
v  0.099891 -0.470578 0.041515
v  0.108122 -0.470578 -0.000051
v  0.105628 -0.473132 -0.000051
v  0.102385 -0.474154 -0.000051
v  -0.155510 -0.353604 -0.000051
v  -0.143787 -0.353604 -0.059612
v  -0.134060 -0.412347 -0.000051
v  -0.123834 -0.412347 -0.051248
v  -0.109867 -0.353604 -0.110049
v  -0.094902 -0.412347 -0.094842
v  -0.059485 -0.353604 -0.143758
v  -0.051255 -0.412347 -0.123989
v  0.000125 -0.353604 -0.155671
v  0.000125 -0.412347 -0.134127
v  0.059486 -0.353604 -0.143758
v  0.051255 -0.412347 -0.123989
v  0.109868 -0.353604 -0.110049
v  0.094903 -0.412347 -0.094842
v  0.143788 -0.353604 -0.059612
v  0.123835 -0.412347 -0.051248
v  0.155511 -0.353604 -0.000051
v  0.134061 -0.412347 -0.000051
v  0.108122 -0.470578 -0.000051
v  0.099891 -0.470578 -0.041364
v  0.105628 -0.473132 -0.000051
v  0.097646 -0.473132 -0.040350
v  0.102385 -0.474154 -0.000051
v  0.094653 -0.474154 -0.039083
v  0.077194 -0.474154 -0.031986
v  0.083430 -0.474154 -0.000051
v  0.064723 -0.474154 -0.000051
v  0.059735 -0.474154 -0.024889
v  0.063227 -0.473643 -0.000051
v  0.058488 -0.473643 -0.024129
v  0.045768 -0.474154 -0.045672
v  0.044770 -0.473643 -0.044659
v  0.076446 -0.470578 -0.076594
v  0.058987 -0.474154 -0.059105
v  0.072455 -0.474154 -0.072285
v  0.032050 -0.474154 -0.077101
v  0.024817 -0.474154 -0.059866
v  0.024318 -0.473643 -0.058345
v  0.000125 -0.474154 -0.064681
v  0.000125 -0.473643 -0.063161
v  0.000125 -0.474154 -0.083437
v  0.039034 -0.474154 -0.094589
v  0.040530 -0.473132 -0.097630
v  0.074700 -0.473132 -0.074566
v  0.041528 -0.470578 -0.099911
v  0.000125 -0.470578 -0.108275
v  0.000125 -0.473132 -0.105741
v  0.000125 -0.474154 -0.102446
v  -0.032050 -0.474154 -0.077101
v  -0.024817 -0.474154 -0.059866
v  -0.024318 -0.473643 -0.058345
v  -0.045767 -0.474154 -0.045672
v  -0.044770 -0.473643 -0.044659
v  -0.058986 -0.474154 -0.059105
v  -0.039033 -0.474154 -0.094589
v  -0.040530 -0.473132 -0.097630
v  -0.041527 -0.470578 -0.099911
v  -0.076445 -0.470578 -0.076594
v  -0.074700 -0.473132 -0.074566
v  -0.072455 -0.474154 -0.072285
v  -0.077194 -0.474154 -0.031986
v  -0.059735 -0.474154 -0.024889
v  -0.058488 -0.473643 -0.024129
v  -0.064723 -0.474154 -0.000051
v  -0.063226 -0.473643 -0.000051
v  -0.083429 -0.474154 -0.000051
v  -0.094653 -0.474154 -0.039083
v  -0.097646 -0.473132 -0.040350
v  -0.099890 -0.470578 -0.041364
v  -0.108121 -0.470578 -0.000051
v  -0.105627 -0.473132 -0.000051
v  -0.102385 -0.474154 -0.000051
v  0.062728 -0.472111 -0.000051
v  0.057989 -0.472111 0.024027
v  0.062728 -0.440952 -0.000051
v  0.057989 -0.440952 0.024027
v  0.044521 -0.472111 0.044303
v  0.058488 -0.473643 0.024280
v  0.044770 -0.473643 0.044810
v  0.024069 -0.472111 0.057989
v  0.024318 -0.473643 0.058496
v  0.000125 -0.472111 0.062805
v  0.000125 -0.473643 0.063312
v  -0.024068 -0.472111 0.057989
v  -0.024318 -0.473643 0.058496
v  0.063227 -0.473643 -0.000051
v  0.044521 -0.440952 0.044303
v  0.024069 -0.440952 0.057989
v  0.000125 -0.440952 0.062805
v  -0.024068 -0.440952 0.057989
v  -0.044520 -0.472111 0.044303
v  -0.044770 -0.473643 0.044810
v  -0.057989 -0.472111 0.024027
v  -0.058488 -0.473643 0.024280
v  -0.062728 -0.472111 -0.000051
v  -0.063226 -0.473643 -0.000051
v  -0.057989 -0.440952 0.024027
v  -0.062728 -0.440952 -0.000051
v  -0.062728 -0.392425 -0.000051
v  -0.057989 -0.392426 0.024027
v  -0.062229 -0.390893 -0.000051
v  -0.057490 -0.390893 0.023773
v  -0.044520 -0.392426 0.044303
v  -0.044021 -0.390893 0.044050
v  -0.044520 -0.440952 0.044303
v  -0.024068 -0.392426 0.057989
v  -0.023819 -0.390893 0.057482
v  0.000125 -0.392426 0.062805
v  0.000125 -0.390893 0.062298
v  0.024069 -0.392426 0.057989
v  0.023819 -0.390893 0.057482
v  0.044521 -0.392426 0.044303
v  0.044022 -0.390893 0.044050
v  0.057989 -0.392426 0.024027
v  0.057490 -0.390893 0.023773
v  0.062728 -0.392425 -0.000051
v  0.062229 -0.390893 -0.000051
v  -0.062728 -0.472111 -0.000051
v  -0.057989 -0.472111 -0.024129
v  -0.062728 -0.440952 -0.000051
v  -0.057989 -0.440952 -0.024129
v  -0.044520 -0.472111 -0.044405
v  -0.058488 -0.473643 -0.024129
v  -0.044770 -0.473643 -0.044659
v  -0.024068 -0.472111 -0.058092
v  -0.024318 -0.473643 -0.058345
v  0.000125 -0.472111 -0.062907
v  0.000125 -0.473643 -0.063161
v  0.024069 -0.472111 -0.058092
v  0.024318 -0.473643 -0.058345
v  -0.063226 -0.473643 -0.000051
v  -0.044520 -0.440952 -0.044405
v  -0.024068 -0.440952 -0.058092
v  0.000125 -0.440952 -0.062907
v  0.024069 -0.440952 -0.058092
v  0.044521 -0.472111 -0.044405
v  0.044770 -0.473643 -0.044659
v  0.057989 -0.472111 -0.024129
v  0.058488 -0.473643 -0.024129
v  0.062728 -0.472111 -0.000051
v  0.063227 -0.473643 -0.000051
v  0.057989 -0.440952 -0.024129
v  0.062728 -0.440952 -0.000051
v  0.062728 -0.392425 -0.000051
v  0.057989 -0.392425 -0.024129
v  0.062229 -0.390893 -0.000051
v  0.057490 -0.390893 -0.023876
v  0.044521 -0.392425 -0.044405
v  0.044022 -0.390893 -0.044152
v  0.044521 -0.440952 -0.044405
v  0.024069 -0.392425 -0.058092
v  0.023819 -0.390893 -0.057585
v  0.000125 -0.392425 -0.062907
v  0.000125 -0.390893 -0.062400
v  -0.024068 -0.392425 -0.058092
v  -0.023819 -0.390893 -0.057585
v  -0.044520 -0.392425 -0.044405
v  -0.044021 -0.390893 -0.044152
v  -0.057989 -0.392425 -0.024129
v  -0.057490 -0.390893 -0.023876
v  -0.062728 -0.392425 -0.000051
v  -0.062229 -0.390893 -0.000051
v  -0.021325 0.568395 -0.000051
v  -0.038534 0.560733 -0.000051
v  -0.020078 0.566352 0.019972
v  -0.036290 0.559200 0.018704
v  -0.031551 0.555625 0.031630
v  -0.073951 0.529574 0.033151
v  -0.058986 0.529574 0.058750
v  -0.117599 0.476961 0.050386
v  -0.126827 0.476961 -0.000051
v  -0.079438 0.530085 -0.000051
v  -0.157256 0.401362 0.066353
v  -0.091410 0.476961 0.091192
v  -0.050506 0.476961 0.117551
v  -0.033047 0.529574 0.073957
v  -0.018831 0.559200 0.036193
v  -0.170724 0.401362 -0.000051
v  -0.170974 0.400341 -0.000051
v  -0.157505 0.400341 0.066353
v  -0.170724 0.399319 -0.000051
v  -0.120592 0.401362 0.120592
v  -0.066219 0.401362 0.157343
v  -0.120841 0.400341 0.120846
v  -0.157256 0.399319 0.066353
v  -0.154512 0.394211 0.065086
v  -0.167731 0.394211 -0.000051
v  -0.164988 0.388592 -0.000051
v  -0.152018 0.388592 0.064072
v  -0.118597 0.394211 0.118564
v  -0.116601 0.388592 0.116537
v  -0.065222 0.394211 0.154555
v  -0.063975 0.388592 0.152020
v  0.000125 0.394211 0.167734
v  0.000125 0.388592 0.164946
v  0.065222 0.394211 0.154555
v  0.063975 0.388592 0.152020
v  0.118597 0.394211 0.118564
v  0.116602 0.388592 0.116537
v  0.154513 0.394211 0.065086
v  0.152019 0.388592 0.064072
v  0.167732 0.394211 -0.000051
v  0.164988 0.388592 -0.000051
v  -0.120592 0.399319 0.120592
v  0.157256 0.399319 0.066353
v  0.170725 0.399319 -0.000051
v  0.170974 0.400341 -0.000051
v  0.157506 0.400341 0.066353
v  0.170725 0.401362 -0.000051
v  0.157256 0.401362 0.066353
v  0.126828 0.476961 -0.000051
v  0.117599 0.476961 0.050386
v  0.073952 0.529574 0.033151
v  0.079439 0.530085 -0.000051
v  0.036290 0.559200 0.018704
v  0.038535 0.560733 -0.000051
v  0.020078 0.566352 0.019972
v  0.021325 0.568395 -0.000051
v  0.000125 0.571460 -0.000051
v  0.000125 0.568395 0.021239
v  0.000125 0.560733 0.038727
v  0.000125 0.530085 0.079533
v  0.018831 0.559200 0.036193
v  0.031551 0.555625 0.031630
v  0.058987 0.529574 0.058750
v  0.033048 0.529574 0.073957
v  0.000125 0.476961 0.126675
v  0.000125 0.401362 0.170522
v  -0.066469 0.400341 0.157596
v  -0.066219 0.399319 0.157343
v  0.000125 0.399319 0.170776
v  0.000125 0.400341 0.171029
v  0.066220 0.401362 0.157343
v  0.050507 0.476961 0.117551
v  0.091411 0.476961 0.091192
v  0.120592 0.401362 0.120592
v  0.120842 0.400341 0.120846
v  0.066469 0.400341 0.157596
v  0.066220 0.399319 0.157343
v  0.120592 0.399319 0.120592
v  0.021325 0.568395 -0.000051
v  0.038535 0.560733 -0.000051
v  0.020078 0.566352 -0.020074
v  0.036290 0.559200 -0.018806
v  0.031551 0.555625 -0.031479
v  0.073952 0.529574 -0.033000
v  0.058987 0.529574 -0.058852
v  0.117599 0.476961 -0.050488
v  0.126828 0.476961 -0.000051
v  0.079439 0.530085 -0.000051
v  0.157256 0.401362 -0.066202
v  0.091411 0.476961 -0.091294
v  0.050507 0.476961 -0.117653
v  0.033048 0.529574 -0.074059
v  0.018831 0.559200 -0.036295
v  0.170725 0.401362 -0.000051
v  0.170974 0.400341 -0.000051
v  0.157506 0.400341 -0.066455
v  0.170725 0.399319 -0.000051
v  0.120592 0.401362 -0.120694
v  0.066220 0.401362 -0.157191
v  0.120842 0.400341 -0.120948
v  0.157256 0.399319 -0.066202
v  0.154513 0.394211 -0.065188
v  0.167732 0.394211 -0.000051
v  0.164988 0.388592 -0.000051
v  0.152019 0.388592 -0.063921
v  0.118597 0.394211 -0.118667
v  0.116602 0.388592 -0.116639
v  0.065222 0.394211 -0.154657
v  0.063975 0.388592 -0.151869
v  0.000125 0.394211 -0.167836
v  0.000125 0.388592 -0.164795
v  -0.065222 0.394211 -0.154657
v  -0.063975 0.388592 -0.151869
v  -0.118597 0.394211 -0.118667
v  -0.116601 0.388592 -0.116639
v  -0.154512 0.394211 -0.065188
v  -0.152018 0.388592 -0.063921
v  -0.167731 0.394211 -0.000051
v  -0.164988 0.388592 -0.000051
v  0.120592 0.399319 -0.120694
v  -0.157256 0.399319 -0.066202
v  -0.170724 0.399319 -0.000051
v  -0.170974 0.400341 -0.000051
v  -0.157505 0.400341 -0.066455
v  -0.170724 0.401362 -0.000051
v  -0.157256 0.401362 -0.066202
v  -0.126827 0.476961 -0.000051
v  -0.117599 0.476961 -0.050488
v  -0.073951 0.529574 -0.033000
v  -0.079438 0.530085 -0.000051
v  -0.036290 0.559200 -0.018806
v  -0.038534 0.560733 -0.000051
v  -0.020078 0.566352 -0.020074
v  -0.021325 0.568395 -0.000051
v  0.000125 0.571460 -0.000051
v  0.000125 0.568395 -0.021341
v  0.000125 0.560733 -0.038576
v  0.000125 0.530085 -0.079635
v  -0.018831 0.559200 -0.036295
v  -0.031551 0.555625 -0.031479
v  -0.058986 0.529574 -0.058852
v  -0.033047 0.529574 -0.074059
v  0.000125 0.476961 -0.126777
v  0.000125 0.401362 -0.170624
v  0.066469 0.400341 -0.157445
v  0.066220 0.399319 -0.157191
v  0.000125 0.399319 -0.170624
v  0.000125 0.400341 -0.170878
v  -0.066219 0.401362 -0.157191
v  -0.050506 0.476961 -0.117653
v  -0.091410 0.476961 -0.091294
v  -0.120592 0.401362 -0.120694
v  -0.120841 0.400341 -0.120948
v  -0.066469 0.400341 -0.157445
v  -0.066219 0.399319 -0.157191
v  -0.120592 0.399319 -0.120694
v  -0.174715 -0.091563 0.160637
v  -0.173468 -0.102289 0.159370
v  -0.185440 -0.116081 0.171282
v  -0.182447 -0.118635 0.168241
v  -0.166484 -0.162564 0.152527
v  -0.192922 -0.165118 0.178886
v  -0.154013 -0.237652 0.139854
v  -0.175713 -0.086965 0.161651
v  -0.188183 -0.113527 0.174070
v  -0.168729 -0.086965 0.168748
v  -0.180950 -0.113527 0.181167
v  -0.198409 -0.165118 0.184208
v  -0.191176 -0.165118 0.191305
v  -0.206141 -0.256041 0.192066
v  -0.199158 -0.256041 0.199162
v  -0.199407 -0.358202 0.185222
v  -0.192423 -0.358202 0.192319
v  -0.182447 -0.432268 0.168494
v  -0.175463 -0.432268 0.175338
v  -0.172221 -0.438909 0.172296
v  -0.179204 -0.438909 0.165200
v  -0.166983 -0.436355 0.166974
v  -0.174216 -0.436355 0.159877
v  -0.119345 -0.375569 0.105131
v  -0.175463 -0.432268 0.161398
v  -0.120841 -0.371993 0.106652
v  -0.112112 -0.375569 0.112228
v  -0.178207 -0.433801 0.163932
v  -0.179703 -0.430736 0.165706
v  -0.196663 -0.356669 0.182434
v  -0.203148 -0.255530 0.189024
v  -0.195167 -0.165118 0.181167
v  -0.199158 -0.255019 0.184969
v  -0.138799 -0.309165 0.124647
v  -0.192673 -0.354626 0.178379
v  -0.176710 -0.428182 0.162412
v  -0.121839 -0.368418 0.107666
v  -0.168230 -0.118635 0.182434
v  -0.159251 -0.102289 0.173310
v  -0.171223 -0.116081 0.185476
v  -0.160498 -0.091563 0.174577
v  -0.152517 -0.162564 0.166467
v  -0.178706 -0.165118 0.192826
v  -0.139797 -0.237652 0.154048
v  -0.184941 -0.255019 0.199162
v  -0.124583 -0.309165 0.138841
v  -0.178456 -0.354626 0.192572
v  -0.107622 -0.368418 0.121859
v  -0.162494 -0.428182 0.176605
v  -0.106625 -0.371993 0.120845
v  -0.161496 -0.432268 0.175591
v  -0.159999 -0.436355 0.174070
v  -0.105128 -0.375569 0.119325
v  -0.166983 -0.436355 0.166974
v  -0.112112 -0.375569 0.112228
v  -0.172221 -0.438909 0.172296
v  -0.165237 -0.438909 0.179393
v  -0.175463 -0.432268 0.175338
v  -0.168480 -0.432268 0.182434
v  -0.192423 -0.358202 0.192319
v  -0.181200 -0.165118 0.195360
v  -0.163990 -0.433801 0.178126
v  -0.165736 -0.430736 0.179900
v  -0.185190 -0.358202 0.199416
v  -0.182447 -0.356669 0.196628
v  -0.191925 -0.256041 0.206259
v  -0.188932 -0.255530 0.203217
v  -0.184193 -0.165118 0.198402
v  -0.191176 -0.165118 0.191305
v  -0.199158 -0.256041 0.199162
v  -0.180950 -0.113527 0.181167
v  -0.173967 -0.113527 0.188010
v  -0.168729 -0.086965 0.168748
v  -0.161745 -0.086965 0.175845
v  0.159252 -0.102289 0.173310
v  0.171224 -0.116081 0.185476
v  0.160499 -0.091563 0.174577
v  0.168231 -0.118635 0.182434
v  0.152518 -0.162564 0.166467
v  0.178706 -0.165118 0.192826
v  0.139797 -0.237652 0.154048
v  0.161746 -0.086965 0.175845
v  0.173967 -0.113527 0.188010
v  0.168729 -0.086965 0.168748
v  0.180951 -0.113527 0.181167
v  0.184193 -0.165118 0.198402
v  0.191177 -0.165118 0.191305
v  0.191925 -0.256041 0.206259
v  0.199158 -0.256041 0.199162
v  0.185191 -0.358202 0.199416
v  0.192424 -0.358202 0.192319
v  0.168480 -0.432268 0.182434
v  0.175464 -0.432268 0.175338
v  0.172221 -0.438909 0.172296
v  0.165238 -0.438909 0.179393
v  0.166984 -0.436355 0.166974
v  0.160000 -0.436355 0.174070
v  0.105129 -0.375569 0.119325
v  0.161496 -0.432268 0.175591
v  0.106625 -0.371993 0.120845
v  0.112112 -0.375569 0.112228
v  0.163991 -0.433801 0.178126
v  0.165737 -0.430736 0.179900
v  0.182447 -0.356669 0.196628
v  0.188932 -0.255530 0.203217
v  0.181200 -0.165118 0.195360
v  0.184941 -0.255019 0.199162
v  0.124583 -0.309165 0.138841
v  0.178457 -0.354626 0.192572
v  0.162494 -0.428182 0.176605
v  0.107623 -0.368418 0.121859
v  0.182447 -0.118635 0.168241
v  0.173468 -0.102289 0.159370
v  0.185440 -0.116081 0.171282
v  0.174715 -0.091563 0.160637
v  0.166485 -0.162564 0.152527
v  0.192923 -0.165118 0.178886
v  0.154014 -0.237652 0.139854
v  0.199158 -0.255019 0.184969
v  0.138800 -0.309165 0.124647
v  0.192673 -0.354626 0.178379
v  0.121839 -0.368418 0.107666
v  0.176711 -0.428182 0.162412
v  0.120842 -0.371993 0.106652
v  0.175464 -0.432268 0.161398
v  0.174217 -0.436355 0.159877
v  0.119345 -0.375569 0.105131
v  0.166984 -0.436355 0.166974
v  0.112112 -0.375569 0.112228
v  0.172221 -0.438909 0.172296
v  0.179205 -0.438909 0.165200
v  0.175464 -0.432268 0.175338
v  0.182447 -0.432268 0.168494
v  0.192424 -0.358202 0.192319
v  0.195167 -0.165118 0.181167
v  0.178207 -0.433801 0.163932
v  0.179704 -0.430736 0.165706
v  0.199408 -0.358202 0.185222
v  0.196664 -0.356669 0.182434
v  0.206142 -0.256041 0.192066
v  0.203149 -0.255530 0.189024
v  0.198410 -0.165118 0.184208
v  0.191177 -0.165118 0.191305
v  0.199158 -0.256041 0.199162
v  0.180951 -0.113527 0.181167
v  0.188184 -0.113527 0.174070
v  0.168729 -0.086965 0.168748
v  0.175713 -0.086965 0.161651
v  -0.159251 -0.102289 -0.173412
v  -0.171223 -0.116081 -0.185324
v  -0.160498 -0.091563 -0.174679
v  -0.168230 -0.118635 -0.182537
v  -0.152517 -0.162564 -0.166569
v  -0.178706 -0.165118 -0.192928
v  -0.139797 -0.237652 -0.154150
v  -0.161745 -0.086965 -0.175693
v  -0.173967 -0.113527 -0.188112
v  -0.168729 -0.086965 -0.168850
v  -0.180950 -0.113527 -0.181016
v  -0.184193 -0.165118 -0.198251
v  -0.191176 -0.165118 -0.191154
v  -0.191925 -0.256041 -0.206108
v  -0.199158 -0.256041 -0.199011
v  -0.185190 -0.358202 -0.199518
v  -0.192423 -0.358202 -0.192421
v  -0.168480 -0.432268 -0.182537
v  -0.175463 -0.432268 -0.175440
v  -0.172221 -0.438909 -0.172145
v  -0.165237 -0.438909 -0.179242
v  -0.166983 -0.436354 -0.167076
v  -0.159999 -0.436354 -0.174173
v  -0.105128 -0.375569 -0.119174
v  -0.161496 -0.432268 -0.175440
v  -0.106625 -0.371993 -0.120948
v  -0.112112 -0.375569 -0.112077
v  -0.163990 -0.433800 -0.178228
v  -0.165736 -0.430736 -0.179749
v  -0.182447 -0.356669 -0.196476
v  -0.188932 -0.255530 -0.203066
v  -0.181200 -0.165118 -0.195209
v  -0.184941 -0.255019 -0.199264
v  -0.124583 -0.309165 -0.138689
v  -0.178456 -0.354626 -0.192675
v  -0.162494 -0.428182 -0.176707
v  -0.107622 -0.368418 -0.121961
v  -0.182447 -0.118635 -0.168343
v  -0.173468 -0.102289 -0.159219
v  -0.185440 -0.116081 -0.171131
v  -0.174715 -0.091563 -0.160486
v  -0.166484 -0.162564 -0.152376
v  -0.192922 -0.165118 -0.178735
v  -0.154013 -0.237652 -0.139957
v  -0.199158 -0.255019 -0.185071
v  -0.138799 -0.309165 -0.124749
v  -0.192673 -0.354626 -0.178481
v  -0.121839 -0.368418 -0.107768
v  -0.176710 -0.428182 -0.162514
v  -0.120841 -0.371993 -0.106754
v  -0.175463 -0.432268 -0.161500
v  -0.174216 -0.436354 -0.159979
v  -0.119345 -0.375569 -0.104980
v  -0.166983 -0.436354 -0.167076
v  -0.112112 -0.375569 -0.112077
v  -0.172221 -0.438909 -0.172145
v  -0.179204 -0.438909 -0.165048
v  -0.175463 -0.432268 -0.175440
v  -0.182447 -0.432268 -0.168343
v  -0.192423 -0.358202 -0.192421
v  -0.195167 -0.165118 -0.181269
v  -0.178207 -0.433800 -0.164035
v  -0.179703 -0.430736 -0.165555
v  -0.199407 -0.358202 -0.185324
v  -0.196663 -0.356669 -0.182537
v  -0.206141 -0.256041 -0.191914
v  -0.203148 -0.255530 -0.188873
v  -0.198409 -0.165118 -0.184057
v  -0.191176 -0.165118 -0.191154
v  -0.199158 -0.256041 -0.199011
v  -0.180950 -0.113527 -0.181016
v  -0.188183 -0.113527 -0.173919
v  -0.168729 -0.086965 -0.168850
v  -0.175713 -0.086965 -0.161753
v  0.173468 -0.102289 -0.159219
v  0.185440 -0.116081 -0.171131
v  0.174715 -0.091563 -0.160486
v  0.182447 -0.118635 -0.168343
v  0.166485 -0.162564 -0.152376
v  0.192923 -0.165118 -0.178735
v  0.154014 -0.237652 -0.139957
v  0.175713 -0.086965 -0.161753
v  0.188184 -0.113527 -0.173919
v  0.168729 -0.086965 -0.168850
v  0.180951 -0.113527 -0.181016
v  0.198410 -0.165118 -0.184057
v  0.191177 -0.165118 -0.191154
v  0.206142 -0.256041 -0.191914
v  0.199158 -0.256041 -0.199011
v  0.199408 -0.358202 -0.185324
v  0.192424 -0.358202 -0.192421
v  0.182447 -0.432268 -0.168343
v  0.175464 -0.432268 -0.175440
v  0.172221 -0.438909 -0.172145
v  0.179205 -0.438909 -0.165048
v  0.166984 -0.436354 -0.167076
v  0.174217 -0.436354 -0.159979
v  0.119345 -0.375569 -0.104980
v  0.175464 -0.432268 -0.161500
v  0.120842 -0.371993 -0.106754
v  0.112112 -0.375569 -0.112077
v  0.178207 -0.433800 -0.164035
v  0.179704 -0.430736 -0.165555
v  0.196664 -0.356669 -0.182537
v  0.203149 -0.255530 -0.188873
v  0.195167 -0.165118 -0.181269
v  0.199158 -0.255019 -0.185071
v  0.138800 -0.309165 -0.124749
v  0.192673 -0.354626 -0.178481
v  0.176711 -0.428182 -0.162514
v  0.121839 -0.368418 -0.107768
v  0.168231 -0.118635 -0.182537
v  0.159252 -0.102289 -0.173412
v  0.171224 -0.116081 -0.185324
v  0.160499 -0.091563 -0.174679
v  0.152518 -0.162564 -0.166569
v  0.178706 -0.165118 -0.192928
v  0.139797 -0.237652 -0.154150
v  0.184941 -0.255019 -0.199264
v  0.124583 -0.309165 -0.138689
v  0.178457 -0.354626 -0.192675
v  0.107623 -0.368418 -0.121961
v  0.162494 -0.428182 -0.176707
v  0.106625 -0.371993 -0.120948
v  0.161496 -0.432268 -0.175440
v  0.160000 -0.436354 -0.174173
v  0.105129 -0.375569 -0.119174
v  0.166984 -0.436354 -0.167076
v  0.112112 -0.375569 -0.112077
v  0.172221 -0.438909 -0.172145
v  0.165238 -0.438909 -0.179242
v  0.175464 -0.432268 -0.175440
v  0.168480 -0.432268 -0.182537
v  0.192424 -0.358202 -0.192421
v  0.181200 -0.165118 -0.195209
v  0.163991 -0.433800 -0.178228
v  0.165737 -0.430736 -0.179749
v  0.185191 -0.358202 -0.199518
v  0.182447 -0.356669 -0.196476
v  0.191925 -0.256041 -0.206108
v  0.188932 -0.255530 -0.203066
v  0.184193 -0.165118 -0.198251
v  0.191177 -0.165118 -0.191154
v  0.199158 -0.256041 -0.199011
v  0.180951 -0.113527 -0.181016
v  0.173967 -0.113527 -0.188112
v  0.168729 -0.086965 -0.168850
v  0.161746 -0.086965 -0.175693

vt  0.500765 -0.939845 0.000000
vt  0.526606 -0.947116 0.000000
vt  0.527436 -0.936627 0.000000
vt  0.536919 -0.935435 0.000000
vt  0.532533 -0.921965 0.000000
vt  0.524117 -0.926733 0.000000
vt  0.523169 -0.911238 0.000000
vt  0.517242 -0.918747 0.000000
vt  0.510485 -0.904801 0.000000
vt  0.507996 -0.914098 0.000000
vt  0.496379 -0.903728 0.000000
vt  0.497564 -0.913264 0.000000
vt  0.482865 -0.908139 0.000000
vt  0.487607 -0.916601 0.000000
vt  0.472078 -0.917436 0.000000
vt  0.479665 -0.923396 0.000000
vt  0.465677 -0.930190 0.000000
vt  0.474923 -0.932693 0.000000
vt  0.464610 -0.944255 0.000000
vt  0.474212 -0.943182 0.000000
vt  0.477413 -0.953076 0.000000
vt  0.469115 -0.957844 0.000000
vt  0.463662 -0.944374 0.000000
vt  0.464729 -0.929832 0.000000
vt  0.471367 -0.916840 0.000000
vt  0.482391 -0.907423 0.000000
vt  0.496260 -0.902775 0.000000
vt  0.510722 -0.903847 0.000000
vt  0.523761 -0.910522 0.000000
vt  0.533244 -0.921489 0.000000
vt  0.537867 -0.935315 0.000000
vt  0.536801 -0.949857 0.000000
vt  0.535852 -0.949619 0.000000
vt  0.530162 -0.962850 0.000000
vt  0.529451 -0.962373 0.000000
vt  0.519138 -0.972386 0.000000
vt  0.518664 -0.971551 0.000000
vt  0.505269 -0.976915 0.000000
vt  0.521865 -0.956413 0.000000
vt  0.513923 -0.963207 0.000000
vt  0.504084 -0.966545 0.000000
vt  0.505151 -0.976081 0.000000
vt  0.490807 -0.975842 0.000000
vt  0.491044 -0.975008 0.000000
vt  0.477768 -0.969287 0.000000
vt  0.493652 -0.965711 0.000000
vt  0.484288 -0.961062 0.000000
vt  0.478361 -0.968571 0.000000
vt  0.468285 -0.958320 0.000000
vt  0.243179 -0.505729 0.000000
vt  0.199913 -0.491664 0.000000
vt  0.198609 -0.505849 0.000000
vt  0.159491 -0.487969 0.000000
vt  0.156053 -0.501915 0.000000
vt  0.146452 -0.548044 0.000000
vt  0.099036 -0.539224 0.000000
vt  0.084693 -0.600729 0.000000
vt  0.030165 -0.589167 0.000000
vt  0.018548 -0.657825 0.000000
vt  0.077225 -0.662950 0.000000
vt  0.016414 -0.727197 0.000000
vt  0.076514 -0.725410 0.000000
vt  0.024356 -0.796451 0.000000
vt  0.082559 -0.787511 0.000000
vt  0.042849 -0.864512 0.000000
vt  0.095835 -0.849374 0.000000
vt  0.072246 -0.929594 0.000000
vt  0.116935 -0.910880 0.000000
vt  0.095361 -0.966426 0.000000
vt  0.133412 -0.947473 0.000000
vt  0.105674 -0.980610 0.000000
vt  0.140880 -0.962492 0.000000
vt  0.106623 -0.981802 0.000000
vt  0.141592 -0.963803 0.000000
vt  0.107689 -0.982875 0.000000
vt  0.142303 -0.965115 0.000000
vt  0.179524 -0.953076 0.000000
vt  0.179998 -0.954387 0.000000
vt  0.219590 -0.946282 0.000000
vt  0.219946 -0.947712 0.000000
vt  0.261909 -0.942586 0.000000
vt  0.262027 -0.944017 0.000000
vt  0.304109 -0.941871 0.000000
vt  0.304109 -0.943421 0.000000
vt  0.344175 -0.944494 0.000000
vt  0.343819 -0.945924 0.000000
vt  0.382107 -0.951526 0.000000
vt  0.381514 -0.952837 0.000000
vt  0.417313 -0.965949 0.000000
vt  0.416365 -0.967141 0.000000
vt  0.418143 -0.964638 0.000000
vt  0.382581 -0.950096 0.000000
vt  0.344412 -0.943063 0.000000
vt  0.426915 -0.949619 0.000000
vt  0.388271 -0.934481 0.000000
vt  0.446000 -0.911714 0.000000
vt  0.400718 -0.896815 0.000000
vt  0.469707 -0.846037 0.000000
vt  0.347612 -0.926852 0.000000
vt  0.304227 -0.940441 0.000000
vt  0.261790 -0.941156 0.000000
vt  0.194816 -0.551859 0.000000
vt  0.138035 -0.607047 0.000000
vt  0.305175 -0.924111 0.000000
vt  0.354725 -0.889305 0.000000
vt  0.416128 -0.834713 0.000000
vt  0.483102 -0.778095 0.000000
vt  0.424544 -0.772850 0.000000
vt  0.486184 -0.709199 0.000000
vt  0.363378 -0.829230 0.000000
vt  0.307546 -0.886445 0.000000
vt  0.260723 -0.924826 0.000000
vt  0.219353 -0.944851 0.000000
vt  0.179050 -0.951645 0.000000
vt  0.173834 -0.935911 0.000000
vt  0.216271 -0.928760 0.000000
vt  0.258590 -0.887279 0.000000
vt  0.310391 -0.827561 0.000000
vt  0.367882 -0.770824 0.000000
vt  0.426085 -0.710987 0.000000
vt  0.479546 -0.640303 0.000000
vt  0.421106 -0.649123 0.000000
vt  0.463306 -0.572599 0.000000
vt  0.368238 -0.713132 0.000000
vt  0.311458 -0.771062 0.000000
vt  0.255626 -0.828872 0.000000
vt  0.209633 -0.891451 0.000000
vt  0.162691 -0.898960 0.000000
vt  0.148230 -0.839362 0.000000
vt  0.200980 -0.832806 0.000000
vt  0.253374 -0.773088 0.000000
vt  0.310628 -0.715635 0.000000
vt  0.364445 -0.655560 0.000000
vt  0.409490 -0.587618 0.000000
vt  0.437228 -0.507398 0.000000
vt  0.390642 -0.527066 0.000000
vt  0.409608 -0.461031 0.000000
vt  0.356266 -0.597869 0.000000
vt  0.307783 -0.660328 0.000000
vt  0.251240 -0.718377 0.000000
vt  0.195290 -0.776426 0.000000
vt  0.138865 -0.781074 0.000000
vt  0.134242 -0.723264 0.000000
vt  0.191852 -0.720880 0.000000
vt  0.249225 -0.663665 0.000000
vt  0.302686 -0.604544 0.000000
vt  0.343345 -0.539701 0.000000
vt  0.370727 -0.482009 0.000000
vt  0.364089 -0.468898 0.000000
vt  0.399651 -0.448634 0.000000
vt  0.398703 -0.447561 0.000000
vt  0.363378 -0.467706 0.000000
vt  0.397636 -0.446488 0.000000
vt  0.325564 -0.480817 0.000000
vt  0.329950 -0.494406 0.000000
vt  0.295218 -0.547448 0.000000
vt  0.247210 -0.608477 0.000000
vt  0.190785 -0.665453 0.000000
vt  0.134005 -0.665334 0.000000
vt  0.191734 -0.609312 0.000000
vt  0.245076 -0.551501 0.000000
vt  0.287632 -0.501915 0.000000
vt  0.285142 -0.487850 0.000000
vt  0.325090 -0.479506 0.000000
vt  0.362667 -0.466514 0.000000
vt  0.357925 -0.457812 0.000000
vt  0.390286 -0.439098 0.000000
vt  0.321415 -0.468898 0.000000
vt  0.324616 -0.478195 0.000000
vt  0.284787 -0.486539 0.000000
vt  0.242468 -0.491545 0.000000
vt  0.282653 -0.475573 0.000000
vt  0.284550 -0.485228 0.000000
vt  0.242468 -0.490115 0.000000
vt  0.241876 -0.479029 0.000000
vt  0.242350 -0.488803 0.000000
vt  0.200980 -0.479149 0.000000
vt  0.200031 -0.490234 0.000000
vt  0.159728 -0.486658 0.000000
vt  0.120847 -0.479268 0.000000
vt  0.115039 -0.492856 0.000000
vt  0.051857 -0.522894 0.000000
vt  0.076277 -0.475215 0.000000
vt  0.084456 -0.461984 0.000000
vt  0.121321 -0.478076 0.000000
vt  0.085285 -0.460792 0.000000
vt  0.121914 -0.476765 0.000000
vt  0.086234 -0.459719 0.000000
vt  0.092872 -0.451614 0.000000
vt  0.125944 -0.467586 0.000000
vt  0.160084 -0.485347 0.000000
vt  0.162336 -0.475692 0.000000
vt  0.200150 -0.488923 0.000000
vt  0.576630 -0.473785 0.000000
vt  0.614799 -0.492737 0.000000
vt  0.585283 -0.460911 0.000000
vt  0.620963 -0.479387 0.000000
vt  0.655458 -0.503345 0.000000
vt  0.597137 -0.538509 0.000000
vt  0.550551 -0.520510 0.000000
vt  0.526488 -0.586068 0.000000
vt  0.580541 -0.599537 0.000000
vt  0.512500 -0.654130 0.000000
vt  0.570940 -0.661520 0.000000
vt  0.507877 -0.723502 0.000000
vt  0.567976 -0.723741 0.000000
vt  0.513330 -0.792994 0.000000
vt  0.571888 -0.786081 0.000000
vt  0.529451 -0.861652 0.000000
vt  0.582912 -0.848421 0.000000
vt  0.556478 -0.927806 0.000000
vt  0.601878 -0.910522 0.000000
vt  0.578289 -0.965353 0.000000
vt  0.616933 -0.947712 0.000000
vt  0.588128 -0.979895 0.000000
vt  0.623927 -0.962969 0.000000
vt  0.588958 -0.981087 0.000000
vt  0.624519 -0.964280 0.000000
vt  0.590025 -0.982279 0.000000
vt  0.625231 -0.965711 0.000000
vt  0.662808 -0.954983 0.000000
vt  0.663282 -0.956413 0.000000
vt  0.703229 -0.949619 0.000000
vt  0.703466 -0.951169 0.000000
vt  0.745548 -0.947473 0.000000
vt  0.745666 -0.948904 0.000000
vt  0.787866 -0.948189 0.000000
vt  0.787748 -0.949738 0.000000
vt  0.827695 -0.952241 0.000000
vt  0.827340 -0.953672 0.000000
vt  0.865272 -0.960585 0.000000
vt  0.864798 -0.962016 0.000000
vt  0.900123 -0.976319 0.000000
vt  0.899056 -0.977511 0.000000
vt  0.900952 -0.975008 0.000000
vt  0.865865 -0.959274 0.000000
vt  0.910198 -0.960347 0.000000
vt  0.872147 -0.943778 0.000000
vt  0.930706 -0.923038 0.000000
vt  0.885898 -0.906708 0.000000
vt  0.956666 -0.858314 0.000000
vt  0.828051 -0.950811 0.000000
vt  0.787985 -0.946758 0.000000
vt  0.745548 -0.945924 0.000000
vt  0.831726 -0.934719 0.000000
vt  0.840142 -0.897411 0.000000
vt  0.903560 -0.845083 0.000000
vt  0.972431 -0.790849 0.000000
vt  0.914110 -0.783578 0.000000
vt  0.978003 -0.722191 0.000000
vt  0.789526 -0.930428 0.000000
vt  0.744955 -0.929594 0.000000
vt  0.702992 -0.948189 0.000000
vt  0.662452 -0.953553 0.000000
vt  0.657829 -0.937580 0.000000
vt  0.793200 -0.893000 0.000000
vt  0.851047 -0.837693 0.000000
vt  0.744125 -0.892047 0.000000
vt  0.798179 -0.834117 0.000000
vt  0.857567 -0.779525 0.000000
vt  0.917903 -0.721714 0.000000
vt  0.973854 -0.653057 0.000000
vt  0.915058 -0.659732 0.000000
vt  0.959985 -0.584757 0.000000
vt  0.700384 -0.931978 0.000000
vt  0.860056 -0.721953 0.000000
vt  0.801143 -0.777737 0.000000
vt  0.743414 -0.833521 0.000000
vt  0.695050 -0.894550 0.000000
vt  0.647872 -0.900271 0.000000
vt  0.635544 -0.840315 0.000000
vt  0.688649 -0.835548 0.000000
vt  0.743058 -0.777737 0.000000
vt  0.802328 -0.722310 0.000000
vt  0.858278 -0.664261 0.000000
vt  0.905575 -0.597869 0.000000
vt  0.936277 -0.518722 0.000000
vt  0.888980 -0.536721 0.000000
vt  0.910198 -0.471401 0.000000
vt  0.852114 -0.606212 0.000000
vt  0.801380 -0.667003 0.000000
vt  0.742821 -0.722906 0.000000
vt  0.684856 -0.779048 0.000000
vt  0.628431 -0.781670 0.000000
vt  0.625823 -0.723741 0.000000
vt  0.683433 -0.723383 0.000000
vt  0.742821 -0.668314 0.000000
vt  0.798298 -0.611100 0.000000
vt  0.841327 -0.547687 0.000000
vt  0.870725 -0.490949 0.000000
vt  0.864442 -0.477718 0.000000
vt  0.900715 -0.458647 0.000000
vt  0.899885 -0.457574 0.000000
vt  0.863850 -0.476407 0.000000
vt  0.898819 -0.456382 0.000000
vt  0.825562 -0.488207 0.000000
vt  0.829473 -0.501915 0.000000
vt  0.792845 -0.553766 0.000000
vt  0.742821 -0.613007 0.000000
vt  0.684382 -0.667957 0.000000
vt  0.627601 -0.665811 0.000000
vt  0.633647 -0.607643 0.000000
vt  0.687345 -0.611934 0.000000
vt  0.742584 -0.556031 0.000000
vt  0.786918 -0.507994 0.000000
vt  0.784903 -0.493810 0.000000
vt  0.825206 -0.486896 0.000000
vt  0.863257 -0.475215 0.000000
vt  0.858752 -0.466275 0.000000
vt  0.891706 -0.448872 0.000000
vt  0.821887 -0.476049 0.000000
vt  0.824732 -0.485585 0.000000
vt  0.784666 -0.492499 0.000000
vt  0.742229 -0.495955 0.000000
vt  0.742347 -0.510140 0.000000
vt  0.692442 -0.554481 0.000000
vt  0.644197 -0.549117 0.000000
vt  0.697776 -0.508709 0.000000
vt  0.659251 -0.489519 0.000000
vt  0.699673 -0.494525 0.000000
vt  0.782888 -0.481413 0.000000
vt  0.659607 -0.488088 0.000000
vt  0.621556 -0.478195 0.000000
vt  0.586231 -0.459719 0.000000
vt  0.622149 -0.476884 0.000000
vt  0.587180 -0.458527 0.000000
vt  0.594055 -0.450780 0.000000
vt  0.626535 -0.467825 0.000000
vt  0.660081 -0.486777 0.000000
vt  0.662689 -0.477241 0.000000
vt  0.699910 -0.491903 0.000000
vt  0.701214 -0.482128 0.000000
vt  0.699792 -0.493214 0.000000
vt  0.742110 -0.494644 0.000000
vt  0.784429 -0.491187 0.000000
vt  0.741992 -0.483440 0.000000
vt  0.742110 -0.493214 0.000000
vt  0.359585 -0.142179 0.000000
vt  0.364089 -0.154575 0.000000
vt  0.396569 -0.149569 0.000000
vt  0.328053 -0.161488 0.000000
vt  0.397162 -0.136338 0.000000
vt  0.428574 -0.157436 0.000000
vt  0.434146 -0.145635 0.000000
vt  0.454179 -0.176388 0.000000
vt  0.463781 -0.167567 0.000000
vt  0.470656 -0.203565 0.000000
vt  0.483102 -0.199155 0.000000
vt  0.475753 -0.236106 0.000000
vt  0.488911 -0.236702 0.000000
vt  0.467811 -0.268051 0.000000
vt  0.479665 -0.273653 0.000000
vt  0.448845 -0.293678 0.000000
vt  0.457735 -0.303333 0.000000
vt  0.421699 -0.310246 0.000000
vt  0.426204 -0.322524 0.000000
vt  0.389101 -0.315253 0.000000
vt  0.388508 -0.328483 0.000000
vt  0.357214 -0.307266 0.000000
vt  0.351643 -0.319186 0.000000
vt  0.331610 -0.288433 0.000000
vt  0.321889 -0.297254 0.000000
vt  0.315014 -0.261137 0.000000
vt  0.302686 -0.265667 0.000000
vt  0.310035 -0.228716 0.000000
vt  0.296878 -0.228120 0.000000
vt  0.317978 -0.196771 0.000000
vt  0.306005 -0.191169 0.000000
vt  0.336944 -0.171143 0.000000
vt  0.375943 -0.213935 0.000000
vt  0.384004 -0.208929 0.000000
vt  0.370372 -0.221445 0.000000
vt  0.367882 -0.231338 0.000000
vt  0.369423 -0.241231 0.000000
vt  0.374402 -0.249337 0.000000
vt  0.381870 -0.254939 0.000000
vt  0.391709 -0.257323 0.000000
vt  0.401785 -0.255773 0.000000
vt  0.409845 -0.250886 0.000000
vt  0.415417 -0.243377 0.000000
vt  0.417787 -0.233483 0.000000
vt  0.416246 -0.223471 0.000000
vt  0.411386 -0.215485 0.000000
vt  0.403800 -0.209882 0.000000
vt  0.393961 -0.207379 0.000000
vt  0.030402 -0.351727 0.000000
vt  0.052332 -0.352204 0.000000
vt  0.037988 -0.344098 0.000000
vt  0.046168 -0.335755 0.000000
vt  0.056243 -0.338138 0.000000
vt  0.018192 -0.334563 0.000000
vt  0.048420 -0.363289 0.000000
vt  0.070113 -0.355064 0.000000
vt  0.070231 -0.367342 0.000000
vt  0.087893 -0.351965 0.000000
vt  0.091924 -0.362931 0.000000
vt  0.102237 -0.343741 0.000000
vt  0.109823 -0.351250 0.000000
vt  0.110653 -0.329914 0.000000
vt  0.121914 -0.333847 0.000000
vt  0.113616 -0.312869 0.000000
vt  0.126181 -0.312869 0.000000
vt  0.110416 -0.295824 0.000000
vt  0.121558 -0.291890 0.000000
vt  0.101762 -0.282235 0.000000
vt  0.109349 -0.274845 0.000000
vt  0.087419 -0.274130 0.000000
vt  0.091331 -0.263402 0.000000
vt  0.069638 -0.271388 0.000000
vt  0.069520 -0.259349 0.000000
vt  0.051857 -0.274368 0.000000
vt  0.047827 -0.263759 0.000000
vt  0.037633 -0.282593 0.000000
vt  0.029928 -0.275322 0.000000
vt  0.029098 -0.296420 0.000000
vt  0.017837 -0.292605 0.000000
vt  0.026135 -0.313345 0.000000
vt  0.013569 -0.313584 0.000000
vt  0.029335 -0.330391 0.000000
vt  0.043560 -0.326100 0.000000
vt  0.056243 -0.325861 0.000000
vt  0.042256 -0.313107 0.000000
vt  0.043441 -0.299995 0.000000
vt  0.045931 -0.290460 0.000000
vt  0.056125 -0.299876 0.000000
vt  0.056006 -0.287956 0.000000
vt  0.055888 -0.312869 0.000000
vt  0.069875 -0.312749 0.000000
vt  0.069757 -0.299519 0.000000
vt  0.069757 -0.286645 0.000000
vt  0.083507 -0.287718 0.000000
vt  0.093583 -0.290102 0.000000
vt  0.083507 -0.299757 0.000000
vt  0.096191 -0.299638 0.000000
vt  0.083863 -0.312749 0.000000
vt  0.097495 -0.312749 0.000000
vt  0.096310 -0.325861 0.000000
vt  0.093939 -0.335516 0.000000
vt  0.083626 -0.325742 0.000000
vt  0.083744 -0.337900 0.000000
vt  0.069994 -0.325980 0.000000
vt  0.069994 -0.339211 0.000000
vt  0.230614 -0.215962 0.000000
vt  0.220183 -0.231696 0.000000
vt  0.223383 -0.234914 0.000000
vt  0.204773 -0.242423 0.000000
vt  0.206432 -0.246595 0.000000
vt  0.185925 -0.246476 0.000000
vt  0.185925 -0.250767 0.000000
vt  0.167077 -0.242423 0.000000
vt  0.165418 -0.246476 0.000000
vt  0.151667 -0.231576 0.000000
vt  0.148585 -0.234795 0.000000
vt  0.141354 -0.215723 0.000000
vt  0.137324 -0.217511 0.000000
vt  0.137798 -0.196413 0.000000
vt  0.133175 -0.196413 0.000000
vt  0.141473 -0.177103 0.000000
vt  0.137443 -0.175315 0.000000
vt  0.148822 -0.158032 0.000000
vt  0.151904 -0.161250 0.000000
vt  0.167314 -0.150522 0.000000
vt  0.165773 -0.146470 0.000000
vt  0.186162 -0.146589 0.000000
vt  0.186281 -0.142298 0.000000
vt  0.205010 -0.150761 0.000000
vt  0.206788 -0.146708 0.000000
vt  0.220420 -0.161608 0.000000
vt  0.223621 -0.158389 0.000000
vt  0.230733 -0.177461 0.000000
vt  0.234882 -0.175792 0.000000
vt  0.234170 -0.196652 0.000000
vt  0.238794 -0.196771 0.000000
vt  0.234645 -0.217749 0.000000
vt  0.224095 -0.235748 0.000000
vt  0.206788 -0.247549 0.000000
vt  0.185925 -0.251840 0.000000
vt  0.165062 -0.247549 0.000000
vt  0.147874 -0.235629 0.000000
vt  0.136376 -0.217869 0.000000
vt  0.132227 -0.196413 0.000000
vt  0.136494 -0.174839 0.000000
vt  0.148111 -0.157317 0.000000
vt  0.165418 -0.145516 0.000000
vt  0.186281 -0.141225 0.000000
vt  0.207144 -0.145754 0.000000
vt  0.224332 -0.157674 0.000000
vt  0.235830 -0.175315 0.000000
vt  0.239860 -0.196771 0.000000
vt  0.235593 -0.218107 0.000000
vt  0.224806 -0.236463 0.000000
vt  0.207262 -0.248502 0.000000
vt  0.185925 -0.252913 0.000000
vt  0.164707 -0.248502 0.000000
vt  0.147163 -0.236344 0.000000
vt  0.135427 -0.218345 0.000000
vt  0.131160 -0.196413 0.000000
vt  0.135546 -0.174481 0.000000
vt  0.147400 -0.156482 0.000000
vt  0.165062 -0.144443 0.000000
vt  0.186281 -0.140271 0.000000
vt  0.207618 -0.144682 0.000000
vt  0.225043 -0.156959 0.000000
vt  0.236660 -0.174958 0.000000
vt  0.240927 -0.196771 0.000000
vt  0.236541 -0.218584 0.000000
vt  0.254915 -0.196771 0.000000
vt  0.249462 -0.169594 0.000000
vt  0.234882 -0.146946 0.000000
vt  0.213071 -0.131451 0.000000
vt  0.186281 -0.126087 0.000000
vt  0.159609 -0.131093 0.000000
vt  0.137561 -0.146231 0.000000
vt  0.122862 -0.168998 0.000000
vt  0.117054 -0.196294 0.000000
vt  0.122625 -0.223709 0.000000
vt  0.137206 -0.246476 0.000000
vt  0.159135 -0.261852 0.000000
vt  0.185807 -0.267097 0.000000
vt  0.212596 -0.261852 0.000000
vt  0.234526 -0.246595 0.000000
vt  0.249225 -0.223948 0.000000
vt  0.250055 -0.224305 0.000000
vt  0.255863 -0.196771 0.000000
vt  0.250292 -0.169236 0.000000
vt  0.235593 -0.146231 0.000000
vt  0.213426 -0.130497 0.000000
vt  0.186281 -0.125133 0.000000
vt  0.159254 -0.130140 0.000000
vt  0.136850 -0.145635 0.000000
vt  0.121914 -0.168521 0.000000
vt  0.116106 -0.196294 0.000000
vt  0.121796 -0.224067 0.000000
vt  0.136494 -0.247191 0.000000
vt  0.158780 -0.262806 0.000000
vt  0.185807 -0.268051 0.000000
vt  0.212952 -0.262806 0.000000
vt  0.235237 -0.247191 0.000000
vt  0.213308 -0.263759 0.000000
vt  0.185807 -0.269004 0.000000
vt  0.185451 -0.295228 0.000000
vt  0.158306 -0.263759 0.000000
vt  0.223976 -0.285930 0.000000
vt  0.235949 -0.247906 0.000000
vt  0.251003 -0.224663 0.000000
vt  0.256811 -0.196771 0.000000
vt  0.251240 -0.168879 0.000000
vt  0.274355 -0.160892 0.000000
vt  0.255152 -0.129663 0.000000
vt  0.236304 -0.145635 0.000000
vt  0.224569 -0.107492 0.000000
vt  0.254559 -0.263998 0.000000
vt  0.274000 -0.232887 0.000000
vt  0.279689 -0.196890 0.000000
vt  0.213782 -0.129544 0.000000
vt  0.186281 -0.124061 0.000000
vt  0.158780 -0.129186 0.000000
vt  0.136139 -0.144920 0.000000
vt  0.147518 -0.107254 0.000000
vt  0.116935 -0.129186 0.000000
vt  0.121084 -0.168163 0.000000
vt  0.097732 -0.160296 0.000000
vt  0.186162 -0.097956 0.000000
vt  0.115157 -0.196294 0.000000
vt  0.120847 -0.224424 0.000000
vt  0.135783 -0.247787 0.000000
vt  0.092042 -0.196175 0.000000
vt  0.097376 -0.232172 0.000000
vt  0.116461 -0.263402 0.000000
vt  0.146926 -0.285573 0.000000
vt  0.631632 -0.206545 0.000000
vt  0.668379 -0.243973 0.000000
vt  0.669090 -0.206307 0.000000
vt  0.636255 -0.243258 0.000000
vt  0.593107 -0.214174 0.000000
vt  0.604842 -0.248979 0.000000
vt  0.556359 -0.230742 0.000000
vt  0.575681 -0.261972 0.000000
vt  0.524472 -0.256012 0.000000
vt  0.550670 -0.281877 0.000000
vt  0.499816 -0.288314 0.000000
vt  0.531466 -0.307386 0.000000
vt  0.483932 -0.325384 0.000000
vt  0.519257 -0.336827 0.000000
vt  0.477175 -0.364123 0.000000
vt  0.514397 -0.368295 0.000000
vt  0.477768 -0.401909 0.000000
vt  0.516056 -0.399525 0.000000
vt  0.555530 -0.395353 0.000000
vt  0.552092 -0.370679 0.000000
vt  0.557900 -0.394638 0.000000
vt  0.554226 -0.370679 0.000000
vt  0.560034 -0.393923 0.000000
vt  0.556241 -0.370679 0.000000
vt  0.567384 -0.370083 0.000000
vt  0.571058 -0.389155 0.000000
vt  0.581845 -0.384387 0.000000
vt  0.578763 -0.369249 0.000000
vt  0.582675 -0.383910 0.000000
vt  0.579712 -0.369130 0.000000
vt  0.580660 -0.353634 0.000000
vt  0.581490 -0.353872 0.000000
vt  0.554937 -0.347317 0.000000
vt  0.569754 -0.351012 0.000000
vt  0.558967 -0.348389 0.000000
vt  0.576985 -0.333371 0.000000
vt  0.586705 -0.338973 0.000000
vt  0.587535 -0.339330 0.000000
vt  0.596307 -0.326219 0.000000
vt  0.597018 -0.326934 0.000000
vt  0.588365 -0.318352 0.000000
vt  0.567265 -0.328007 0.000000
vt  0.565606 -0.327053 0.000000
vt  0.557071 -0.347913 0.000000
vt  0.563709 -0.325980 0.000000
vt  0.577459 -0.307624 0.000000
vt  0.579000 -0.309174 0.000000
vt  0.580423 -0.310604 0.000000
vt  0.603301 -0.306670 0.000000
vt  0.608754 -0.316445 0.000000
vt  0.609228 -0.317160 0.000000
vt  0.623334 -0.310127 0.000000
vt  0.623453 -0.310961 0.000000
vt  0.620726 -0.299161 0.000000
vt  0.597611 -0.297135 0.000000
vt  0.596663 -0.295466 0.000000
vt  0.595477 -0.293559 0.000000
vt  0.616696 -0.284500 0.000000
vt  0.617289 -0.286645 0.000000
vt  0.617881 -0.288552 0.000000
vt  0.639574 -0.296777 0.000000
vt  0.638744 -0.307982 0.000000
vt  0.638626 -0.308935 0.000000
vt  0.653680 -0.310961 0.000000
vt  0.653324 -0.311796 0.000000
vt  0.658540 -0.300353 0.000000
vt  0.639929 -0.285573 0.000000
vt  0.640048 -0.283546 0.000000
vt  0.640048 -0.281281 0.000000
vt  0.663993 -0.284500 0.000000
vt  0.663400 -0.286884 0.000000
vt  0.662689 -0.289029 0.000000
vt  0.939596 -0.290460 0.000000
vt  0.923001 -0.256846 0.000000
vt  0.905220 -0.306074 0.000000
vt  0.892062 -0.276871 0.000000
vt  0.899530 -0.225378 0.000000
vt  0.873214 -0.251005 0.000000
vt  0.868828 -0.199393 0.000000
vt  0.848914 -0.230265 0.000000
vt  0.832200 -0.181514 0.000000
vt  0.820109 -0.216319 0.000000
vt  0.792371 -0.173289 0.000000
vt  0.788814 -0.210002 0.000000
vt  0.752067 -0.175077 0.000000
vt  0.757046 -0.211790 0.000000
vt  0.714135 -0.185685 0.000000
vt  0.726582 -0.220968 0.000000
vt  0.680470 -0.202611 0.000000
vt  0.699080 -0.235987 0.000000
vt  0.719943 -0.269839 0.000000
vt  0.740569 -0.256012 0.000000
vt  0.721603 -0.271626 0.000000
vt  0.741636 -0.258038 0.000000
vt  0.723144 -0.273176 0.000000
vt  0.742466 -0.259826 0.000000
vt  0.747800 -0.269600 0.000000
vt  0.732153 -0.281162 0.000000
vt  0.741280 -0.288791 0.000000
vt  0.753490 -0.279494 0.000000
vt  0.741992 -0.289387 0.000000
vt  0.753964 -0.280209 0.000000
vt  0.768426 -0.274368 0.000000
vt  0.768663 -0.275322 0.000000
vt  0.762973 -0.248502 0.000000
vt  0.766055 -0.263521 0.000000
vt  0.763803 -0.252674 0.000000
vt  0.785021 -0.262329 0.000000
vt  0.784310 -0.273534 0.000000
vt  0.784191 -0.274487 0.000000
vt  0.799839 -0.276752 0.000000
vt  0.799601 -0.277586 0.000000
vt  0.803632 -0.266143 0.000000
vt  0.785732 -0.251363 0.000000
vt  0.785851 -0.249337 0.000000
vt  0.763447 -0.250648 0.000000
vt  0.785969 -0.247191 0.000000
vt  0.808492 -0.251721 0.000000
vt  0.807781 -0.253747 0.000000
vt  0.807069 -0.255654 0.000000
vt  0.820583 -0.274487 0.000000
vt  0.814182 -0.283665 0.000000
vt  0.813589 -0.284500 0.000000
vt  0.826154 -0.294036 0.000000
vt  0.825443 -0.294632 0.000000
vt  0.834808 -0.287003 0.000000
vt  0.826628 -0.265309 0.000000
vt  0.827814 -0.263640 0.000000
vt  0.828999 -0.261852 0.000000
vt  0.846306 -0.277110 0.000000
vt  0.844765 -0.278540 0.000000
vt  0.843224 -0.279851 0.000000
vt  0.845239 -0.302975 0.000000
vt  0.834689 -0.307028 0.000000
vt  0.833859 -0.307386 0.000000
vt  0.838482 -0.321808 0.000000
vt  0.837534 -0.321808 0.000000
vt  0.850218 -0.321570 0.000000
vt  0.855433 -0.298446 0.000000
vt  0.857330 -0.297611 0.000000
vt  0.859345 -0.296658 0.000000
vt  0.866695 -0.319663 0.000000
vt  0.864324 -0.320140 0.000000
vt  0.862190 -0.320378 0.000000
vt  0.970890 -0.444224 0.000000
vt  0.970298 -0.429324 0.000000
vt  0.952280 -0.445297 0.000000
vt  0.951450 -0.430635 0.000000
vt  0.969231 -0.414305 0.000000
vt  0.971127 -0.429324 0.000000
vt  0.970179 -0.414186 0.000000
vt  0.967808 -0.399167 0.000000
vt  0.968757 -0.399167 0.000000
vt  0.966030 -0.384148 0.000000
vt  0.966979 -0.384029 0.000000
vt  0.963897 -0.369130 0.000000
vt  0.964845 -0.368891 0.000000
vt  0.971720 -0.444224 0.000000
vt  0.950383 -0.415855 0.000000
vt  0.949079 -0.401194 0.000000
vt  0.947301 -0.386532 0.000000
vt  0.945286 -0.371871 0.000000
vt  0.961407 -0.354111 0.000000
vt  0.962356 -0.353992 0.000000
vt  0.958681 -0.339330 0.000000
vt  0.959629 -0.339092 0.000000
vt  0.955480 -0.324788 0.000000
vt  0.956429 -0.324550 0.000000
vt  0.940070 -0.342906 0.000000
vt  0.937107 -0.328483 0.000000
vt  0.908539 -0.333847 0.000000
vt  0.911621 -0.348151 0.000000
vt  0.907709 -0.334205 0.000000
vt  0.910791 -0.348270 0.000000
vt  0.914229 -0.362216 0.000000
vt  0.913399 -0.362335 0.000000
vt  0.942797 -0.357329 0.000000
vt  0.916600 -0.376162 0.000000
vt  0.915651 -0.376401 0.000000
vt  0.918496 -0.390227 0.000000
vt  0.917666 -0.390347 0.000000
vt  0.920156 -0.404293 0.000000
vt  0.919207 -0.404412 0.000000
vt  0.921460 -0.418477 0.000000
vt  0.920630 -0.418596 0.000000
vt  0.922526 -0.432781 0.000000
vt  0.921578 -0.432781 0.000000
vt  0.923119 -0.447204 0.000000
vt  0.922171 -0.447204 0.000000
vt  0.438295 -0.478195 0.000000
vt  0.453231 -0.479149 0.000000
vt  0.439124 -0.459600 0.000000
vt  0.453823 -0.460315 0.000000
vt  0.468285 -0.479625 0.000000
vt  0.453112 -0.479983 0.000000
vt  0.468285 -0.480460 0.000000
vt  0.483458 -0.479625 0.000000
vt  0.483458 -0.480579 0.000000
vt  0.498631 -0.479387 0.000000
vt  0.498631 -0.480340 0.000000
vt  0.513804 -0.478791 0.000000
vt  0.513804 -0.479744 0.000000
vt  0.438176 -0.479149 0.000000
vt  0.468522 -0.460673 0.000000
vt  0.483339 -0.460792 0.000000
vt  0.498038 -0.460554 0.000000
vt  0.512856 -0.459958 0.000000
vt  0.528977 -0.477837 0.000000
vt  0.528977 -0.478791 0.000000
vt  0.543913 -0.476526 0.000000
vt  0.544031 -0.477480 0.000000
vt  0.558730 -0.474857 0.000000
vt  0.558849 -0.475811 0.000000
vt  0.542253 -0.457693 0.000000
vt  0.556834 -0.456143 0.000000
vt  0.554344 -0.427298 0.000000
vt  0.539883 -0.428847 0.000000
vt  0.554107 -0.426344 0.000000
vt  0.539764 -0.428013 0.000000
vt  0.525658 -0.430039 0.000000
vt  0.525539 -0.429205 0.000000
vt  0.527555 -0.459004 0.000000
vt  0.511433 -0.430993 0.000000
vt  0.511433 -0.430039 0.000000
vt  0.497209 -0.431470 0.000000
vt  0.497209 -0.430635 0.000000
vt  0.483102 -0.431708 0.000000
vt  0.483102 -0.430874 0.000000
vt  0.468878 -0.431708 0.000000
vt  0.468878 -0.430754 0.000000
vt  0.454534 -0.431231 0.000000
vt  0.454653 -0.430278 0.000000
vt  0.440073 -0.430397 0.000000
vt  0.440191 -0.429443 0.000000
vt  0.217812 -0.304167 0.000000
vt  0.204062 -0.307862 0.000000
vt  0.220301 -0.315729 0.000000
vt  0.208566 -0.318113 0.000000
vt  0.212952 -0.325146 0.000000
vt  0.182962 -0.338734 0.000000
vt  0.197305 -0.349105 0.000000
vt  0.154394 -0.373302 0.000000
vt  0.129619 -0.353396 0.000000
vt  0.170278 -0.323358 0.000000
vt  0.129145 -0.419192 0.000000
vt  0.179405 -0.386652 0.000000
vt  0.206551 -0.394638 0.000000
vt  0.214612 -0.354230 0.000000
vt  0.221961 -0.325980 0.000000
vt  0.095243 -0.401313 0.000000
vt  0.094887 -0.401909 0.000000
vt  0.128908 -0.419908 0.000000
vt  0.094650 -0.402624 0.000000
vt  0.163521 -0.435284 0.000000
vt  0.198964 -0.445177 0.000000
vt  0.163284 -0.435999 0.000000
vt  0.128671 -0.420504 0.000000
vt  0.127485 -0.423960 0.000000
vt  0.093465 -0.406200 0.000000
vt  0.092398 -0.409776 0.000000
vt  0.126181 -0.427298 0.000000
vt  0.162099 -0.440052 0.000000
vt  0.161150 -0.443509 0.000000
vt  0.198372 -0.450184 0.000000
vt  0.197898 -0.453640 0.000000
vt  0.237252 -0.453283 0.000000
vt  0.237371 -0.456859 0.000000
vt  0.275896 -0.448276 0.000000
vt  0.276489 -0.451733 0.000000
vt  0.311576 -0.436357 0.000000
vt  0.312762 -0.439813 0.000000
vt  0.345479 -0.418596 0.000000
vt  0.346783 -0.421934 0.000000
vt  0.378551 -0.399287 0.000000
vt  0.379736 -0.402743 0.000000
vt  0.163047 -0.436714 0.000000
vt  0.344056 -0.415259 0.000000
vt  0.377247 -0.395830 0.000000
vt  0.376891 -0.395115 0.000000
vt  0.343701 -0.414663 0.000000
vt  0.376536 -0.394399 0.000000
vt  0.343463 -0.413948 0.000000
vt  0.339789 -0.348270 0.000000
vt  0.316081 -0.369249 0.000000
vt  0.285853 -0.336231 0.000000
vt  0.297707 -0.320259 0.000000
vt  0.259182 -0.316921 0.000000
vt  0.263213 -0.306432 0.000000
vt  0.247328 -0.315014 0.000000
vt  0.249343 -0.303452 0.000000
vt  0.233578 -0.302260 0.000000
vt  0.233815 -0.315133 0.000000
vt  0.234170 -0.326219 0.000000
vt  0.234882 -0.355780 0.000000
vt  0.246261 -0.325384 0.000000
vt  0.255152 -0.324192 0.000000
vt  0.271984 -0.347317 0.000000
vt  0.254915 -0.353276 0.000000
vt  0.235830 -0.396664 0.000000
vt  0.237134 -0.448276 0.000000
vt  0.198964 -0.445893 0.000000
vt  0.198846 -0.446608 0.000000
vt  0.237134 -0.449707 0.000000
vt  0.237134 -0.448992 0.000000
vt  0.274948 -0.443389 0.000000
vt  0.264991 -0.393207 0.000000
vt  0.291662 -0.383910 0.000000
vt  0.310035 -0.431708 0.000000
vt  0.310273 -0.432304 0.000000
vt  0.275185 -0.443985 0.000000
vt  0.275304 -0.444701 0.000000
vt  0.310510 -0.433019 0.000000
vt  0.728478 -0.309650 0.000000
vt  0.714728 -0.313107 0.000000
vt  0.730967 -0.321093 0.000000
vt  0.719232 -0.323477 0.000000
vt  0.723499 -0.330510 0.000000
vt  0.693391 -0.343860 0.000000
vt  0.707734 -0.354349 0.000000
vt  0.664467 -0.378069 0.000000
vt  0.639929 -0.358044 0.000000
vt  0.680944 -0.328364 0.000000
vt  0.638981 -0.423841 0.000000
vt  0.689479 -0.391777 0.000000
vt  0.716506 -0.399882 0.000000
vt  0.724922 -0.359594 0.000000
vt  0.732508 -0.331344 0.000000
vt  0.605079 -0.405604 0.000000
vt  0.604723 -0.406319 0.000000
vt  0.638744 -0.424556 0.000000
vt  0.604486 -0.407034 0.000000
vt  0.673120 -0.440171 0.000000
vt  0.708564 -0.450422 0.000000
vt  0.672883 -0.440886 0.000000
vt  0.638388 -0.425152 0.000000
vt  0.637203 -0.428490 0.000000
vt  0.603301 -0.410610 0.000000
vt  0.602234 -0.414186 0.000000
vt  0.635899 -0.431946 0.000000
vt  0.671698 -0.444939 0.000000
vt  0.670631 -0.448396 0.000000
vt  0.707852 -0.455428 0.000000
vt  0.707378 -0.458885 0.000000
vt  0.746733 -0.458885 0.000000
vt  0.746733 -0.462342 0.000000
vt  0.785377 -0.454117 0.000000
vt  0.786088 -0.457693 0.000000
vt  0.821176 -0.442555 0.000000
vt  0.822361 -0.446012 0.000000
vt  0.855196 -0.425033 0.000000
vt  0.856619 -0.428371 0.000000
vt  0.888387 -0.406081 0.000000
vt  0.889573 -0.409537 0.000000
vt  0.672646 -0.441601 0.000000
vt  0.853774 -0.421696 0.000000
vt  0.887083 -0.402505 0.000000
vt  0.886846 -0.401790 0.000000
vt  0.853537 -0.421100 0.000000
vt  0.886491 -0.401194 0.000000
vt  0.853181 -0.420384 0.000000
vt  0.850099 -0.354707 0.000000
vt  0.826273 -0.375566 0.000000
vt  0.796282 -0.342191 0.000000
vt  0.808255 -0.326338 0.000000
vt  0.769848 -0.322643 0.000000
vt  0.773997 -0.312153 0.000000
vt  0.757994 -0.320616 0.000000
vt  0.760128 -0.309174 0.000000
vt  0.744244 -0.307743 0.000000
vt  0.744481 -0.320616 0.000000
vt  0.744599 -0.331702 0.000000
vt  0.745074 -0.361382 0.000000
vt  0.756809 -0.330987 0.000000
vt  0.765818 -0.329914 0.000000
vt  0.782295 -0.353157 0.000000
vt  0.765225 -0.358998 0.000000
vt  0.745785 -0.402147 0.000000
vt  0.746615 -0.453879 0.000000
vt  0.708445 -0.451137 0.000000
vt  0.708326 -0.451852 0.000000
vt  0.746615 -0.455309 0.000000
vt  0.746615 -0.454594 0.000000
vt  0.784547 -0.449230 0.000000
vt  0.774945 -0.398929 0.000000
vt  0.801735 -0.389989 0.000000
vt  0.819635 -0.437906 0.000000
vt  0.819872 -0.438502 0.000000
vt  0.784666 -0.449945 0.000000
vt  0.784784 -0.450660 0.000000
vt  0.820109 -0.439218 0.000000
vt  0.984522 -0.227881 0.000000
vt  0.984522 -0.221087 0.000000
vt  0.973024 -0.215008 0.000000
vt  0.975039 -0.213101 0.000000
vt  0.982270 -0.184017 0.000000
vt  0.960103 -0.187950 0.000000
vt  0.980611 -0.136934 0.000000
vt  0.983930 -0.230742 0.000000
vt  0.971127 -0.217034 0.000000
vt  0.979425 -0.234914 0.000000
vt  0.966149 -0.220372 0.000000
vt  0.955836 -0.189261 0.000000
vt  0.950383 -0.191765 0.000000
vt  0.935210 -0.139318 0.000000
vt  0.929520 -0.141106 0.000000
vt  0.920748 -0.081388 0.000000
vt  0.914703 -0.082103 0.000000
vt  0.917548 -0.036451 0.000000
vt  0.912214 -0.034901 0.000000
vt  0.915651 -0.029657 0.000000
vt  0.919207 -0.033113 0.000000
vt  0.921460 -0.026319 0.000000
vt  0.922526 -0.032160 0.000000
vt  0.979425 -0.044675 0.000000
vt  0.922645 -0.034663 0.000000
vt  0.979425 -0.047417 0.000000
vt  0.980255 -0.038716 0.000000
vt  0.920748 -0.035020 0.000000
vt  0.920037 -0.036928 0.000000
vt  0.923356 -0.081388 0.000000
vt  0.937699 -0.138722 0.000000
vt  0.958207 -0.188427 0.000000
vt  0.941019 -0.138126 0.000000
vt  0.979781 -0.090209 0.000000
vt  0.927031 -0.081507 0.000000
vt  0.923001 -0.037285 0.000000
vt  0.979662 -0.049920 0.000000
vt  0.510722 -0.145874 0.000000
vt  0.514871 -0.157555 0.000000
vt  0.513211 -0.144562 0.000000
vt  0.521272 -0.159939 0.000000
vt  0.480969 -0.142179 0.000000
vt  0.492467 -0.122988 0.000000
vt  0.437583 -0.123822 0.000000
vt  0.452875 -0.087229 0.000000
vt  0.394317 -0.106300 0.000000
vt  0.405104 -0.053734 0.000000
vt  0.357095 -0.091877 0.000000
vt  0.364800 -0.034663 0.000000
vt  0.354843 -0.090805 0.000000
vt  0.362430 -0.033471 0.000000
vt  0.360177 -0.032517 0.000000
vt  0.352235 -0.089970 0.000000
vt  0.354962 -0.029776 0.000000
vt  0.346308 -0.088659 0.000000
vt  0.359585 -0.025365 0.000000
vt  0.362311 -0.029537 0.000000
vt  0.366104 -0.023578 0.000000
vt  0.365867 -0.029299 0.000000
vt  0.409845 -0.042411 0.000000
vt  0.493652 -0.121319 0.000000
vt  0.363497 -0.031683 0.000000
vt  0.365393 -0.031802 0.000000
vt  0.407119 -0.047775 0.000000
vt  0.406171 -0.050278 0.000000
vt  0.456075 -0.082222 0.000000
vt  0.454653 -0.084368 0.000000
vt  0.495312 -0.119293 0.000000
vt  0.499698 -0.115121 0.000000
vt  0.459869 -0.077574 0.000000
vt  0.520679 -0.140152 0.000000
vt  0.515701 -0.143490 0.000000
vt  0.529570 -0.157674 0.000000
vt  0.524117 -0.160535 0.000000
vt  0.126181 -0.070780 0.000000
vt  0.133649 -0.060052 0.000000
vt  0.119425 -0.069945 0.000000
vt  0.135309 -0.062436 0.000000
vt  0.163284 -0.073044 0.000000
vt  0.162099 -0.050635 0.000000
vt  0.210226 -0.077097 0.000000
vt  0.116698 -0.069111 0.000000
vt  0.131990 -0.057906 0.000000
vt  0.113142 -0.064104 0.000000
vt  0.129145 -0.052662 0.000000
vt  0.161388 -0.046106 0.000000
vt  0.159491 -0.040384 0.000000
vt  0.213426 -0.031802 0.000000
vt  0.212359 -0.025961 0.000000
vt  0.272696 -0.024412 0.000000
vt  0.272696 -0.018333 0.000000
vt  0.317622 -0.026796 0.000000
vt  0.319756 -0.021551 0.000000
vt  0.324616 -0.025604 0.000000
vt  0.320822 -0.028822 0.000000
vt  0.327224 -0.031921 0.000000
vt  0.321297 -0.032279 0.000000
vt  0.301856 -0.087229 0.000000
vt  0.318807 -0.032041 0.000000
vt  0.299248 -0.086752 0.000000
vt  0.307783 -0.088778 0.000000
vt  0.318689 -0.030133 0.000000
vt  0.316911 -0.029180 0.000000
vt  0.272459 -0.027034 0.000000
vt  0.213663 -0.034424 0.000000
vt  0.161862 -0.048609 0.000000
vt  0.213900 -0.037762 0.000000
vt  0.256811 -0.081984 0.000000
vt  0.271747 -0.030610 0.000000
vt  0.316199 -0.032041 0.000000
vt  0.296759 -0.086752 0.000000
vt  0.935447 -0.211194 0.000000
vt  0.937344 -0.223471 0.000000
vt  0.938174 -0.210478 0.000000
vt  0.943152 -0.227047 0.000000
vt  0.907116 -0.201896 0.000000
vt  0.922052 -0.185209 0.000000
vt  0.867880 -0.175554 0.000000
vt  0.889928 -0.142655 0.000000
vt  0.828762 -0.150165 0.000000
vt  0.849388 -0.100579 0.000000
vt  0.794978 -0.128828 0.000000
vt  0.813471 -0.074117 0.000000
vt  0.793082 -0.127398 0.000000
vt  0.811455 -0.072568 0.000000
vt  0.809322 -0.071137 0.000000
vt  0.790593 -0.126087 0.000000
vt  0.804817 -0.067442 0.000000
vt  0.785021 -0.123703 0.000000
vt  0.810270 -0.063985 0.000000
vt  0.812167 -0.068634 0.000000
vt  0.816908 -0.063509 0.000000
vt  0.815604 -0.069230 0.000000
vt  0.856263 -0.090328 0.000000
vt  0.923475 -0.183897 0.000000
vt  0.812759 -0.070899 0.000000
vt  0.814656 -0.071495 0.000000
vt  0.852470 -0.095096 0.000000
vt  0.851166 -0.097360 0.000000
vt  0.894077 -0.138364 0.000000
vt  0.892180 -0.140152 0.000000
vt  0.925490 -0.182229 0.000000
vt  0.930469 -0.179010 0.000000
vt  0.898582 -0.134431 0.000000
vt  0.946353 -0.207498 0.000000
vt  0.940900 -0.209882 0.000000
vt  0.951687 -0.226451 0.000000
vt  0.945879 -0.228120 0.000000
vt  0.060629 -0.226451 0.000000
vt  0.050909 -0.217749 0.000000
vt  0.058970 -0.233126 0.000000
vt  0.053399 -0.216438 0.000000
vt  0.067268 -0.189977 0.000000
vt  0.044864 -0.188427 0.000000
vt  0.076869 -0.143728 0.000000
vt  0.057784 -0.235748 0.000000
vt  0.048538 -0.219299 0.000000
vt  0.052450 -0.238728 0.000000
vt  0.042967 -0.221445 0.000000
vt  0.040359 -0.188665 0.000000
vt  0.034432 -0.189857 0.000000
vt  0.032180 -0.135265 0.000000
vt  0.026253 -0.135623 0.000000
vt  0.031943 -0.075547 0.000000
vt  0.025897 -0.074832 0.000000
vt  0.039529 -0.031206 0.000000
vt  0.034669 -0.028465 0.000000
vt  0.039292 -0.024054 0.000000
vt  0.041900 -0.028345 0.000000
vt  0.045812 -0.022266 0.000000
vt  0.045456 -0.028226 0.000000
vt  0.097732 -0.053973 0.000000
vt  0.044864 -0.030729 0.000000
vt  0.096902 -0.056595 0.000000
vt  0.099984 -0.048371 0.000000
vt  0.042967 -0.030491 0.000000
vt  0.041900 -0.032279 0.000000
vt  0.034432 -0.076143 0.000000
vt  0.034788 -0.135384 0.000000
vt  0.042849 -0.188427 0.000000
vt  0.038226 -0.135504 0.000000
vt  0.087182 -0.098195 0.000000
vt  0.037988 -0.077216 0.000000
vt  0.044627 -0.033233 0.000000
vt  0.096665 -0.059098 0.000000
vt  0.790000 -0.040623 0.000000
vt  0.799720 -0.048371 0.000000
vt  0.791422 -0.038239 0.000000
vt  0.806358 -0.047059 0.000000
vt  0.762854 -0.053258 0.000000
vt  0.762380 -0.030849 0.000000
vt  0.716269 -0.060767 0.000000
vt  0.709867 -0.021670 0.000000
vt  0.670275 -0.068992 0.000000
vt  0.651546 -0.018690 0.000000
vt  0.631039 -0.076501 0.000000
vt  0.607213 -0.023935 0.000000
vt  0.628668 -0.076739 0.000000
vt  0.604605 -0.024054 0.000000
vt  0.602116 -0.024531 0.000000
vt  0.626060 -0.077455 0.000000
vt  0.596307 -0.025008 0.000000
vt  0.620371 -0.079481 0.000000
vt  0.597967 -0.018810 0.000000
vt  0.602471 -0.020836 0.000000
vt  0.602471 -0.013803 0.000000
vt  0.605435 -0.018810 0.000000
vt  0.649531 -0.006532 0.000000
vt  0.762499 -0.028941 0.000000
vt  0.604486 -0.022028 0.000000
vt  0.606264 -0.021194 0.000000
vt  0.650124 -0.012611 0.000000
vt  0.650598 -0.015115 0.000000
vt  0.709867 -0.015711 0.000000
vt  0.709867 -0.018333 0.000000
vt  0.762854 -0.026319 0.000000
vt  0.764277 -0.020478 0.000000
vt  0.710579 -0.009751 0.000000
vt  0.795453 -0.030491 0.000000
vt  0.792963 -0.035974 0.000000
vt  0.812167 -0.040742 0.000000
vt  0.809085 -0.045987 0.000000
vt  0.419921 -0.026200 0.000000
vt  0.432012 -0.021074 0.000000
vt  0.414705 -0.021790 0.000000
vt  0.432131 -0.023935 0.000000
vt  0.450149 -0.047775 0.000000
vt  0.461173 -0.028226 0.000000
vt  0.487725 -0.076263 0.000000
vt  0.412809 -0.019644 0.000000
vt  0.431656 -0.018333 0.000000
vt  0.412453 -0.013565 0.000000
vt  0.432131 -0.012373 0.000000
vt  0.462832 -0.024054 0.000000
vt  0.464255 -0.018214 0.000000
vt  0.514515 -0.039669 0.000000
vt  0.516767 -0.034067 0.000000
vt  0.568688 -0.064939 0.000000
vt  0.571888 -0.059813 0.000000
vt  0.605435 -0.090805 0.000000
vt  0.610058 -0.087586 0.000000
vt  0.611954 -0.093665 0.000000
vt  0.607094 -0.094261 0.000000
vt  0.610887 -0.100221 0.000000
vt  0.605553 -0.097360 0.000000
vt  0.559916 -0.133596 0.000000
vt  0.603657 -0.095930 0.000000
vt  0.557900 -0.131808 0.000000
vt  0.564065 -0.138007 0.000000
vt  0.604605 -0.094261 0.000000
vt  0.603538 -0.092473 0.000000
vt  0.567028 -0.066965 0.000000
vt  0.513448 -0.041934 0.000000
vt  0.461884 -0.026438 0.000000
vt  0.511789 -0.044914 0.000000
vt  0.524472 -0.105227 0.000000
vt  0.564539 -0.069707 0.000000
vt  0.601404 -0.094500 0.000000
vt  0.555767 -0.130497 0.000000
vt  0.562286 -0.176150 0.000000
vt  0.550314 -0.172574 0.000000
vt  0.561812 -0.178891 0.000000
vt  0.544624 -0.176388 0.000000
vt  0.582675 -0.154337 0.000000
vt  0.591447 -0.174958 0.000000
vt  0.623097 -0.130020 0.000000
vt  0.643604 -0.163872 0.000000
vt  0.662808 -0.105347 0.000000
vt  0.698962 -0.145039 0.000000
vt  0.696354 -0.083772 0.000000
vt  0.738080 -0.123703 0.000000
vt  0.698488 -0.082580 0.000000
vt  0.740451 -0.122511 0.000000
vt  0.742584 -0.121200 0.000000
vt  0.700740 -0.081030 0.000000
vt  0.747800 -0.118697 0.000000
vt  0.705244 -0.076978 0.000000
vt  0.748630 -0.125014 0.000000
vt  0.743651 -0.124776 0.000000
vt  0.746259 -0.131332 0.000000
vt  0.741636 -0.127756 0.000000
vt  0.705244 -0.155529 0.000000
vt  0.592158 -0.176865 0.000000
vt  0.741280 -0.124418 0.000000
vt  0.739976 -0.125849 0.000000
vt  0.702518 -0.150165 0.000000
vt  0.701096 -0.148019 0.000000
vt  0.645856 -0.169475 0.000000
vt  0.644908 -0.167091 0.000000
vt  0.592751 -0.179368 0.000000
vt  0.593581 -0.185328 0.000000
vt  0.647397 -0.175196 0.000000
vt  0.560983 -0.187593 0.000000
vt  0.561101 -0.181633 0.000000
vt  0.541542 -0.184374 0.000000
vt  0.542490 -0.178295 0.000000

vn  -0.000000 -1.000000 -0.000000
vn  -0.000000 -1.000000 -0.000000
vn  -0.000000 -1.000000 -0.000000
vn  -0.165339 -0.983996 -0.066439
vn  -0.128644 -0.983996 -0.123296
vn  -0.000000 -1.000000 -0.000000
vn  -0.066439 -0.983996 -0.165339
vn  -0.000000 -1.000000 -0.000000
vn  -0.000000 -0.983996 -0.178188
vn  -0.000000 -1.000000 -0.000000
vn  0.066439 -0.983996 -0.165339
vn  -0.000000 -1.000000 -0.000000
vn  0.128644 -0.983996 -0.123296
vn  0.000000 -1.000000 -0.000000
vn  0.165339 -0.983996 -0.066439
vn  0.000000 -1.000000 -0.000000
vn  0.178188 -0.983996 -0.000000
vn  0.000000 -1.000000 -0.000000
vn  0.165339 -0.983996 0.066439
vn  0.000000 -1.000000 -0.000000
vn  0.000000 -1.000000 -0.000000
vn  0.128644 -0.983996 0.123295
vn  0.673283 -0.684356 0.279906
vn  0.729148 -0.684356 -0.000000
vn  0.673283 -0.684356 -0.279906
vn  0.514247 -0.684356 -0.516920
vn  0.276412 -0.684356 -0.674725
vn  0.003780 -0.684356 -0.729138
vn  -0.276412 -0.684356 -0.674725
vn  -0.514247 -0.684356 -0.516920
vn  -0.673283 -0.684356 -0.279906
vn  -0.729148 -0.684356 -0.000000
vn  -0.178188 -0.983996 -0.000000
vn  -0.673283 -0.684356 0.279906
vn  -0.165339 -0.983996 0.066439
vn  -0.514247 -0.684356 0.516920
vn  -0.128644 -0.983996 0.123295
vn  -0.276412 -0.684356 0.674725
vn  -0.000000 -1.000000 -0.000000
vn  -0.000000 -1.000000 -0.000000
vn  -0.000000 -1.000000 -0.000000
vn  -0.066439 -0.983996 0.165339
vn  -0.003780 -0.684356 0.729138
vn  0.000000 -0.983996 0.178188
vn  0.276412 -0.684356 0.674725
vn  -0.000000 -1.000000 -0.000000
vn  0.000000 -1.000000 -0.000000
vn  0.066439 -0.983996 0.165339
vn  0.514247 -0.684356 0.516920
vn  0.000000 0.397268 0.917703
vn  -0.334303 0.498738 0.799688
vn  -0.352932 0.397268 0.847123
vn  -0.614219 0.498738 0.611552
vn  -0.651577 0.397268 0.646240
vn  -0.677241 0.290677 0.675908
vn  -0.881990 0.290677 0.370945
vn  -0.905447 0.184634 0.382198
vn  -0.982807 0.184634 0.000000
vn  -0.995584 0.093804 -0.003773
vn  -0.917808 0.093804 0.385784
vn  -0.999998 -0.002185 -0.000000
vn  -0.923877 -0.002185 0.382683
vn  -0.993792 -0.111189 -0.003775
vn  -0.915786 -0.111189 0.385971
vn  -0.972794 -0.231639 -0.003778
vn  -0.898932 -0.231639 0.371839
vn  -0.938768 -0.344528 -0.003776
vn  -0.865316 -0.344528 0.364046
vn  -0.910619 -0.413246 -0.000000
vn  -0.837442 -0.417221 0.353012
vn  -0.846475 -0.532428 -0.000000
vn  -0.782041 -0.532428 0.323932
vn  -0.567084 -0.823652 -0.003783
vn  -0.523748 -0.823652 0.217455
vn  -0.143641 -0.989623 0.003793
vn  -0.132571 -0.989623 0.055426
vn  -0.402999 -0.823652 0.398987
vn  -0.103596 -0.989623 0.099573
vn  -0.215707 -0.823652 0.524470
vn  -0.053671 -0.989623 0.133291
vn  -0.001891 -0.823652 0.567093
vn  -0.001897 -0.989623 0.143678
vn  0.219201 -0.823652 0.523019
vn  0.057171 -0.989623 0.131828
vn  0.400328 -0.823652 0.401666
vn  0.100932 -0.989623 0.102273
vn  0.522285 -0.823652 0.220944
vn  0.133988 -0.989623 0.051907
vn  0.567096 -0.823652 -0.000000
vn  0.143691 -0.989623 -0.000000
vn  0.846475 -0.532428 -0.000000
vn  0.782041 -0.532428 0.323932
vn  0.598548 -0.532428 0.598548
vn  0.910619 -0.413246 -0.000000
vn  0.837442 -0.417221 0.353012
vn  0.938776 -0.344528 -0.000000
vn  0.866773 -0.344528 0.360562
vn  0.972802 -0.231639 -0.000000
vn  0.645287 -0.417221 0.639946
vn  0.323932 -0.532428 0.782041
vn  0.000000 -0.532428 0.846475
vn  -0.365724 0.290677 0.884168
vn  -0.696283 0.184634 0.693614
vn  0.353012 -0.417221 0.837442
vn  0.661809 -0.344528 0.665815
vn  0.897482 -0.231639 0.375327
vn  0.993799 -0.111189 -0.000000
vn  0.917245 -0.111189 0.382489
vn  0.999998 -0.002185 -0.000000
vn  0.688542 -0.231639 0.687207
vn  0.362305 -0.344528 0.866046
vn  0.003774 -0.413246 0.910612
vn  -0.323932 -0.532428 0.782041
vn  -0.598548 -0.532428 0.598548
vn  -0.645287 -0.417221 0.639946
vn  -0.353012 -0.417221 0.837442
vn  0.001888 -0.344528 0.938774
vn  0.377069 -0.231639 0.896751
vn  0.704722 -0.111189 0.700717
vn  0.923877 -0.002185 0.382683
vn  0.995591 0.093804 0.000000
vn  0.919264 0.093804 0.382303
vn  0.982807 0.184634 0.000000
vn  0.707105 -0.002185 0.707105
vn  0.380746 -0.111189 0.917970
vn  0.001889 -0.231639 0.972800
vn  -0.358818 -0.344528 0.867496
vn  -0.664482 -0.344528 0.663147
vn  -0.685868 -0.231639 0.689875
vn  -0.373584 -0.231639 0.898208
vn  -0.001888 -0.111189 0.993798
vn  0.382683 -0.002185 0.923877
vn  0.701985 0.093804 0.705987
vn  0.905447 0.184634 0.382198
vn  0.956821 0.290677 0.000000
vn  0.883445 0.290677 0.367466
vn  0.917703 0.397268 0.000000
vn  0.696283 0.184634 0.693614
vn  0.384044 0.093804 0.918537
vn  0.000000 -0.002185 0.999998
vn  -0.384231 -0.111189 0.916517
vn  -0.702055 -0.111189 0.703389
vn  -0.707105 -0.002185 0.707105
vn  -0.382683 -0.002185 0.923877
vn  0.001886 0.093804 0.995589
vn  0.378718 0.184634 0.906909
vn  0.674572 0.290677 0.678572
vn  0.847123 0.397268 0.352932
vn  0.801135 0.498738 0.330821
vn  0.866753 0.498738 0.000000
vn  0.704786 0.709420 0.000000
vn  0.650231 0.709420 0.271886
vn  0.442860 0.896591 0.000000
vn  0.614219 0.498738 0.611552
vn  0.646240 0.397268 0.651577
vn  0.369206 0.290677 0.882720
vn  0.003775 0.184634 0.982800
vn  -0.380560 0.093804 0.919986
vn  -0.704656 0.093804 0.703322
vn  -0.378718 0.184634 0.906909
vn  0.001886 0.290677 0.956820
vn  0.352932 0.397268 0.847123
vn  0.334303 0.498738 0.799688
vn  0.500355 0.709420 0.496354
vn  0.409508 0.896591 0.168606
vn  0.320555 0.938021 0.131762
vn  0.346578 0.938021 0.000000
vn  0.246392 0.938021 0.243737
vn  0.314476 0.896591 0.311817
vn  0.270145 0.709420 0.650957
vn  0.003771 0.498738 0.866745
vn  0.135227 0.938021 0.319108
vn  0.172077 0.896591 0.408062
vn  -0.001886 0.709420 0.704783
vn  0.003754 0.938021 0.346558
vn  0.003760 0.896591 0.442844
vn  -0.135227 0.938021 0.319108
vn  -0.273625 0.709420 0.649502
vn  -0.497692 0.709420 0.499025
vn  -0.801135 0.498738 0.330821
vn  -0.847123 0.397268 0.352932
vn  -0.956814 0.290677 0.003772
vn  -0.917703 0.397268 0.000000
vn  -0.866753 0.498738 0.000000
vn  -0.651677 0.709420 0.268403
vn  -0.704776 0.709420 0.003772
vn  -0.409508 0.896591 0.168606
vn  -0.442860 0.896591 0.000000
vn  -0.346578 0.938021 0.000000
vn  -0.320555 0.938021 0.131762
vn  -0.314476 0.896591 0.311817
vn  -0.246392 0.938021 0.243737
vn  -0.172077 0.896591 0.408062
vn  0.917703 0.397268 0.000000
vn  0.847123 0.397268 -0.352932
vn  0.866753 0.498738 0.000000
vn  0.801135 0.498738 -0.330821
vn  0.651577 0.397268 -0.646240
vn  0.883445 0.290677 -0.367466
vn  0.956821 0.290677 0.000000
vn  0.982807 0.184634 0.000000
vn  0.905447 0.184634 -0.382198
vn  0.995591 0.093804 0.000000
vn  0.919263 0.093804 -0.382303
vn  0.999998 -0.002185 -0.000000
vn  0.923877 -0.002185 -0.382683
vn  0.993799 -0.111189 -0.000000
vn  0.917245 -0.111189 -0.382489
vn  0.972802 -0.231639 -0.000000
vn  0.897482 -0.231639 -0.375327
vn  0.938776 -0.344528 -0.000000
vn  0.866773 -0.344528 -0.360562
vn  0.910619 -0.413246 -0.000000
vn  0.837442 -0.417221 -0.353012
vn  0.846475 -0.532428 -0.000000
vn  0.782041 -0.532428 -0.323932
vn  0.567096 -0.823652 -0.000000
vn  0.522285 -0.823652 -0.220944
vn  0.143691 -0.989623 -0.000000
vn  0.133988 -0.989623 -0.051907
vn  0.400328 -0.823652 -0.401666
vn  0.100932 -0.989623 -0.102273
vn  0.219201 -0.823652 -0.523019
vn  0.057171 -0.989623 -0.131828
vn  -0.001891 -0.823652 -0.567093
vn  -0.001897 -0.989623 -0.143678
vn  -0.215707 -0.823652 -0.524470
vn  -0.053671 -0.989623 -0.133291
vn  -0.402999 -0.823652 -0.398987
vn  -0.103596 -0.989623 -0.099573
vn  -0.523748 -0.823652 -0.217455
vn  -0.132571 -0.989623 -0.055426
vn  -0.567084 -0.823652 -0.003783
vn  -0.143641 -0.989623 0.003793
vn  -0.846475 -0.532428 -0.000000
vn  -0.782041 -0.532428 -0.323932
vn  -0.910619 -0.413246 -0.000000
vn  -0.837442 -0.417221 -0.353012
vn  -0.938768 -0.344528 -0.003776
vn  -0.865316 -0.344528 -0.364046
vn  -0.972794 -0.231639 -0.003778
vn  -0.598548 -0.532428 -0.598548
vn  -0.323932 -0.532428 -0.782041
vn  -0.000000 -0.532428 -0.846475
vn  -0.639946 -0.417221 -0.645287
vn  -0.664482 -0.344528 -0.663147
vn  -0.898932 -0.231639 -0.371839
vn  -0.993792 -0.111189 -0.003775
vn  -0.915786 -0.111189 -0.385971
vn  -0.999998 -0.002185 -0.000000
vn  -0.353012 -0.417221 -0.837442
vn  0.003774 -0.413246 -0.910612
vn  0.323932 -0.532428 -0.782041
vn  0.598548 -0.532428 -0.598548
vn  0.639946 -0.417221 -0.645287
vn  -0.358818 -0.344528 -0.867497
vn  -0.685868 -0.231639 -0.689875
vn  0.001888 -0.344528 -0.938774
vn  -0.373584 -0.231639 -0.898209
vn  -0.702055 -0.111189 -0.703389
vn  -0.923877 -0.002185 -0.382683
vn  -0.995584 0.093804 -0.003773
vn  -0.917808 0.093804 -0.385784
vn  -0.982807 0.184634 0.000000
vn  0.353012 -0.417221 -0.837442
vn  -0.707105 -0.002185 -0.707105
vn  -0.384231 -0.111189 -0.916517
vn  0.001889 -0.231639 -0.972800
vn  0.362305 -0.344528 -0.866046
vn  0.661809 -0.344528 -0.665815
vn  0.688542 -0.231639 -0.687207
vn  0.377069 -0.231639 -0.896751
vn  -0.001888 -0.111189 -0.993798
vn  -0.382683 -0.002185 -0.923877
vn  -0.704656 0.093804 -0.703322
vn  -0.905447 0.184634 -0.382198
vn  -0.956814 0.290677 0.003772
vn  -0.881990 0.290677 -0.370945
vn  -0.917703 0.397268 0.000000
vn  -0.696283 0.184634 -0.693614
vn  -0.380560 0.093804 -0.919986
vn  -0.000000 -0.002185 -0.999998
vn  0.380746 -0.111189 -0.917970
vn  0.704722 -0.111189 -0.700717
vn  0.707105 -0.002185 -0.707105
vn  0.382683 -0.002185 -0.923877
vn  0.001886 0.093804 -0.995589
vn  -0.378718 0.184634 -0.906909
vn  -0.677241 0.290677 -0.675908
vn  -0.847123 0.397268 -0.352932
vn  -0.801135 0.498738 -0.330821
vn  -0.866753 0.498738 0.000000
vn  -0.704776 0.709420 0.003772
vn  -0.651677 0.709420 -0.268402
vn  -0.442860 0.896591 0.000000
vn  -0.614219 0.498738 -0.611552
vn  -0.651577 0.397268 -0.646240
vn  -0.365724 0.290677 -0.884168
vn  0.003775 0.184634 -0.982800
vn  0.384044 0.093804 -0.918537
vn  0.701985 0.093804 -0.705987
vn  0.696283 0.184634 -0.693614
vn  0.378718 0.184634 -0.906909
vn  0.001886 0.290677 -0.956820
vn  -0.352932 0.397268 -0.847123
vn  -0.334303 0.498738 -0.799688
vn  -0.497692 0.709420 -0.499025
vn  -0.409508 0.896591 -0.168606
vn  -0.320555 0.938021 -0.131762
vn  -0.346578 0.938021 0.000000
vn  -0.246392 0.938021 -0.243737
vn  -0.314476 0.896591 -0.311817
vn  -0.273625 0.709420 -0.649501
vn  0.003771 0.498738 -0.866745
vn  -0.000000 0.397268 -0.917703
vn  0.369206 0.290677 -0.882720
vn  0.674572 0.290677 -0.678572
vn  0.352932 0.397268 -0.847123
vn  0.614219 0.498738 -0.611552
vn  0.334303 0.498738 -0.799688
vn  -0.135227 0.938021 -0.319108
vn  0.500355 0.709420 -0.496354
vn  0.650231 0.709420 -0.271886
vn  0.704786 0.709420 0.000000
vn  0.409508 0.896591 -0.168606
vn  0.442860 0.896591 0.000000
vn  0.346578 0.938021 0.000000
vn  0.320555 0.938021 -0.131762
vn  0.314476 0.896591 -0.311817
vn  0.246392 0.938021 -0.243737
vn  0.172077 0.896591 -0.408062
vn  0.135227 0.938021 -0.319108
vn  0.270145 0.709420 -0.650957
vn  -0.001886 0.709420 -0.704783
vn  -0.172077 0.896591 -0.408062
vn  0.003754 0.938021 -0.346558
vn  0.003760 0.896591 -0.442844
vn  -0.053671 -0.989623 0.133291
vn  -0.000000 -1.000000 -0.000000
vn  -0.000000 -1.000000 -0.000000
vn  -0.103596 -0.989623 0.099573
vn  -0.001897 -0.989623 0.143678
vn  -0.000000 -1.000000 -0.000000
vn  0.057171 -0.989623 0.131828
vn  -0.000000 -1.000000 -0.000000
vn  0.100932 -0.989623 0.102273
vn  -0.000000 -1.000000 -0.000000
vn  0.133988 -0.989623 0.051907
vn  -0.000000 -1.000000 -0.000000
vn  0.143691 -0.989623 -0.000000
vn  -0.000000 -1.000000 -0.000000
vn  0.133988 -0.989623 -0.051907
vn  -0.000000 -1.000000 -0.000000
vn  0.100932 -0.989623 -0.102273
vn  -0.000000 -1.000000 -0.000000
vn  0.057171 -0.989623 -0.131828
vn  -0.000000 -1.000000 -0.000000
vn  -0.001897 -0.989623 -0.143678
vn  -0.000000 -1.000000 -0.000000
vn  -0.053671 -0.989623 -0.133291
vn  -0.000000 -1.000000 -0.000000
vn  -0.103596 -0.989623 -0.099573
vn  -0.000000 -1.000000 -0.000000
vn  -0.132571 -0.989623 -0.055426
vn  -0.000000 -1.000000 -0.000000
vn  -0.143641 -0.989623 0.003793
vn  -0.000000 -1.000000 -0.000000
vn  -0.132571 -0.989623 0.055426
vn  -0.000000 -1.000000 -0.000000
vn  -0.000000 -1.000000 -0.000000
vn  -0.000000 -1.000000 -0.000000
vn  -0.000000 -1.000000 -0.000000
vn  -0.000000 -1.000000 -0.000000
vn  -0.000000 -1.000000 -0.000000
vn  -0.000000 -1.000000 -0.000000
vn  -0.000000 -1.000000 -0.000000
vn  -0.000000 -1.000000 -0.000000
vn  -0.000000 -1.000000 -0.000000
vn  -0.000000 -1.000000 -0.000000
vn  -0.000000 -1.000000 -0.000000
vn  -0.000000 -1.000000 -0.000000
vn  -0.000000 -1.000000 -0.000000
vn  -0.000000 -1.000000 -0.000000
vn  -0.000000 -1.000000 -0.000000
vn  -0.000000 -1.000000 -0.000000
vn  -0.345570 -0.089453 0.934120
vn  -0.155931 -0.093804 0.983304
vn  -0.299276 -0.050227 0.952844
vn  -0.217246 0.010923 0.976056
vn  -0.120523 -0.015292 0.992593
vn  -0.444519 0.010923 0.895703
vn  -0.180265 -0.137202 0.974002
vn  0.000000 -0.102500 0.994733
vn  -0.001888 -0.145853 0.989305
vn  0.152204 -0.093804 0.983888
vn  0.180265 -0.137202 0.974002
vn  0.295671 -0.050227 0.953968
vn  0.342028 -0.089453 0.935422
vn  0.375436 0.037131 0.926104
vn  0.444519 0.010923 0.895703
vn  0.398181 0.128540 0.908256
vn  0.474182 0.124206 0.871621
vn  0.374777 0.223129 0.899864
vn  0.450097 0.240131 0.860087
vn  0.300386 0.315658 0.900071
vn  0.346433 0.348627 0.870887
vn  0.153957 0.369018 0.916582
vn  0.179853 0.409263 0.894515
vn  0.003772 0.381169 0.924498
vn  0.003771 0.425147 0.905117
vn  -0.153957 0.369018 0.916582
vn  -0.179853 0.409263 0.894515
vn  -0.300386 0.315658 0.900071
vn  -0.346433 0.348627 0.870887
vn  -0.374777 0.223129 0.899864
vn  -0.450097 0.240131 0.860087
vn  -0.394720 0.128540 0.909766
vn  -0.474182 0.124206 0.871621
vn  -0.375436 0.037131 0.926104
vn  -0.242921 0.072032 0.967368
vn  -0.129831 0.058953 0.989782
vn  -0.259103 0.137202 0.956055
vn  -0.248325 0.201782 0.947427
vn  -0.216892 0.261280 0.940580
vn  -0.135466 0.218868 0.966305
vn  -0.120360 0.294855 0.947932
vn  -0.142920 0.141528 0.979563
vn  0.000000 0.141528 0.989934
vn  -0.003773 0.231639 0.972794
vn  0.000000 0.307354 0.951595
vn  0.120360 0.294855 0.947932
vn  0.216892 0.261280 0.940580
vn  0.135466 0.218868 0.966305
vn  0.244671 0.201782 0.948378
vn  0.142920 0.141528 0.979563
vn  0.255460 0.137202 0.957035
vn  0.242921 0.072032 0.967368
vn  0.217246 0.010923 0.976056
vn  0.133572 0.058953 0.989284
vn  0.120523 -0.015292 0.992593
vn  -0.001888 0.050227 0.998736
vn  0.000000 -0.024029 0.999711
vn  0.313308 0.892686 0.323958
vn  0.564364 0.709420 0.422157
vn  0.386136 0.607750 0.693930
vn  0.729670 0.433040 0.529204
vn  0.498150 0.389233 0.774819
vn  0.787497 0.085100 0.610415
vn  0.539339 0.119869 0.833514
vn  0.731324 -0.273910 0.624610
vn  0.500176 -0.158808 0.851237
vn  0.572629 -0.576059 0.583310
vn  0.386220 -0.397268 0.832474
vn  0.313803 -0.782026 0.538482
vn  0.212942 -0.558065 0.802009
vn  0.001888 -0.856780 0.515679
vn  0.000000 -0.614666 0.788787
vn  -0.313803 -0.782026 0.538482
vn  -0.212942 -0.558065 0.802009
vn  -0.389644 -0.397268 0.830876
vn  -0.572629 -0.576059 0.583310
vn  -0.731324 -0.273910 0.624610
vn  -0.500176 -0.158808 0.851237
vn  -0.789804 0.085100 0.607426
vn  -0.539339 0.119869 0.833514
vn  -0.727450 0.433040 0.532252
vn  -0.494972 0.389233 0.776853
vn  -0.566615 0.709420 0.419130
vn  -0.386136 0.607750 0.693930
vn  -0.313308 0.892686 0.323958
vn  -0.212863 0.748288 0.628295
vn  0.003754 0.958706 0.284375
vn  0.003771 0.798095 0.602520
vn  0.209290 0.748288 0.629494
vn  0.000000 0.294855 0.955542
vn  0.000000 0.223129 0.974789
vn  0.000000 0.141528 0.989934
vn  -0.001887 0.054590 0.998507
vn  0.000000 -0.015292 0.999883
vn  -0.001886 -0.063314 0.997992
vn  0.001889 -0.080746 0.996733
vn  -0.001886 -0.063314 0.997992
vn  0.000000 -0.015292 0.999883
vn  0.005662 0.054590 0.998493
vn  0.000000 0.141528 0.989934
vn  0.000000 0.223129 0.974789
vn  0.000000 0.294855 0.955542
vn  0.000000 0.336311 0.941751
vn  -0.001887 0.352719 0.935728
vn  0.000000 0.336311 0.941751
vn  -0.248392 0.054590 0.967120
vn  -0.324243 0.089453 0.941735
vn  -0.352546 0.132872 0.926313
vn  -0.320662 0.176038 0.930691
vn  -0.253759 0.218868 0.942180
vn  -0.139206 0.248605 0.958550
vn  0.001886 0.257060 0.966394
vn  0.139206 0.248605 0.958550
vn  0.253759 0.218868 0.942180
vn  0.324230 0.176038 0.929454
vn  0.349016 0.132872 0.927649
vn  0.320672 0.089453 0.942957
vn  0.252047 0.054590 0.966174
vn  0.135461 0.028397 0.990376
vn  0.000000 0.019661 0.999807
vn  -0.135461 0.028397 0.990376
vn  -0.001887 -0.244371 0.969680
vn  0.240921 -0.214603 0.946521
vn  0.425416 -0.132872 0.895191
vn  0.542886 -0.015292 0.839667
vn  0.578034 0.115530 0.807793
vn  0.544000 0.248605 0.801411
vn  0.423060 0.373076 0.825733
vn  0.234692 0.464277 0.854030
vn  0.003771 0.498738 0.866745
vn  -0.234692 0.464277 0.854030
vn  -0.426412 0.373076 0.824007
vn  -0.544000 0.248605 0.801411
vn  -0.581099 0.115530 0.805591
vn  -0.542886 -0.015292 0.839667
vn  -0.428822 -0.132872 0.893564
vn  -0.237262 -0.214603 0.947445
vn  -0.373035 -0.635132 0.676352
vn  0.000000 -0.696995 0.717076
vn  0.373035 -0.635132 0.676352
vn  0.667728 -0.471999 0.575635
vn  0.850558 -0.235888 0.470010
vn  0.913407 0.054590 0.403369
vn  0.848369 0.352719 0.394791
vn  0.661337 0.611214 0.434801
vn  0.365524 0.792799 0.487711
vn  -0.001883 0.859025 0.511931
vn  -0.365524 0.792799 0.487711
vn  -0.659256 0.611214 0.437948
vn  -0.849954 0.352719 0.391367
vn  -0.914926 0.054590 0.399913
vn  -0.852376 -0.235888 0.466703
vn  -0.665255 -0.471999 0.578492
vn  -0.927801 -0.373076 -0.000000
vn  -0.996492 -0.010923 -0.082970
vn  -0.974052 -0.028397 -0.224533
vn  -0.928582 0.360882 -0.086603
vn  -0.908836 -0.393255 -0.139167
vn  -0.728543 -0.671508 0.135284
vn  -0.406629 -0.876391 0.258054
vn  0.001891 -0.950921 0.309427
vn  0.406629 -0.876391 0.258054
vn  0.406027 -0.906051 0.119220
vn  0.720075 -0.693855 -0.007554
vn  0.728543 -0.671508 0.135284
vn  0.909400 -0.393255 -0.135434
vn  -0.720105 -0.693855 -0.003777
vn  -0.406027 -0.906051 0.119220
vn  0.000000 -0.984766 0.173887
vn  0.927801 -0.373076 -0.000000
vn  0.996492 -0.010923 -0.082970
vn  0.928224 0.360882 -0.090356
vn  0.728175 0.684356 -0.037659
vn  0.909806 0.344528 -0.231418
vn  0.717773 0.674740 -0.171837
vn  0.406157 0.913308 0.030078
vn  0.406035 0.907892 -0.104252
vn  0.974052 -0.028397 -0.224533
vn  0.000000 0.997853 0.065494
vn  -0.406157 0.913308 0.030078
vn  -0.728175 0.684356 -0.037659
vn  -0.001850 0.997243 -0.074188
vn  -0.406035 0.907892 -0.104252
vn  -0.716886 0.674740 -0.175502
vn  -0.909806 0.344528 -0.231418
vn  0.866773 -0.344528 0.360562
vn  0.927801 -0.373076 -0.000000
vn  0.938776 -0.344528 -0.000000
vn  0.857897 -0.373076 0.353309
vn  0.661809 -0.344528 0.665815
vn  0.658719 -0.373076 0.653379
vn  0.362305 -0.344528 0.866046
vn  0.353309 -0.373076 0.857897
vn  0.001888 -0.344528 0.938774
vn  0.000000 -0.373076 0.927801
vn  -0.358818 -0.344528 0.867496
vn  -0.353309 -0.373076 0.857897
vn  -0.664482 -0.344528 0.663147
vn  -0.658719 -0.373076 0.653379
vn  -0.868216 -0.344528 0.357072
vn  -0.857897 -0.373076 0.353309
vn  -0.938768 -0.344528 0.003776
vn  -0.927801 -0.373076 -0.000000
vn  -0.834642 -0.550793 -0.000000
vn  -0.772189 -0.550793 0.316784
vn  -0.530564 -0.847636 -0.003780
vn  -0.490371 -0.847636 0.202607
vn  -0.147965 -0.988985 -0.003780
vn  -0.137283 -0.988985 0.055330
vn  0.000000 -1.000000 -0.000000
vn  -0.000000 -1.000000 -0.000000
vn  0.139365 -0.990241 -0.000000
vn  0.129467 -0.990241 -0.051585
vn  0.673126 -0.739528 -0.000000
vn  0.621887 -0.739528 -0.257594
vn  0.095842 -0.990241 -0.101179
vn  0.475972 -0.739528 -0.475972
vn  -0.588844 -0.550793 0.591515
vn  0.000000 -1.000000 -0.000000
vn  -0.103991 -0.988985 0.105327
vn  -0.000000 -1.000000 -0.000000
vn  0.051584 -0.990241 -0.129467
vn  0.257594 -0.739528 -0.621887
vn  -0.000000 -0.990241 -0.139365
vn  -0.000000 -0.739528 -0.673126
vn  -0.000000 -1.000000 -0.000000
vn  -0.053572 -0.988985 0.137978
vn  -0.204352 -0.847636 0.489646
vn  -0.373165 -0.847636 0.377174
vn  -0.320276 -0.550793 0.770747
vn  -0.003778 -0.550793 0.834633
vn  0.001890 -0.847636 0.530574
vn  -0.001890 -0.988985 0.148001
vn  -0.000000 -1.000000 -0.000000
vn  -0.051584 -0.990241 -0.129467
vn  -0.257594 -0.739528 -0.621887
vn  -0.095842 -0.990241 -0.101179
vn  -0.475972 -0.739528 -0.475972
vn  -0.000000 -1.000000 -0.000000
vn  0.057079 -0.988985 0.136565
vn  0.200859 -0.847636 0.491089
vn  0.320276 -0.550793 0.770747
vn  0.588844 -0.550793 0.591515
vn  0.375843 -0.847636 0.374506
vn  0.106647 -0.988985 0.102637
vn  -0.000000 -1.000000 -0.000000
vn  -0.129467 -0.990241 -0.051585
vn  -0.621887 -0.739528 -0.257594
vn  -0.139365 -0.990241 -0.000000
vn  -0.673126 -0.739528 -0.000000
vn  -0.000000 -1.000000 -0.000000
vn  0.135825 -0.988985 0.058818
vn  0.488915 -0.847636 0.206095
vn  0.772189 -0.550793 0.316784
vn  0.834642 -0.550793 -0.000000
vn  0.530578 -0.847636 -0.000000
vn  0.148013 -0.988985 -0.000000
vn  -0.938768 -0.344528 0.003776
vn  -0.868216 -0.344528 -0.357072
vn  -0.927801 -0.373076 -0.000000
vn  -0.857897 -0.373076 -0.353309
vn  -0.664482 -0.344528 -0.663147
vn  -0.658719 -0.373076 -0.653379
vn  -0.358818 -0.344528 -0.867497
vn  -0.353309 -0.373076 -0.857897
vn  0.001888 -0.344528 -0.938774
vn  -0.000000 -0.373076 -0.927801
vn  0.362305 -0.344528 -0.866046
vn  0.353309 -0.373076 -0.857897
vn  0.661809 -0.344528 -0.665815
vn  0.658719 -0.373076 -0.653379
vn  0.866773 -0.344528 -0.360562
vn  0.857897 -0.373076 -0.353309
vn  0.938776 -0.344528 -0.000000
vn  0.927801 -0.373076 -0.000000
vn  0.834642 -0.550793 -0.000000
vn  0.772189 -0.550793 -0.316784
vn  0.530578 -0.847636 -0.000000
vn  0.488915 -0.847636 -0.206095
vn  0.148013 -0.988985 -0.000000
vn  0.135825 -0.988985 -0.058818
vn  0.000000 -1.000000 -0.000000
vn  -0.000000 -1.000000 -0.000000
vn  -0.139365 -0.990241 -0.000000
vn  -0.129467 -0.990241 0.051584
vn  -0.673126 -0.739528 -0.000000
vn  -0.621887 -0.739528 0.257594
vn  -0.101179 -0.990241 0.095841
vn  -0.475972 -0.739528 0.475972
vn  0.588844 -0.550793 -0.591515
vn  0.000000 -1.000000 -0.000000
vn  0.106647 -0.988985 -0.102637
vn  -0.000000 -1.000000 -0.000000
vn  -0.051584 -0.990241 0.129467
vn  -0.257594 -0.739528 0.621887
vn  0.000000 -0.990241 0.139365
vn  0.000000 -0.739528 0.673126
vn  -0.000000 -1.000000 -0.000000
vn  0.057079 -0.988985 -0.136565
vn  0.200859 -0.847636 -0.491089
vn  0.375843 -0.847636 -0.374507
vn  0.320276 -0.550793 -0.770747
vn  0.003778 -0.550793 -0.834634
vn  0.001890 -0.847636 -0.530575
vn  -0.001890 -0.988985 -0.148001
vn  -0.000000 -1.000000 -0.000000
vn  0.051584 -0.990241 0.129467
vn  0.257594 -0.739528 0.621887
vn  0.101179 -0.990241 0.095841
vn  0.475972 -0.739528 0.475972
vn  -0.000000 -1.000000 -0.000000
vn  -0.053572 -0.988985 -0.137978
vn  -0.204352 -0.847636 -0.489646
vn  -0.320276 -0.550793 -0.770747
vn  -0.588844 -0.550793 -0.591515
vn  -0.373165 -0.847636 -0.377174
vn  -0.103991 -0.988985 -0.105328
vn  -0.000000 -1.000000 -0.000000
vn  0.129467 -0.990241 0.051584
vn  0.621887 -0.739528 0.257594
vn  0.139365 -0.990241 -0.000000
vn  0.673126 -0.739528 -0.000000
vn  -0.000000 -1.000000 -0.000000
vn  -0.137283 -0.988985 -0.055330
vn  -0.490371 -0.847636 -0.202607
vn  -0.772189 -0.550793 -0.316784
vn  -0.834642 -0.550793 -0.000000
vn  -0.530564 -0.847636 -0.003780
vn  -0.147965 -0.988985 -0.003780
vn  -0.985884 -0.167429 -0.000000
vn  -0.911559 -0.167429 -0.375536
vn  -0.999998 0.002185 0.000000
vn  -0.923877 0.002185 -0.382683
vn  -0.699791 -0.167429 -0.694449
vn  -0.621887 -0.739528 -0.257594
vn  -0.475972 -0.739528 -0.475972
vn  -0.375536 -0.167429 -0.911559
vn  -0.257594 -0.739528 -0.621887
vn  -0.000000 -0.167429 -0.985884
vn  -0.000000 -0.739528 -0.673126
vn  0.375536 -0.167429 -0.911559
vn  0.257594 -0.739528 -0.621887
vn  -0.673126 -0.739528 -0.000000
vn  -0.707105 0.002185 -0.707105
vn  -0.382683 0.002185 -0.923877
vn  -0.000000 0.002185 -0.999998
vn  0.382683 0.002185 -0.923877
vn  0.699791 -0.167429 -0.694449
vn  0.475972 -0.739528 -0.475972
vn  0.911559 -0.167429 -0.375536
vn  0.621887 -0.739528 -0.257594
vn  0.985884 -0.167429 -0.000000
vn  0.673126 -0.739528 -0.000000
vn  0.923877 0.002185 -0.382683
vn  0.999998 0.002185 0.000000
vn  0.987310 -0.158808 -0.000000
vn  0.913234 -0.158808 -0.375211
vn  0.729148 -0.684356 -0.000000
vn  0.673283 -0.684356 -0.279906
vn  0.696798 -0.158808 -0.699466
vn  0.514247 -0.684356 -0.516920
vn  0.707105 0.002185 -0.707105
vn  0.378698 -0.158808 -0.911794
vn  0.276412 -0.684356 -0.674725
vn  0.003773 -0.158808 -0.987302
vn  0.003780 -0.684356 -0.729138
vn  -0.378698 -0.158808 -0.911794
vn  -0.276412 -0.684356 -0.674725
vn  -0.696798 -0.158808 -0.699466
vn  -0.514247 -0.684356 -0.516920
vn  -0.913234 -0.158808 -0.375211
vn  -0.673283 -0.684356 -0.279906
vn  -0.987310 -0.158808 -0.000000
vn  -0.729148 -0.684356 -0.000000
vn  0.985884 -0.167429 -0.000000
vn  0.911559 -0.167429 0.375536
vn  0.999998 0.002185 0.000000
vn  0.923877 -0.002185 0.382683
vn  0.694449 -0.167429 0.699791
vn  0.621887 -0.739528 0.257594
vn  0.475972 -0.739528 0.475972
vn  0.375536 -0.167429 0.911559
vn  0.257594 -0.739528 0.621887
vn  0.000000 -0.167429 0.985884
vn  0.000000 -0.739528 0.673126
vn  -0.375536 -0.167429 0.911559
vn  -0.257594 -0.739528 0.621887
vn  0.673126 -0.739528 -0.000000
vn  0.707105 -0.002185 0.707105
vn  0.382683 -0.002185 0.923877
vn  0.000000 -0.002185 0.999998
vn  -0.382683 -0.002185 0.923877
vn  -0.694449 -0.167429 0.699791
vn  -0.475972 -0.739528 0.475972
vn  -0.911559 -0.167429 0.375536
vn  -0.621887 -0.739528 0.257594
vn  -0.985884 -0.167429 -0.000000
vn  -0.673126 -0.739528 -0.000000
vn  -0.923877 -0.002185 0.382683
vn  -0.999998 0.002185 0.000000
vn  -0.987310 -0.158808 -0.000000
vn  -0.913234 -0.158808 0.375211
vn  -0.729148 -0.684356 -0.000000
vn  -0.673283 -0.684356 0.279906
vn  -0.696798 -0.158808 0.699466
vn  -0.514247 -0.684356 0.516920
vn  -0.707105 -0.002185 0.707105
vn  -0.378698 -0.158808 0.911794
vn  -0.276412 -0.684356 0.674725
vn  -0.003773 -0.158808 0.987302
vn  -0.003780 -0.684356 0.729138
vn  0.378698 -0.158808 0.911794
vn  0.276412 -0.684356 0.674725
vn  0.696798 -0.158808 0.699466
vn  0.514247 -0.684356 0.516920
vn  0.913234 -0.158808 0.375211
vn  0.673283 -0.684356 0.279906
vn  0.987310 -0.158808 -0.000000
vn  0.729148 -0.684356 -0.000000
vn  -0.275985 0.961155 -0.003754
vn  -0.508176 0.861253 0.000000
vn  -0.261038 0.928614 0.263697
vn  -0.476083 0.849946 0.225691
vn  -0.395226 0.828576 0.396558
vn  -0.628410 0.736580 0.250102
vn  -0.475581 0.736580 0.480909
vn  -0.758217 0.576059 0.305390
vn  -0.814874 0.579625 -0.003770
vn  -0.679562 0.733618 0.000000
vn  -0.854492 0.381169 0.352921
vn  -0.579102 0.572482 0.580435
vn  -0.300136 0.576059 0.760312
vn  -0.250102 0.736580 0.628410
vn  -0.225691 0.849946 0.476083
vn  -0.922831 0.385205 0.000000
vn  -0.999940 0.010923 0.000000
vn  -0.923860 0.006554 0.382675
vn  -0.931018 -0.364954 -0.003774
vn  -0.654228 0.377126 0.655562
vn  -0.356405 0.381169 0.853045
vn  -0.707092 0.006554 0.707092
vn  -0.859975 -0.364954 0.356724
vn  -0.809562 -0.479685 0.338397
vn  -0.877441 -0.479685 -0.000000
vn  -0.877441 -0.479685 -0.000000
vn  -0.809562 -0.479685 0.338397
vn  -0.621778 -0.479685 0.619108
vn  -0.621778 -0.479685 0.619108
vn  -0.334910 -0.479685 0.811010
vn  -0.334910 -0.479685 0.811010
vn  -0.003776 -0.479685 0.877433
vn  0.003776 -0.479685 0.877433
vn  0.334910 -0.479685 0.811010
vn  0.334910 -0.479685 0.811010
vn  0.621778 -0.479685 0.619108
vn  0.621778 -0.479685 0.619108
vn  0.809562 -0.479685 0.338397
vn  0.809562 -0.479685 0.338397
vn  0.877441 -0.479685 -0.000000
vn  0.877441 -0.479685 -0.000000
vn  -0.660333 -0.364954 0.656330
vn  0.858522 -0.364954 0.360207
vn  0.931026 -0.364954 -0.000000
vn  0.999940 0.010923 0.000000
vn  0.923860 0.006554 0.382675
vn  0.922831 0.385205 0.000000
vn  0.854492 0.381169 0.352921
vn  0.814883 0.579625 0.000000
vn  0.759617 0.576059 0.301889
vn  0.628410 0.736580 0.250102
vn  0.679562 0.733618 0.000000
vn  0.476083 0.849946 0.225691
vn  0.508176 0.861253 0.000000
vn  0.261038 0.928614 0.263697
vn  0.276011 0.961155 0.000000
vn  0.000000 1.000000 0.000000
vn  -0.001877 0.961155 0.276004
vn  0.000000 0.861253 0.508176
vn  -0.003772 0.733618 0.679552
vn  0.225691 0.849946 0.476083
vn  0.397885 0.828576 0.393890
vn  0.480909 0.736580 0.475581
vn  0.250102 0.736580 0.628410
vn  -0.001885 0.579625 0.814881
vn  0.000000 0.385205 0.922831
vn  -0.382675 0.006554 0.923860
vn  -0.361946 -0.364954 0.857790
vn  -0.001887 -0.364954 0.931024
vn  0.000000 0.010923 0.999940
vn  0.356405 0.381169 0.853045
vn  0.303641 0.576059 0.758919
vn  0.581766 0.572482 0.577765
vn  0.656894 0.377126 0.652891
vn  0.707092 0.006554 0.707092
vn  0.382675 0.006554 0.923860
vn  0.358466 -0.364954 0.859250
vn  0.657667 -0.364954 0.659001
vn  0.276011 0.961155 0.000000
vn  0.508176 0.861253 0.000000
vn  0.261038 0.928614 -0.263696
vn  0.476083 0.849946 -0.225691
vn  0.397885 0.828576 -0.393890
vn  0.628410 0.736580 -0.250102
vn  0.480909 0.736580 -0.475581
vn  0.759617 0.576059 -0.301889
vn  0.814883 0.579625 0.000000
vn  0.679562 0.733618 0.000000
vn  0.854492 0.381169 -0.352921
vn  0.581766 0.572482 -0.577765
vn  0.303641 0.576059 -0.758919
vn  0.250102 0.736580 -0.628410
vn  0.225691 0.849946 -0.476083
vn  0.922831 0.385205 0.000000
vn  0.999940 0.010923 0.000000
vn  0.923860 0.006554 -0.382675
vn  0.931026 -0.364954 -0.000000
vn  0.656894 0.377126 -0.652891
vn  0.356405 0.381169 -0.853045
vn  0.707092 0.006554 -0.707092
vn  0.858522 -0.364954 -0.360207
vn  0.809562 -0.479685 -0.338397
vn  0.877441 -0.479685 -0.000000
vn  0.877441 -0.479685 -0.000000
vn  0.809562 -0.479685 -0.338397
vn  0.621778 -0.479685 -0.619108
vn  0.621778 -0.479685 -0.619108
vn  0.334910 -0.479685 -0.811010
vn  0.334910 -0.479685 -0.811010
vn  0.003776 -0.479685 -0.877433
vn  0.003776 -0.479685 -0.877433
vn  -0.334910 -0.479685 -0.811010
vn  -0.334910 -0.479685 -0.811010
vn  -0.621778 -0.479685 -0.619108
vn  -0.621778 -0.479685 -0.619108
vn  -0.809562 -0.479685 -0.338397
vn  -0.809562 -0.479685 -0.338397
vn  -0.877441 -0.479685 -0.000000
vn  -0.877441 -0.479685 -0.000000
vn  0.657667 -0.364954 -0.659001
vn  -0.859975 -0.364954 -0.356724
vn  -0.931018 -0.364954 -0.003774
vn  -0.999940 0.010923 0.000000
vn  -0.923860 0.006554 -0.382675
vn  -0.922831 0.385205 0.000000
vn  -0.854492 0.381169 -0.352921
vn  -0.814874 0.579625 -0.003770
vn  -0.758217 0.576059 -0.305390
vn  -0.628410 0.736580 -0.250102
vn  -0.679562 0.733618 0.000000
vn  -0.476083 0.849946 -0.225691
vn  -0.508176 0.861253 0.000000
vn  -0.261038 0.928614 -0.263696
vn  -0.275985 0.961155 -0.003754
vn  0.000000 1.000000 0.000000
vn  -0.001877 0.961155 -0.276004
vn  -0.000000 0.861253 -0.508176
vn  -0.003772 0.733618 -0.679552
vn  -0.225691 0.849946 -0.476083
vn  -0.395226 0.828576 -0.396558
vn  -0.480909 0.736580 -0.475581
vn  -0.250102 0.736580 -0.628410
vn  -0.001885 0.579625 -0.814881
vn  -0.000000 0.385205 -0.922831
vn  0.382675 0.006554 -0.923860
vn  0.358466 -0.364954 -0.859250
vn  -0.001887 -0.364954 -0.931024
vn  -0.000000 0.010923 -0.999940
vn  -0.356405 0.381169 -0.853045
vn  -0.300136 0.576059 -0.760312
vn  -0.579102 0.572482 -0.580435
vn  -0.654228 0.377126 -0.655562
vn  -0.707092 0.006554 -0.707092
vn  -0.382675 0.006554 -0.923860
vn  -0.361946 -0.364954 -0.857790
vn  -0.660333 -0.364954 -0.656330
vn  -0.707105 -0.002185 -0.707105
vn  -0.707105 0.002185 -0.707105
vn  -0.707105 -0.002185 -0.707105
vn  -0.707105 0.002185 -0.707105
vn  -0.707105 -0.002185 -0.707105
vn  -0.707105 -0.002185 -0.707105
vn  -0.707105 -0.002185 -0.707105
vn  -0.867393 0.471999 0.157628
vn  -0.952922 0.303193 -0.003775
vn  -0.589873 0.547141 0.593875
vn  -0.642570 0.413246 0.645238
vn  -0.989819 0.141528 0.015096
vn  -0.691779 0.193215 0.695780
vn  -0.999484 0.010923 0.030201
vn  -0.707024 0.015292 0.707024
vn  -0.988953 -0.145852 0.026432
vn  -0.694561 -0.201782 0.690557
vn  -0.941721 -0.336311 -0.007547
vn  -0.631788 -0.456519 0.626446
vn  -0.214251 -0.953589 0.211576
vn  -0.594364 -0.765420 -0.246705
vn  0.336448 -0.880566 -0.333776
vn  -0.224986 -0.651854 -0.724202
vn  -0.220304 -0.536122 -0.814886
vn  -0.707105 -0.002185 -0.707105
vn  -0.707105 -0.002185 -0.707105
vn  0.435852 -0.787443 -0.435852
vn  -0.707105 -0.002185 -0.707105
vn  -0.707105 -0.002185 -0.707105
vn  -0.707105 -0.002185 -0.707105
vn  -0.707105 -0.002185 -0.707105
vn  -0.707105 -0.002185 -0.707105
vn  -0.707105 -0.002185 -0.707105
vn  -0.707105 -0.002185 -0.707105
vn  -0.707105 0.002185 -0.707105
vn  -0.707105 -0.002185 -0.707105
vn  -0.707105 -0.002185 -0.707105
vn  0.707105 -0.002185 0.707105
vn  0.707105 -0.002185 0.707105
vn  0.707105 0.002185 0.707105
vn  0.707105 0.002185 0.707105
vn  0.707105 0.002185 0.707105
vn  0.707105 0.002185 0.707105
vn  0.707105 0.002185 0.707105
vn  0.707105 0.002185 0.707105
vn  0.707105 0.002185 0.707105
vn  0.707105 -0.002185 0.707105
vn  0.707105 0.002185 0.707105
vn  0.707105 0.002185 0.707105
vn  0.707105 -0.002185 0.707105
vn  0.707105 -0.002185 0.707105
vn  0.724760 -0.651854 0.223182
vn  0.813892 -0.536122 0.223948
vn  0.336448 -0.880566 -0.333776
vn  0.435852 -0.787443 -0.435852
vn  -0.214251 -0.953589 0.211576
vn  0.248449 -0.765420 0.593637
vn  -0.631788 -0.456519 0.626446
vn  0.007547 -0.336311 0.941721
vn  -0.694561 -0.201782 0.690557
vn  0.707105 0.002185 0.707105
vn  0.707105 0.002185 0.707105
vn  0.707105 0.002185 0.707105
vn  -0.024544 -0.145853 0.989002
vn  0.707105 -0.002185 0.707105
vn  -0.030201 0.010923 0.999484
vn  0.707105 0.002185 0.707105
vn  -0.015096 0.141528 0.989819
vn  -0.691779 0.193215 0.695780
vn  -0.707024 0.015292 0.707024
vn  -0.642570 0.413246 0.645238
vn  0.001888 0.303193 0.952927
vn  -0.589873 0.547141 0.593875
vn  -0.153914 0.471999 0.868060
vn  -0.707105 -0.002185 0.707105
vn  -0.707105 0.002185 0.707105
vn  -0.707105 0.002185 0.707105
vn  -0.707105 -0.002185 0.707105
vn  -0.707105 -0.002185 0.707105
vn  -0.707105 0.002185 0.707105
vn  -0.707105 -0.002185 0.707105
vn  0.153914 0.471999 0.868060
vn  0.001888 0.303193 0.952927
vn  0.592544 0.547141 0.591210
vn  0.642570 0.413246 0.645238
vn  0.015096 0.141528 0.989819
vn  0.694449 0.193215 0.693115
vn  0.030201 0.010923 0.999484
vn  0.707024 0.015292 0.707024
vn  0.020769 -0.145853 0.989088
vn  0.691894 -0.201782 0.693229
vn  -0.007547 -0.336311 0.941721
vn  0.626446 -0.456519 0.631788
vn  0.214251 -0.953589 0.211576
vn  -0.251931 -0.765420 0.592168
vn  -0.336448 -0.880566 -0.333776
vn  -0.723639 -0.651854 0.226788
vn  -0.813892 -0.536122 0.223948
vn  -0.707105 -0.002185 0.707105
vn  -0.707105 -0.002185 0.707105
vn  -0.435852 -0.787443 -0.435852
vn  -0.707105 -0.002185 0.707105
vn  -0.707105 -0.002185 0.707105
vn  -0.707105 0.002185 0.707105
vn  -0.707105 -0.002185 0.707105
vn  -0.707105 -0.002185 0.707105
vn  -0.707105 -0.002185 0.707105
vn  -0.707105 -0.002185 0.707105
vn  -0.707105 0.002185 0.707105
vn  -0.707105 -0.002185 0.707105
vn  -0.707105 -0.002185 0.707105
vn  0.707105 0.002185 -0.707105
vn  0.707105 0.002185 -0.707105
vn  0.707105 -0.002185 -0.707105
vn  0.707105 -0.002185 -0.707105
vn  0.707105 0.002185 -0.707105
vn  0.707105 0.002185 -0.707105
vn  0.707105 0.002185 -0.707105
vn  0.707105 0.002185 -0.707105
vn  0.707105 0.002185 -0.707105
vn  0.707105 0.002185 -0.707105
vn  0.707105 0.002185 -0.707105
vn  0.707105 0.002185 -0.707105
vn  0.707105 -0.002185 -0.707105
vn  0.707105 -0.002185 -0.707105
vn  0.228589 -0.651854 -0.723073
vn  0.220304 -0.536122 -0.814886
vn  -0.336448 -0.880566 -0.333776
vn  -0.435852 -0.787443 -0.435852
vn  0.214251 -0.953589 0.211576
vn  0.592905 -0.765420 -0.250191
vn  0.626446 -0.456519 0.631788
vn  0.941721 -0.336311 -0.007547
vn  0.691894 -0.201782 0.693229
vn  0.707105 0.002185 -0.707105
vn  0.707105 -0.002185 -0.707105
vn  0.707105 0.002185 -0.707105
vn  0.989047 -0.145852 0.022657
vn  0.707105 0.002185 -0.707105
vn  0.999484 0.010923 0.030201
vn  0.707105 0.002185 -0.707105
vn  0.989819 0.141528 0.015096
vn  0.694449 0.193215 0.693115
vn  0.707024 0.015292 0.707024
vn  0.642570 0.413246 0.645238
vn  0.952929 0.303193 0.000000
vn  0.592544 0.547141 0.591210
vn  0.867393 0.471999 0.157628
vn  0.707105 0.002185 -0.707105
vn  0.707105 -0.002185 -0.707105
vn  0.707105 -0.002185 -0.707105
vn  0.707105 0.002185 -0.707105
vn  0.707105 -0.002185 -0.707105
vn  0.707105 -0.002185 -0.707105
vn  0.707105 -0.002185 -0.707105
vn  -0.153914 0.471999 -0.868060
vn  0.001888 0.303194 -0.952927
vn  -0.589873 0.547141 -0.593875
vn  -0.642570 0.413246 -0.645238
vn  -0.015096 0.141529 -0.989819
vn  -0.691779 0.193215 -0.695780
vn  -0.030201 0.010923 -0.999484
vn  -0.707024 0.015292 -0.707024
vn  -0.024544 -0.145852 -0.989002
vn  -0.694561 -0.201782 -0.690557
vn  0.007547 -0.336311 -0.941721
vn  -0.626446 -0.456519 -0.631788
vn  -0.214251 -0.953589 -0.211576
vn  0.248449 -0.765420 -0.593637
vn  0.336448 -0.880566 0.333776
vn  0.724760 -0.651854 -0.223182
vn  0.813892 -0.536122 -0.223948
vn  0.707105 0.002185 -0.707105
vn  0.707105 0.002185 -0.707105
vn  0.435852 -0.787443 0.435852
vn  0.707105 -0.002185 -0.707105
vn  0.707105 -0.002185 -0.707105
vn  0.707105 -0.002185 -0.707105
vn  0.707105 -0.002185 -0.707105
vn  0.707105 -0.002185 -0.707105
vn  0.707105 -0.002185 -0.707105
vn  0.707105 -0.002185 -0.707105
vn  0.707105 -0.002185 -0.707105
vn  0.707105 0.002185 -0.707105
vn  0.707105 0.002185 -0.707105
vn  -0.707105 0.002185 0.707105
vn  -0.707105 0.002185 0.707105
vn  -0.707105 0.002185 0.707105
vn  -0.707105 0.002185 0.707105
vn  -0.707105 0.002185 0.707105
vn  -0.707105 0.002185 0.707105
vn  -0.707105 0.002185 0.707105
vn  -0.707105 0.002185 0.707105
vn  -0.707105 0.002185 0.707105
vn  -0.707105 -0.002185 0.707105
vn  -0.707105 -0.002185 0.707105
vn  -0.707105 -0.002185 0.707105
vn  -0.707105 -0.002185 0.707105
vn  -0.707105 0.002185 0.707105
vn  -0.224986 -0.651854 0.724202
vn  -0.220304 -0.536122 0.814886
vn  0.336448 -0.880566 0.333776
vn  0.435852 -0.787443 0.435852
vn  -0.214251 -0.953589 -0.211576
vn  -0.594364 -0.765420 0.246705
vn  -0.626446 -0.456519 -0.631788
vn  -0.941721 -0.336311 0.007547
vn  -0.694561 -0.201782 -0.690557
vn  -0.707105 0.002185 0.707105
vn  -0.707105 0.002185 0.707105
vn  -0.707105 0.002185 0.707105
vn  -0.988953 -0.145852 -0.026432
vn  -0.707105 0.002185 0.707105
vn  -0.999484 0.010923 -0.030201
vn  -0.707105 0.002185 0.707105
vn  -0.989819 0.141528 -0.015096
vn  -0.691779 0.193215 -0.695780
vn  -0.707024 0.015292 -0.707024
vn  -0.642570 0.413246 -0.645238
vn  -0.952922 0.303193 0.003775
vn  -0.589873 0.547141 -0.593875
vn  -0.867393 0.471999 -0.157628
vn  0.707105 0.002185 0.707105
vn  0.707105 -0.002185 0.707105
vn  0.707105 -0.002185 0.707105
vn  0.707105 0.002185 0.707105
vn  0.707105 -0.002185 0.707105
vn  0.707105 -0.002185 0.707105
vn  0.707105 -0.002185 0.707105
vn  0.867393 0.471999 -0.157628
vn  0.952929 0.303193 0.000000
vn  0.592544 0.547141 -0.591210
vn  0.642570 0.413246 -0.645238
vn  0.989819 0.141528 -0.015096
vn  0.694449 0.193215 -0.693115
vn  0.999484 0.010923 -0.030201
vn  0.707024 0.015292 -0.707024
vn  0.989047 -0.145852 -0.022657
vn  0.691894 -0.201782 -0.693229
vn  0.941721 -0.336311 0.007547
vn  0.631788 -0.456519 -0.626446
vn  0.214251 -0.953589 -0.211576
vn  0.592905 -0.765420 0.250191
vn  -0.336448 -0.880566 0.333776
vn  0.228589 -0.651854 0.723073
vn  0.220304 -0.536122 0.814886
vn  0.707105 0.002185 0.707105
vn  0.707105 0.002185 0.707105
vn  -0.435852 -0.787443 0.435852
vn  0.707105 -0.002185 0.707105
vn  0.707105 -0.002185 0.707105
vn  0.707105 -0.002185 0.707105
vn  0.707105 -0.002185 0.707105
vn  0.707105 -0.002185 0.707105
vn  0.707105 -0.002185 0.707105
vn  0.707105 -0.002185 0.707105
vn  0.707105 -0.002185 0.707105
vn  0.707105 -0.002185 0.707105
vn  0.707105 -0.002185 0.707105
vn  -0.707105 0.002185 -0.707105
vn  -0.707105 -0.002185 -0.707105
vn  -0.707105 0.002185 -0.707105
vn  -0.707105 0.002185 -0.707105
vn  -0.707105 0.002185 -0.707105
vn  -0.707105 0.002185 -0.707105
vn  -0.707105 0.002185 -0.707105
vn  -0.707105 0.002185 -0.707105
vn  -0.707105 0.002185 -0.707105
vn  -0.707105 -0.002185 -0.707105
vn  -0.707105 0.002185 -0.707105
vn  -0.707105 -0.002185 -0.707105
vn  -0.707105 -0.002185 -0.707105
vn  -0.707105 -0.002185 -0.707105
vn  -0.723640 -0.651854 -0.226788
vn  -0.813892 -0.536122 -0.223948
vn  -0.336448 -0.880566 0.333776
vn  -0.435852 -0.787443 0.435852
vn  0.214251 -0.953589 -0.211576
vn  -0.251931 -0.765420 -0.592168
vn  0.631788 -0.456519 -0.626446
vn  -0.007547 -0.336311 -0.941721
vn  0.691894 -0.201782 -0.693229
vn  -0.707105 0.002185 -0.707105
vn  -0.707105 0.002185 -0.707105
vn  -0.707105 0.002185 -0.707105
vn  0.020769 -0.145852 -0.989088
vn  -0.707105 -0.002185 -0.707105
vn  0.030201 0.010923 -0.999484
vn  -0.707105 0.002185 -0.707105
vn  0.015096 0.141529 -0.989819
vn  0.694449 0.193215 -0.693115
vn  0.707024 0.015292 -0.707024
vn  0.642570 0.413246 -0.645238
vn  0.001888 0.303194 -0.952927
vn  0.592544 0.547141 -0.591210
vn  0.153914 0.471999 -0.868060

g Rocket_Rocket_0
usemtl Fire
f  1/1/1 2/2/2 3/3/3
f  4/4/4 3/3/3 2/2/2
f  5/5/5 3/3/3 4/4/4
f  3/3/3 5/5/5 6/6/6
f  3/3/3 6/6/6 1/1/1
f  7/7/7 6/6/6 5/5/5
f  8/8/8 1/1/1 6/6/6
f  6/6/6 7/7/7 8/8/8
f  9/9/9 8/8/8 7/7/7
f  10/10/10 1/1/1 8/8/8
f  8/8/8 9/9/9 10/10/10
f  11/11/11 10/10/10 9/9/9
f  10/10/10 11/11/11 12/12/12
f  12/12/12 1/1/1 10/10/10
f  13/13/13 12/12/12 11/11/11
f  12/12/12 13/13/13 14/14/14
f  14/14/14 1/1/1 12/12/12
f  15/15/15 14/14/14 13/13/13
f  14/14/14 15/15/15 16/16/16
f  16/16/16 1/1/1 14/14/14
f  17/17/17 16/16/16 15/15/15
f  18/18/18 16/16/16 17/17/17
f  1/1/1 16/16/16 18/18/18
f  17/17/17 19/19/19 18/18/18
f  18/18/18 20/20/20 1/1/1
f  20/20/20 18/18/18 19/19/19
f  1/1/1 20/20/20 21/21/21
f  19/19/19 22/22/22 20/20/20
f  21/21/21 20/20/20 22/22/22
f  22/22/22 19/19/19 23/23/23
f  23/23/23 19/19/19 24/24/24
f  17/17/17 24/24/24 19/19/19
f  15/15/15 25/25/25 17/17/17
f  24/24/24 17/17/17 25/25/25
f  13/13/13 26/26/26 15/15/15
f  25/25/25 15/15/15 26/26/26
f  11/11/11 27/27/27 13/13/13
f  26/26/26 13/13/13 27/27/27
f  27/27/27 11/11/11 28/28/28
f  9/9/9 28/28/28 11/11/11
f  7/7/7 29/29/29 9/9/9
f  28/28/28 9/9/9 29/29/29
f  5/5/5 30/30/30 7/7/7
f  29/29/29 7/7/7 30/30/30
f  4/4/4 31/31/31 5/5/5
f  30/30/30 5/5/5 31/31/31
f  31/31/31 4/4/4 32/32/32
f  33/33/33 32/32/32 4/4/4
f  2/2/2 33/33/33 4/4/4
f  32/32/32 33/33/33 34/34/34
f  35/35/35 34/34/34 33/33/33
f  34/34/34 35/35/35 36/36/36
f  37/37/37 36/36/36 35/35/35
f  36/36/36 37/37/37 38/38/38
f  33/33/33 2/2/2 39/39/39
f  1/1/1 39/39/39 2/2/2
f  39/39/39 35/35/35 33/33/33
f  40/40/40 35/35/35 39/39/39
f  35/35/35 40/40/40 37/37/37
f  39/39/39 1/1/1 40/40/40
f  40/40/40 41/41/41 37/37/37
f  41/41/41 40/40/40 1/1/1
f  42/42/42 37/37/37 41/41/41
f  37/37/37 42/42/42 38/38/38
f  38/38/38 42/42/42 43/43/43
f  44/44/44 43/43/43 42/42/42
f  43/43/43 44/44/44 45/45/45
f  41/41/41 46/46/46 42/42/42
f  1/1/1 46/46/46 41/41/41
f  42/42/42 46/46/46 44/44/44
f  46/46/46 1/1/1 47/47/47
f  21/21/21 47/47/47 1/1/1
f  46/46/46 47/47/47 44/44/44
f  44/44/44 48/48/48 45/45/45
f  48/48/48 44/44/44 47/47/47
f  47/47/47 21/21/21 48/48/48
f  22/22/22 48/48/48 21/21/21
f  23/23/23 49/49/49 22/22/22
f  48/48/48 22/22/22 49/49/49
f  49/49/49 45/45/45 48/48/48
f  50/50/50 51/51/51 52/52/52
f  53/53/53 52/52/52 51/51/51
f  54/54/54 52/52/52 53/53/53
f  52/52/52 54/54/54 55/55/55
f  56/56/56 55/55/55 54/54/54
f  55/55/55 56/56/56 57/57/57
f  58/58/58 57/57/57 56/56/56
f  59/59/59 57/57/57 58/58/58
f  57/57/57 59/59/59 60/60/60
f  61/61/61 60/60/60 59/59/59
f  60/60/60 61/61/61 62/62/62
f  63/63/63 62/62/62 61/61/61
f  62/62/62 63/63/63 64/64/64
f  65/65/65 64/64/64 63/63/63
f  64/64/64 65/65/65 66/66/66
f  67/67/67 66/66/66 65/65/65
f  66/66/66 67/67/67 68/68/68
f  69/69/69 68/68/68 67/67/67
f  68/68/68 69/69/69 70/70/70
f  71/71/71 70/70/70 69/69/69
f  70/70/70 71/71/71 72/72/72
f  73/73/73 72/72/72 71/71/71
f  72/72/72 73/73/73 74/74/74
f  75/75/75 74/74/74 73/73/73
f  76/76/76 74/74/74 75/75/75
f  74/74/74 76/76/76 77/77/77
f  78/78/78 77/77/77 76/76/76
f  77/77/77 78/78/78 79/79/79
f  80/80/80 79/79/79 78/78/78
f  79/79/79 80/80/80 81/81/81
f  82/82/82 81/81/81 80/80/80
f  81/81/81 82/82/82 83/83/83
f  84/84/84 83/83/83 82/82/82
f  83/83/83 84/84/84 85/85/85
f  86/86/86 85/85/85 84/84/84
f  85/85/85 86/86/86 87/87/87
f  88/88/88 87/87/87 86/86/86
f  87/87/87 88/88/88 89/89/89
f  90/90/90 89/89/89 88/88/88
f  89/89/89 91/91/91 87/87/87
f  87/87/87 92/92/92 85/85/85
f  92/92/92 87/87/87 91/91/91
f  93/93/93 85/85/85 92/92/92
f  85/85/85 93/93/93 83/83/83
f  94/94/94 92/92/92 91/91/91
f  92/92/92 95/95/95 93/93/93
f  92/92/92 94/94/94 95/95/95
f  96/96/96 95/95/95 94/94/94
f  95/95/95 96/96/96 97/97/97
f  98/98/98 97/97/97 96/96/96
f  99/99/99 93/93/93 95/95/95
f  95/95/95 97/97/97 99/99/99
f  83/83/83 100/100/100 81/81/81
f  100/100/100 93/93/93 99/99/99
f  93/93/93 100/100/100 83/83/83
f  81/81/81 101/101/101 79/79/79
f  101/101/101 81/81/81 100/100/100
f  55/55/55 102/102/102 52/52/52
f  50/50/50 52/52/52 102/102/102
f  57/57/57 103/103/103 55/55/55
f  103/103/103 57/57/57 60/60/60
f  102/102/102 55/55/55 103/103/103
f  100/100/100 104/104/104 101/101/101
f  99/99/99 104/104/104 100/100/100
f  97/97/97 105/105/105 99/99/99
f  104/104/104 99/99/99 105/105/105
f  98/98/98 106/106/106 97/97/97
f  105/105/105 97/97/97 106/106/106
f  107/107/107 106/106/106 98/98/98
f  106/106/106 107/107/107 108/108/108
f  109/109/109 108/108/108 107/107/107
f  106/106/106 110/110/110 105/105/105
f  108/108/108 110/110/110 106/106/106
f  105/105/105 111/111/111 104/104/104
f  111/111/111 105/105/105 110/110/110
f  104/104/104 112/112/112 101/101/101
f  112/112/112 104/104/104 111/111/111
f  113/113/113 101/101/101 112/112/112
f  101/101/101 113/113/113 79/79/79
f  79/79/79 113/113/113 77/77/77
f  77/77/77 114/114/114 74/74/74
f  74/74/74 114/114/114 72/72/72
f  114/114/114 77/77/77 113/113/113
f  72/72/72 115/115/115 70/70/70
f  115/115/115 72/72/72 114/114/114
f  114/114/114 116/116/116 115/115/115
f  113/113/113 116/116/116 114/114/114
f  112/112/112 116/116/116 113/113/113
f  111/111/111 117/117/117 112/112/112
f  116/116/116 112/112/112 117/117/117
f  117/117/117 111/111/111 118/118/118
f  110/110/110 118/118/118 111/111/111
f  108/108/108 119/119/119 110/110/110
f  118/118/118 110/110/110 119/119/119
f  109/109/109 120/120/120 108/108/108
f  119/119/119 108/108/108 120/120/120
f  121/121/121 120/120/120 109/109/109
f  120/120/120 121/121/121 122/122/122
f  123/123/123 122/122/122 121/121/121
f  120/120/120 124/124/124 119/119/119
f  122/122/122 124/124/124 120/120/120
f  119/119/119 125/125/125 118/118/118
f  125/125/125 119/119/119 124/124/124
f  118/118/118 126/126/126 117/117/117
f  126/126/126 118/118/118 125/125/125
f  127/127/127 117/117/117 126/126/126
f  117/117/117 127/127/127 116/116/116
f  116/116/116 127/127/127 115/115/115
f  115/115/115 128/128/128 70/70/70
f  70/70/70 128/128/128 68/68/68
f  128/128/128 115/115/115 127/127/127
f  68/68/68 129/129/129 66/66/66
f  129/129/129 68/68/68 128/128/128
f  128/128/128 130/130/130 129/129/129
f  127/127/127 130/130/130 128/128/128
f  126/126/126 130/130/130 127/127/127
f  125/125/125 131/131/131 126/126/126
f  130/130/130 126/126/126 131/131/131
f  124/124/124 132/132/132 125/125/125
f  131/131/131 125/125/125 132/132/132
f  132/132/132 124/124/124 133/133/133
f  122/122/122 133/133/133 124/124/124
f  123/123/123 134/134/134 122/122/122
f  133/133/133 122/122/122 134/134/134
f  135/135/135 134/134/134 123/123/123
f  134/134/134 135/135/135 136/136/136
f  137/137/137 136/136/136 135/135/135
f  136/136/136 138/138/138 134/134/134
f  134/134/134 138/138/138 133/133/133
f  133/133/133 139/139/139 132/132/132
f  139/139/139 133/133/133 138/138/138
f  132/132/132 140/140/140 131/131/131
f  140/140/140 132/132/132 139/139/139
f  141/141/141 131/131/131 140/140/140
f  131/131/131 141/141/141 130/130/130
f  130/130/130 141/141/141 129/129/129
f  129/129/129 142/142/142 66/66/66
f  66/66/66 142/142/142 64/64/64
f  142/142/142 129/129/129 141/141/141
f  64/64/64 143/143/143 62/62/62
f  143/143/143 64/64/64 142/142/142
f  142/142/142 144/144/144 143/143/143
f  141/141/141 144/144/144 142/142/142
f  140/140/140 144/144/144 141/141/141
f  139/139/139 145/145/145 140/140/140
f  144/144/144 140/140/140 145/145/145
f  138/138/138 146/146/146 139/139/139
f  145/145/145 139/139/139 146/146/146
f  146/146/146 138/138/138 147/147/147
f  136/136/136 147/147/147 138/138/138
f  137/137/137 148/148/148 136/136/136
f  147/147/147 136/136/136 148/148/148
f  148/148/148 137/137/137 149/149/149
f  150/150/150 149/149/149 137/137/137
f  151/151/151 149/149/149 150/150/150
f  149/149/149 151/151/151 152/152/152
f  153/153/153 152/152/152 151/151/151
f  152/152/152 154/154/154 149/149/149
f  149/149/149 154/154/154 148/148/148
f  148/148/148 155/155/155 147/147/147
f  155/155/155 148/148/148 154/154/154
f  147/147/147 156/156/156 146/146/146
f  156/156/156 147/147/147 155/155/155
f  146/146/146 157/157/157 145/145/145
f  157/157/157 146/146/146 156/156/156
f  158/158/158 145/145/145 157/157/157
f  145/145/145 158/158/158 144/144/144
f  144/144/144 158/158/158 143/143/143
f  143/143/143 159/159/159 62/62/62
f  62/62/62 159/159/159 60/60/60
f  60/60/60 159/159/159 103/103/103
f  159/159/159 143/143/143 158/158/158
f  103/103/103 159/159/159 160/160/160
f  158/158/158 160/160/160 159/159/159
f  157/157/157 160/160/160 158/158/158
f  103/103/103 160/160/160 102/102/102
f  161/161/161 102/102/102 160/160/160
f  156/156/156 161/161/161 157/157/157
f  160/160/160 157/157/157 161/161/161
f  102/102/102 161/161/161 50/50/50
f  161/161/161 156/156/156 162/162/162
f  155/155/155 162/162/162 156/156/156
f  162/162/162 50/50/50 161/161/161
f  162/162/162 155/155/155 163/163/163
f  154/154/154 163/163/163 155/155/155
f  163/163/163 154/154/154 164/164/164
f  152/152/152 164/164/164 154/154/154
f  153/153/153 165/165/165 152/152/152
f  164/164/164 152/152/152 165/165/165
f  165/165/165 153/153/153 166/166/166
f  167/167/167 166/166/166 153/153/153
f  166/166/166 168/168/168 165/165/165
f  165/165/165 169/169/169 164/164/164
f  169/169/169 165/165/165 168/168/168
f  164/164/164 170/170/170 163/163/163
f  170/170/170 164/164/164 169/169/169
f  171/171/171 163/163/163 170/170/170
f  163/163/163 171/171/171 162/162/162
f  50/50/50 162/162/162 171/171/171
f  171/171/171 51/51/51 50/50/50
f  168/168/168 172/172/172 169/169/169
f  169/169/169 173/173/173 170/170/170
f  173/173/173 169/169/169 172/172/172
f  51/51/51 171/171/171 174/174/174
f  174/174/174 170/170/170 173/173/173
f  170/170/170 174/174/174 171/171/171
f  175/175/175 173/173/173 172/172/172
f  173/173/173 175/175/175 176/176/176
f  173/173/173 176/176/176 174/174/174
f  177/177/177 176/176/176 175/175/175
f  174/174/174 178/178/178 51/51/51
f  51/51/51 178/178/178 53/53/53
f  178/178/178 174/174/174 176/176/176
f  179/179/179 53/53/53 178/178/178
f  53/53/53 180/180/180 54/54/54
f  180/180/180 53/53/53 179/179/179
f  181/181/181 54/54/54 180/180/180
f  54/54/54 181/181/181 56/56/56
f  56/56/56 182/182/182 58/58/58
f  182/182/182 56/56/56 181/181/181
f  181/181/181 183/183/183 182/182/182
f  180/180/180 184/184/184 181/181/181
f  183/183/183 181/181/181 184/184/184
f  184/184/184 180/180/180 185/185/185
f  179/179/179 185/185/185 180/180/180
f  184/184/184 185/185/185 186/186/186
f  187/187/187 186/186/186 185/185/185
f  186/186/186 187/187/187 188/188/188
f  188/188/188 187/187/187 189/189/189
f  189/189/189 187/187/187 190/190/190
f  191/191/191 190/190/190 187/187/187
f  179/179/179 191/191/191 185/185/185
f  187/187/187 185/185/185 191/191/191
f  190/190/190 191/191/191 192/192/192
f  176/176/176 193/193/193 178/178/178
f  178/178/178 193/193/193 179/179/179
f  191/191/191 179/179/179 193/193/193
f  177/177/177 193/193/193 176/176/176
f  193/193/193 192/192/192 191/191/191
f  192/192/192 193/193/193 177/177/177
f  194/194/194 195/195/195 196/196/196
f  196/196/196 195/195/195 197/197/197
f  197/197/197 195/195/195 198/198/198
f  198/198/198 195/195/195 199/199/199
f  200/200/200 199/199/199 195/195/195
f  200/200/200 195/195/195 194/194/194
f  201/201/201 199/199/199 200/200/200
f  199/199/199 201/201/201 202/202/202
f  203/203/203 202/202/202 201/201/201
f  202/202/202 203/203/203 204/204/204
f  205/205/205 204/204/204 203/203/203
f  204/204/204 205/205/205 206/206/206
f  207/207/207 206/206/206 205/205/205
f  206/206/206 207/207/207 208/208/208
f  209/209/209 208/208/208 207/207/207
f  208/208/208 209/209/209 210/210/210
f  211/211/211 210/210/210 209/209/209
f  210/210/210 211/211/211 212/212/212
f  213/213/213 212/212/212 211/211/211
f  212/212/212 213/213/213 214/214/214
f  215/215/215 214/214/214 213/213/213
f  214/214/214 215/215/215 216/216/216
f  217/217/217 216/216/216 215/215/215
f  216/216/216 217/217/217 218/218/218
f  219/219/219 218/218/218 217/217/217
f  220/220/220 218/218/218 219/219/219
f  218/218/218 220/220/220 221/221/221
f  222/222/222 221/221/221 220/220/220
f  221/221/221 222/222/222 223/223/223
f  224/224/224 223/223/223 222/222/222
f  223/223/223 224/224/224 225/225/225
f  226/226/226 225/225/225 224/224/224
f  225/225/225 226/226/226 227/227/227
f  228/228/228 227/227/227 226/226/226
f  227/227/227 228/228/228 229/229/229
f  230/230/230 229/229/229 228/228/228
f  229/229/229 230/230/230 231/231/231
f  232/232/232 231/231/231 230/230/230
f  231/231/231 232/232/232 233/233/233
f  234/234/234 233/233/233 232/232/232
f  235/235/235 231/231/231 233/233/233
f  231/231/231 236/236/236 229/229/229
f  231/231/231 235/235/235 236/236/236
f  237/237/237 236/236/236 235/235/235
f  236/236/236 237/237/237 238/238/238
f  239/239/239 238/238/238 237/237/237
f  238/238/238 239/239/239 240/240/240
f  241/241/241 240/240/240 239/239/239
f  242/242/242 229/229/229 236/236/236
f  229/229/229 242/242/242 227/227/227
f  238/238/238 242/242/242 236/236/236
f  227/227/227 243/243/243 225/225/225
f  243/243/243 227/227/227 242/242/242
f  225/225/225 244/244/244 223/223/223
f  244/244/244 225/225/225 243/243/243
f  242/242/242 238/238/238 245/245/245
f  240/240/240 245/245/245 238/238/238
f  242/242/242 245/245/245 243/243/243
f  245/245/245 240/240/240 246/246/246
f  241/241/241 247/247/247 240/240/240
f  246/246/246 240/240/240 247/247/247
f  248/248/248 247/247/247 241/241/241
f  247/247/247 248/248/248 249/249/249
f  250/250/250 249/249/249 248/248/248
f  251/251/251 243/243/243 245/245/245
f  243/243/243 251/251/251 244/244/244
f  246/246/246 251/251/251 245/245/245
f  252/252/252 244/244/244 251/251/251
f  223/223/223 253/253/253 221/221/221
f  244/244/244 253/253/253 223/223/223
f  253/253/253 244/244/244 252/252/252
f  218/218/218 254/254/254 216/216/216
f  254/254/254 221/221/221 253/253/253
f  221/221/221 254/254/254 218/218/218
f  216/216/216 255/255/255 214/214/214
f  255/255/255 216/216/216 254/254/254
f  251/251/251 246/246/246 256/256/256
f  256/256/256 252/252/252 251/251/251
f  257/257/257 247/247/247 249/249/249
f  247/247/247 257/257/257 246/246/246
f  256/256/256 246/246/246 257/257/257
f  252/252/252 256/256/256 258/258/258
f  257/257/257 259/259/259 256/256/256
f  258/258/258 256/256/256 259/259/259
f  249/249/249 260/260/260 257/257/257
f  259/259/259 257/257/257 260/260/260
f  250/250/250 261/261/261 249/249/249
f  260/260/260 249/249/249 261/261/261
f  262/262/262 261/261/261 250/250/250
f  261/261/261 262/262/262 263/263/263
f  264/264/264 263/263/263 262/262/262
f  253/253/253 265/265/265 254/254/254
f  252/252/252 265/265/265 253/253/253
f  265/265/265 252/252/252 258/258/258
f  255/255/255 254/254/254 265/265/265
f  266/266/266 261/261/261 263/263/263
f  261/261/261 266/266/266 260/260/260
f  260/260/260 267/267/267 259/259/259
f  267/267/267 260/260/260 266/266/266
f  259/259/259 268/268/268 258/258/258
f  268/268/268 259/259/259 267/267/267
f  269/269/269 258/258/258 268/268/268
f  258/258/258 269/269/269 265/265/265
f  265/265/265 269/269/269 255/255/255
f  255/255/255 270/270/270 214/214/214
f  214/214/214 270/270/270 212/212/212
f  270/270/270 255/255/255 269/269/269
f  212/212/212 271/271/271 210/210/210
f  271/271/271 212/212/212 270/270/270
f  270/270/270 272/272/272 271/271/271
f  269/269/269 272/272/272 270/270/270
f  268/268/268 272/272/272 269/269/269
f  267/267/267 273/273/273 268/268/268
f  272/272/272 268/268/268 273/273/273
f  266/266/266 274/274/274 267/267/267
f  273/273/273 267/267/267 274/274/274
f  274/274/274 266/266/266 275/275/275
f  263/263/263 275/275/275 266/266/266
f  264/264/264 276/276/276 263/263/263
f  275/275/275 263/263/263 276/276/276
f  277/277/277 276/276/276 264/264/264
f  276/276/276 277/277/277 278/278/278
f  279/279/279 278/278/278 277/277/277
f  278/278/278 280/280/280 276/276/276
f  276/276/276 280/280/280 275/275/275
f  275/275/275 281/281/281 274/274/274
f  281/281/281 275/275/275 280/280/280
f  274/274/274 282/282/282 273/273/273
f  282/282/282 274/274/274 281/281/281
f  283/283/283 273/273/273 282/282/282
f  273/273/273 283/283/283 272/272/272
f  272/272/272 283/283/283 271/271/271
f  271/271/271 284/284/284 210/210/210
f  210/210/210 284/284/284 208/208/208
f  284/284/284 271/271/271 283/283/283
f  208/208/208 285/285/285 206/206/206
f  285/285/285 208/208/208 284/284/284
f  284/284/284 286/286/286 285/285/285
f  283/283/283 286/286/286 284/284/284
f  282/282/282 286/286/286 283/283/283
f  281/281/281 287/287/287 282/282/282
f  286/286/286 282/282/282 287/287/287
f  280/280/280 288/288/288 281/281/281
f  287/287/287 281/281/281 288/288/288
f  278/278/278 289/289/289 280/280/280
f  288/288/288 280/280/280 289/289/289
f  289/289/289 278/278/278 290/290/290
f  279/279/279 290/290/290 278/278/278
f  290/290/290 279/279/279 291/291/291
f  292/292/292 291/291/291 279/279/279
f  293/293/293 291/291/291 292/292/292
f  291/291/291 293/293/293 294/294/294
f  295/295/295 294/294/294 293/293/293
f  294/294/294 296/296/296 291/291/291
f  291/291/291 296/296/296 290/290/290
f  290/290/290 297/297/297 289/289/289
f  297/297/297 290/290/290 296/296/296
f  289/289/289 298/298/298 288/288/288
f  298/298/298 289/289/289 297/297/297
f  288/288/288 299/299/299 287/287/287
f  299/299/299 288/288/288 298/298/298
f  300/300/300 287/287/287 299/299/299
f  287/287/287 300/300/300 286/286/286
f  286/286/286 300/300/300 285/285/285
f  285/285/285 301/301/301 206/206/206
f  206/206/206 301/301/301 204/204/204
f  301/301/301 285/285/285 300/300/300
f  302/302/302 204/204/204 301/301/301
f  204/204/204 302/302/302 202/202/202
f  300/300/300 303/303/303 301/301/301
f  299/299/299 303/303/303 300/300/300
f  301/301/301 303/303/303 302/302/302
f  298/298/298 304/304/304 299/299/299
f  303/303/303 299/299/299 304/304/304
f  304/304/304 298/298/298 305/305/305
f  297/297/297 305/305/305 298/298/298
f  296/296/296 306/306/306 297/297/297
f  305/305/305 297/297/297 306/306/306
f  294/294/294 307/307/307 296/296/296
f  306/306/306 296/296/296 307/307/307
f  295/295/295 308/308/308 294/294/294
f  307/307/307 294/294/294 308/308/308
f  308/308/308 295/295/295 309/309/309
f  310/310/310 309/309/309 295/295/295
f  309/309/309 311/311/311 308/308/308
f  308/308/308 312/312/312 307/307/307
f  312/312/312 308/308/308 311/311/311
f  307/307/307 313/313/313 306/306/306
f  313/313/313 307/307/307 312/312/312
f  314/314/314 306/306/306 313/313/313
f  306/306/306 314/314/314 305/305/305
f  305/305/305 315/315/315 304/304/304
f  315/315/315 305/305/305 314/314/314
f  304/304/304 316/316/316 303/303/303
f  303/303/303 316/316/316 302/302/302
f  316/316/316 304/304/304 315/315/315
f  317/317/317 302/302/302 316/316/316
f  302/302/302 317/317/317 202/202/202
f  202/202/202 317/317/317 199/199/199
f  199/199/199 317/317/317 198/198/198
f  318/318/318 198/198/198 317/317/317
f  315/315/315 318/318/318 316/316/316
f  317/317/317 316/316/316 318/318/318
f  198/198/198 318/318/318 319/319/319
f  198/198/198 319/319/319 197/197/197
f  319/319/319 318/318/318 320/320/320
f  315/315/315 320/320/320 318/318/318
f  320/320/320 315/315/315 314/314/314
f  311/311/311 321/321/321 312/312/312
f  322/322/322 197/197/197 319/319/319
f  197/197/197 323/323/323 196/196/196
f  323/323/323 197/197/197 322/322/322
f  196/196/196 323/323/323 324/324/324
f  325/325/325 324/324/324 323/323/323
f  324/324/324 325/325/325 326/326/326
f  326/326/326 325/325/325 327/327/327
f  327/327/327 325/325/325 328/328/328
f  322/322/322 329/329/329 323/323/323
f  323/323/323 329/329/329 325/325/325
f  329/329/329 328/328/328 325/325/325
f  328/328/328 329/329/329 330/330/330
f  331/331/331 330/330/330 329/329/329
f  329/329/329 322/322/322 331/331/331
f  330/330/330 331/331/331 332/332/332
f  319/319/319 333/333/333 322/322/322
f  320/320/320 333/333/333 319/319/319
f  331/331/331 322/322/322 333/333/333
f  333/333/333 320/320/320 334/334/334
f  314/314/314 334/334/334 320/320/320
f  313/313/313 334/334/334 314/314/314
f  312/312/312 335/335/335 313/313/313
f  321/321/321 335/335/335 312/312/312
f  334/334/334 313/313/313 335/335/335
f  336/336/336 335/335/335 321/321/321
f  335/335/335 336/336/336 337/337/337
f  332/332/332 337/337/337 336/336/336
f  331/331/331 337/337/337 332/332/332
f  333/333/333 337/337/337 331/331/331
f  334/334/334 337/337/337 333/333/333
f  337/337/337 334/334/334 335/335/335
f  338/338/338 339/339/339 340/340/340
f  339/339/339 338/338/338 341/341/341
f  340/340/340 342/342/342 338/338/338
f  343/343/343 342/342/342 340/340/340
f  342/342/342 343/343/343 344/344/344
f  345/345/345 344/344/344 343/343/343
f  344/344/344 345/345/345 346/346/346
f  347/347/347 346/346/346 345/345/345
f  346/346/346 347/347/347 348/348/348
f  349/349/349 348/348/348 347/347/347
f  348/348/348 349/349/349 350/350/350
f  351/351/351 350/350/350 349/349/349
f  350/350/350 351/351/351 352/352/352
f  353/353/353 352/352/352 351/351/351
f  352/352/352 353/353/353 354/354/354
f  355/355/355 354/354/354 353/353/353
f  354/354/354 355/355/355 356/356/356
f  357/357/357 356/356/356 355/355/355
f  356/356/356 357/357/357 358/358/358
f  359/359/359 358/358/358 357/357/357
f  358/358/358 359/359/359 360/360/360
f  361/361/361 360/360/360 359/359/359
f  360/360/360 361/361/361 362/362/362
f  363/363/363 362/362/362 361/361/361
f  362/362/362 363/363/363 364/364/364
f  365/365/365 364/364/364 363/363/363
f  364/364/364 365/365/365 366/366/366
f  367/367/367 366/366/366 365/365/365
f  366/366/366 367/367/367 368/368/368
f  368/368/368 369/369/369 341/341/341
f  341/341/341 369/369/369 339/339/339
f  369/369/369 368/368/368 367/367/367
f  370/370/370 339/339/339 369/369/369
f  339/339/339 370/370/370 371/371/371
f  339/339/339 371/371/371 340/340/340
f  367/367/367 372/372/372 369/369/369
f  369/369/369 372/372/372 370/370/370
f  372/372/372 367/367/367 373/373/373
f  365/365/365 373/373/373 367/367/367
f  363/363/363 374/374/374 365/365/365
f  373/373/373 365/365/365 374/374/374
f  374/374/374 363/363/363 375/375/375
f  361/361/361 375/375/375 363/363/363
f  359/359/359 376/376/376 361/361/361
f  375/375/375 361/361/361 376/376/376
f  357/357/357 377/377/377 359/359/359
f  376/376/376 359/359/359 377/377/377
f  355/355/355 378/378/378 357/357/357
f  377/377/377 357/357/357 378/378/378
f  353/353/353 379/379/379 355/355/355
f  378/378/378 355/355/355 379/379/379
f  379/379/379 353/353/353 380/380/380
f  351/351/351 380/380/380 353/353/353
f  349/349/349 381/381/381 351/351/351
f  380/380/380 351/351/351 381/381/381
f  347/347/347 382/382/382 349/349/349
f  381/381/381 349/349/349 382/382/382
f  345/345/345 383/383/383 347/347/347
f  382/382/382 347/347/347 383/383/383
f  343/343/343 384/384/384 345/345/345
f  383/383/383 345/345/345 384/384/384
f  385/385/385 340/340/340 371/371/371
f  340/340/340 385/385/385 343/343/343
f  384/384/384 343/343/343 385/385/385
f  386/386/386 387/387/387 388/388/388
f  388/388/388 387/387/387 389/389/389
f  390/390/390 389/389/389 387/387/387
f  388/388/388 391/391/391 386/386/386
f  392/392/392 387/387/387 386/386/386
f  387/387/387 392/392/392 393/393/393
f  394/394/394 393/393/393 392/392/392
f  393/393/393 394/394/394 395/395/395
f  396/396/396 395/395/395 394/394/394
f  395/395/395 396/396/396 397/397/397
f  398/398/398 397/397/397 396/396/396
f  397/397/397 398/398/398 399/399/399
f  400/400/400 399/399/399 398/398/398
f  399/399/399 400/400/400 401/401/401
f  402/402/402 401/401/401 400/400/400
f  401/401/401 402/402/402 403/403/403
f  404/404/404 403/403/403 402/402/402
f  403/403/403 404/404/404 405/405/405
f  406/406/406 405/405/405 404/404/404
f  405/405/405 406/406/406 407/407/407
f  408/408/408 407/407/407 406/406/406
f  407/407/407 408/408/408 409/409/409
f  410/410/410 409/409/409 408/408/408
f  409/409/409 410/410/410 411/411/411
f  412/412/412 411/411/411 410/410/410
f  411/411/411 412/412/412 413/413/413
f  414/414/414 413/413/413 412/412/412
f  413/413/413 414/414/414 415/415/415
f  416/416/416 415/415/415 414/414/414
f  415/415/415 416/416/416 417/417/417
f  418/418/418 417/417/417 416/416/416
f  391/391/391 419/419/419 418/418/418
f  388/388/388 419/419/419 391/391/391
f  389/389/389 419/419/419 388/388/388
f  417/417/417 418/418/418 419/419/419
f  419/419/419 389/389/389 420/420/420
f  421/421/421 420/420/420 389/389/389
f  390/390/390 421/421/421 389/389/389
f  419/419/419 422/422/422 417/417/417
f  417/417/417 422/422/422 415/415/415
f  422/422/422 420/420/420 421/421/421
f  420/420/420 422/422/422 419/419/419
f  423/423/423 415/415/415 422/422/422
f  424/424/424 413/413/413 415/415/415
f  413/413/413 424/424/424 411/411/411
f  415/415/415 423/423/423 424/424/424
f  422/422/422 425/425/425 423/423/423
f  425/425/425 424/424/424 423/423/423
f  426/426/426 424/424/424 425/425/425
f  411/411/411 424/424/424 426/426/426
f  425/425/425 422/422/422 427/427/427
f  421/421/421 427/427/427 422/422/422
f  427/427/427 428/428/428 425/425/425
f  428/428/428 427/427/427 421/421/421
f  429/429/429 425/425/425 428/428/428
f  425/425/425 430/430/430 426/426/426
f  426/426/426 430/430/430 411/411/411
f  411/411/411 430/430/430 409/409/409
f  409/409/409 430/430/430 407/407/407
f  430/430/430 425/425/425 429/429/429
f  431/431/431 407/407/407 430/430/430
f  432/432/432 405/405/405 407/407/407
f  405/405/405 432/432/432 403/403/403
f  407/407/407 431/431/431 432/432/432
f  428/428/428 433/433/433 429/429/429
f  430/430/430 433/433/433 431/431/431
f  429/429/429 433/433/433 430/430/430
f  433/433/433 432/432/432 431/431/431
f  434/434/434 432/432/432 433/433/433
f  403/403/403 432/432/432 434/434/434
f  435/435/435 433/433/433 428/428/428
f  433/433/433 436/436/436 434/434/434
f  434/434/434 436/436/436 403/403/403
f  403/403/403 436/436/436 401/401/401
f  401/401/401 436/436/436 399/399/399
f  436/436/436 433/433/433 435/435/435
f  437/437/437 399/399/399 436/436/436
f  397/397/397 438/438/438 395/395/395
f  399/399/399 437/437/437 438/438/438
f  438/438/438 397/397/397 399/399/399
f  439/439/439 438/438/438 437/437/437
f  428/428/428 439/439/439 435/435/435
f  436/436/436 439/439/439 437/437/437
f  435/435/435 439/439/439 436/436/436
f  395/395/395 438/438/438 440/440/440
f  440/440/440 438/438/438 439/439/439
f  439/439/439 428/428/428 441/441/441
f  421/421/421 441/441/441 428/428/428
f  387/387/387 442/442/442 390/390/390
f  390/390/390 442/442/442 421/421/421
f  441/441/441 421/421/421 442/442/442
f  395/395/395 442/442/442 393/393/393
f  440/440/440 442/442/442 395/395/395
f  439/439/439 442/442/442 440/440/440
f  442/442/442 439/439/439 441/441/441
f  393/393/393 442/442/442 387/387/387
f  443/443/443 444/444/444 445/445/445
f  446/446/446 445/445/445 444/444/444
f  445/445/445 446/446/446 447/447/447
f  448/448/448 447/447/447 446/446/446
f  447/447/447 448/448/448 449/449/449
f  450/450/450 449/449/449 448/448/448
f  449/449/449 450/450/450 451/451/451
f  452/452/452 451/451/451 450/450/450
f  451/451/451 452/452/452 453/453/453
f  454/454/454 453/453/453 452/452/452
f  453/453/453 454/454/454 455/455/455
f  456/456/456 455/455/455 454/454/454
f  455/455/455 456/456/456 457/457/457
f  458/458/458 457/457/457 456/456/456
f  457/457/457 458/458/458 459/459/459
f  459/459/459 458/458/458 460/460/460
f  461/461/461 460/460/460 458/458/458
f  462/462/462 460/460/460 461/461/461
f  460/460/460 462/462/462 463/463/463
f  464/464/464 463/463/463 462/462/462
f  463/463/463 464/464/464 465/465/465
f  466/466/466 465/465/465 464/464/464
f  465/465/465 466/466/466 467/467/467
f  468/468/468 467/467/467 466/466/466
f  467/467/467 468/468/468 469/469/469
f  470/470/470 469/469/469 468/468/468
f  469/469/469 470/470/470 471/471/471
f  472/472/472 471/471/471 470/470/470
f  471/471/471 472/472/472 473/473/473
f  443/443/443 473/473/473 472/472/472
f  445/445/445 474/474/474 443/443/443
f  473/473/473 443/443/443 474/474/474
f  474/474/474 445/445/445 475/475/475
f  447/447/447 476/476/476 445/445/445
f  475/475/475 445/445/445 476/476/476
f  476/476/476 447/447/447 477/477/477
f  449/449/449 477/477/477 447/447/447
f  451/451/451 478/478/478 449/449/449
f  477/477/477 449/449/449 478/478/478
f  453/453/453 479/479/479 451/451/451
f  478/478/478 451/451/451 479/479/479
f  479/479/479 453/453/453 480/480/480
f  455/455/455 480/480/480 453/453/453
f  457/457/457 481/481/481 455/455/455
f  480/480/480 455/455/455 481/481/481
f  459/459/459 482/482/482 457/457/457
f  481/481/481 457/457/457 482/482/482
f  460/460/460 483/483/483 459/459/459
f  482/482/482 459/459/459 483/483/483
f  483/483/483 460/460/460 484/484/484
f  463/463/463 484/484/484 460/460/460
f  465/465/465 485/485/485 463/463/463
f  484/484/484 463/463/463 485/485/485
f  467/467/467 486/486/486 465/465/465
f  485/485/485 465/465/465 486/486/486
f  486/486/486 467/467/467 487/487/487
f  469/469/469 487/487/487 467/467/467
f  471/471/471 488/488/488 469/469/469
f  487/487/487 469/469/469 488/488/488
f  473/473/473 489/489/489 471/471/471
f  488/488/488 471/471/471 489/489/489
f  489/489/489 473/473/473 490/490/490
f  474/474/474 490/490/490 473/473/473
f  475/475/475 490/490/490 474/474/474
f  490/490/490 475/475/475 491/491/491
f  476/476/476 492/492/492 475/475/475
f  491/491/491 475/475/475 492/492/492
f  477/477/477 493/493/493 476/476/476
f  492/492/492 476/476/476 493/493/493
f  493/493/493 477/477/477 494/494/494
f  478/478/478 494/494/494 477/477/477
f  479/479/479 495/495/495 478/478/478
f  494/494/494 478/478/478 495/495/495
f  480/480/480 496/496/496 479/479/479
f  495/495/495 479/479/479 496/496/496
f  481/481/481 497/497/497 480/480/480
f  496/496/496 480/480/480 497/497/497
f  497/497/497 481/481/481 498/498/498
f  482/482/482 498/498/498 481/481/481
f  483/483/483 499/499/499 482/482/482
f  498/498/498 482/482/482 499/499/499
f  484/484/484 500/500/500 483/483/483
f  499/499/499 483/483/483 500/500/500
f  500/500/500 484/484/484 501/501/501
f  485/485/485 501/501/501 484/484/484
f  486/486/486 502/502/502 485/485/485
f  501/501/501 485/485/485 502/502/502
f  487/487/487 503/503/503 486/486/486
f  502/502/502 486/486/486 503/503/503
f  488/488/488 504/504/504 487/487/487
f  503/503/503 487/487/487 504/504/504
f  504/504/504 488/488/488 505/505/505
f  489/489/489 505/505/505 488/488/488
f  490/490/490 506/506/506 489/489/489
f  506/506/506 490/490/490 491/491/491
f  505/505/505 489/489/489 506/506/506
f  507/507/507 505/505/505 506/506/506
f  508/508/508 505/505/505 507/507/507
f  505/505/505 508/508/508 504/504/504
f  504/504/504 509/509/509 503/503/503
f  509/509/509 504/504/504 508/508/508
f  503/503/503 510/510/510 502/502/502
f  510/510/510 503/503/503 509/509/509
f  502/502/502 511/511/511 501/501/501
f  511/511/511 502/502/502 510/510/510
f  512/512/512 501/501/501 511/511/511
f  501/501/501 512/512/512 500/500/500
f  500/500/500 513/513/513 499/499/499
f  499/499/499 513/513/513 498/498/498
f  513/513/513 500/500/500 512/512/512
f  514/514/514 498/498/498 513/513/513
f  515/515/515 498/498/498 514/514/514
f  498/498/498 515/515/515 497/497/497
f  497/497/497 516/516/516 496/496/496
f  516/516/516 497/497/497 515/515/515
f  496/496/496 517/517/517 495/495/495
f  517/517/517 496/496/496 516/516/516
f  495/495/495 518/518/518 494/494/494
f  518/518/518 495/495/495 517/517/517
f  519/519/519 494/494/494 518/518/518
f  494/494/494 519/519/519 493/493/493
f  493/493/493 520/520/520 492/492/492
f  520/520/520 493/493/493 519/519/519
f  492/492/492 521/521/521 491/491/491
f  491/491/491 521/521/521 506/506/506
f  521/521/521 492/492/492 520/520/520
f  522/522/522 506/506/506 521/521/521
f  506/506/506 522/522/522 507/507/507
f  523/523/523 507/507/507 522/522/522
f  507/507/507 524/524/524 508/508/508
f  524/524/524 507/507/507 523/523/523
f  508/508/508 525/525/525 509/509/509
f  525/525/525 508/508/508 524/524/524
f  526/526/526 509/509/509 525/525/525
f  509/509/509 526/526/526 510/510/510
f  510/510/510 527/527/527 511/511/511
f  527/527/527 510/510/510 526/526/526
f  511/511/511 528/528/528 512/512/512
f  528/528/528 511/511/511 527/527/527
f  529/529/529 512/512/512 528/528/528
f  512/512/512 529/529/529 513/513/513
f  513/513/513 530/530/530 514/514/514
f  530/530/530 513/513/513 529/529/529
f  514/514/514 531/531/531 515/515/515
f  531/531/531 514/514/514 530/530/530
f  515/515/515 532/532/532 516/516/516
f  532/532/532 515/515/515 531/531/531
f  533/533/533 516/516/516 532/532/532
f  516/516/516 533/533/533 517/517/517
f  517/517/517 534/534/534 518/518/518
f  534/534/534 517/517/517 533/533/533
f  518/518/518 535/535/535 519/519/519
f  535/535/535 518/518/518 534/534/534
f  536/536/536 519/519/519 535/535/535
f  519/519/519 536/536/536 520/520/520
f  520/520/520 537/537/537 521/521/521
f  537/537/537 520/520/520 536/536/536
f  521/521/521 538/538/538 522/522/522
f  523/523/523 522/522/522 538/538/538
f  538/538/538 521/521/521 537/537/537
f  538/538/538 537/537/537 539/539/539
f  540/540/540 539/539/539 537/537/537
f  537/537/537 536/536/536 540/540/540
f  539/539/539 540/540/540 541/541/541
f  542/542/542 536/536/536 535/535/535
f  536/536/536 542/542/542 540/540/540
f  541/541/541 540/540/540 542/542/542
f  541/541/541 543/543/543 539/539/539
f  539/539/539 544/544/544 538/538/538
f  538/538/538 544/544/544 523/523/523
f  544/544/544 539/539/539 543/543/543
f  523/523/523 545/545/545 524/524/524
f  545/545/545 523/523/523 544/544/544
f  524/524/524 546/546/546 525/525/525
f  546/546/546 524/524/524 545/545/545
f  525/525/525 546/546/546 547/547/547
f  547/547/547 526/526/526 525/525/525
f  548/548/548 547/547/547 546/546/546
f  549/549/549 547/547/547 548/548/548
f  526/526/526 550/550/550 527/527/527
f  550/550/550 526/526/526 547/547/547
f  547/547/547 549/549/549 550/550/550
f  551/551/551 550/550/550 549/549/549
f  544/544/544 552/552/552 545/545/545
f  543/543/543 552/552/552 544/544/544
f  545/545/545 553/553/553 546/546/546
f  553/553/553 545/545/545 552/552/552
f  554/554/554 546/546/546 553/553/553
f  546/546/546 554/554/554 548/548/548
f  555/555/555 527/527/527 550/550/550
f  527/527/527 555/555/555 528/528/528
f  550/550/550 551/551/551 555/555/555
f  528/528/528 556/556/556 529/529/529
f  556/556/556 528/528/528 555/555/555
f  557/557/557 529/529/529 556/556/556
f  529/529/529 557/557/557 530/530/530
f  530/530/530 557/557/557 558/558/558
f  530/530/530 558/558/558 531/531/531
f  559/559/559 558/558/558 557/557/557
f  560/560/560 558/558/558 559/559/559
f  531/531/531 561/561/561 532/532/532
f  558/558/558 560/560/560 561/561/561
f  561/561/561 531/531/531 558/558/558
f  562/562/562 561/561/561 560/560/560
f  555/555/555 563/563/563 556/556/556
f  559/559/559 557/557/557 563/563/563
f  563/563/563 555/555/555 551/551/551
f  556/556/556 563/563/563 557/557/557
f  532/532/532 564/564/564 533/533/533
f  562/562/562 564/564/564 561/561/561
f  564/564/564 532/532/532 561/561/561
f  533/533/533 565/565/565 534/534/534
f  565/565/565 533/533/533 564/564/564
f  534/534/534 566/566/566 535/535/535
f  566/566/566 534/534/534 565/565/565
f  566/566/566 542/542/542 535/535/535
f  567/567/567 564/564/564 562/562/562
f  564/564/564 568/568/568 565/565/565
f  568/568/568 564/564/564 567/567/567
f  565/565/565 569/569/569 566/566/566
f  569/569/569 565/565/565 568/568/568
f  541/541/541 542/542/542 570/570/570
f  566/566/566 570/570/570 542/542/542
f  570/570/570 566/566/566 569/569/569
f  571/571/571 572/572/572 573/573/573
f  572/572/572 571/571/571 574/574/574
f  575/575/575 574/574/574 571/571/571
f  574/574/574 575/575/575 576/576/576
f  577/577/577 576/576/576 575/575/575
f  576/576/576 577/577/577 578/578/578
f  579/579/579 578/578/578 577/577/577
f  578/578/578 579/579/579 580/580/580
f  581/581/581 580/580/580 579/579/579
f  580/580/580 581/581/581 582/582/582
f  583/583/583 582/582/582 581/581/581
f  582/582/582 583/583/583 584/584/584
f  585/585/585 584/584/584 583/583/583
f  584/584/584 585/585/585 586/586/586
f  587/587/587 586/586/586 585/585/585
f  588/588/588 586/586/586 587/587/587
f  589/589/589 586/586/586 588/588/588
f  586/586/586 589/589/589 590/590/590
f  586/586/586 590/590/590 584/584/584
f  591/591/591 590/590/590 589/589/589
f  590/590/590 591/591/591 592/592/592
f  593/593/593 592/592/592 591/591/591
f  592/592/592 593/593/593 594/594/594
f  594/594/594 593/593/593 595/595/595
f  596/596/596 595/595/595 593/593/593
f  597/597/597 595/595/595 596/596/596
f  595/595/595 597/597/597 598/598/598
f  599/599/599 598/598/598 597/597/597
f  600/600/600 598/598/598 599/599/599
f  598/598/598 600/600/600 601/601/601
f  602/602/602 601/601/601 600/600/600
f  584/584/584 603/603/603 582/582/582
f  590/590/590 592/592/592 603/603/603
f  603/603/603 584/584/584 590/590/590
f  601/601/601 604/604/604 598/598/598
f  598/598/598 604/604/604 595/595/595
f  595/595/595 604/604/604 594/594/594
f  594/594/594 604/604/604 605/605/605
f  601/601/601 606/606/606 604/604/604
f  605/605/605 604/604/604 606/606/606
f  602/602/602 607/607/607 601/601/601
f  606/606/606 601/601/601 607/607/607
f  608/608/608 607/607/607 602/602/602
f  607/607/607 608/608/608 609/609/609
f  610/610/610 609/609/609 608/608/608
f  607/607/607 611/611/611 606/606/606
f  609/609/609 611/611/611 607/607/607
f  606/606/606 612/612/612 605/605/605
f  612/612/612 606/606/606 611/611/611
f  613/613/613 605/605/605 612/612/612
f  605/605/605 613/613/613 614/614/614
f  594/594/594 614/614/614 592/592/592
f  603/603/603 592/592/592 614/614/614
f  614/614/614 594/594/594 605/605/605
f  614/614/614 615/615/615 603/603/603
f  615/615/615 614/614/614 613/613/613
f  603/603/603 615/615/615 582/582/582
f  582/582/582 615/615/615 580/580/580
f  580/580/580 616/616/616 578/578/578
f  616/616/616 580/580/580 615/615/615
f  615/615/615 613/613/613 616/616/616
f  612/612/612 617/617/617 613/613/613
f  616/616/616 613/613/613 617/617/617
f  611/611/611 618/618/618 612/612/612
f  617/617/617 612/612/612 618/618/618
f  618/618/618 611/611/611 619/619/619
f  609/609/609 619/619/619 611/611/611
f  610/610/610 620/620/620 609/609/609
f  619/619/619 609/609/609 620/620/620
f  621/621/621 620/620/620 610/610/610
f  620/620/620 621/621/621 622/622/622
f  623/623/623 622/622/622 621/621/621
f  620/620/620 624/624/624 619/619/619
f  622/622/622 624/624/624 620/620/620
f  619/619/619 625/625/625 618/618/618
f  625/625/625 619/619/619 624/624/624
f  626/626/626 618/618/618 625/625/625
f  618/618/618 626/626/626 617/617/617
f  617/617/617 627/627/627 616/616/616
f  616/616/616 627/627/627 578/578/578
f  578/578/578 627/627/627 576/576/576
f  627/627/627 617/617/617 626/626/626
f  628/628/628 576/576/576 627/627/627
f  576/576/576 628/628/628 574/574/574
f  626/626/626 628/628/628 627/627/627
f  625/625/625 629/629/629 626/626/626
f  628/628/628 626/626/626 629/629/629
f  624/624/624 630/630/630 625/625/625
f  629/629/629 625/625/625 630/630/630
f  622/622/622 631/631/631 624/624/624
f  630/630/630 624/624/624 631/631/631
f  631/631/631 622/622/622 632/632/632
f  623/623/623 632/632/632 622/622/622
f  633/633/633 632/632/632 623/623/623
f  632/632/632 633/633/633 634/634/634
f  635/635/635 634/634/634 633/633/633
f  632/632/632 636/636/636 631/631/631
f  634/634/634 636/636/636 632/632/632
f  637/637/637 631/631/631 636/636/636
f  631/631/631 637/637/637 630/630/630
f  630/630/630 638/638/638 629/629/629
f  638/638/638 630/630/630 637/637/637
f  629/629/629 639/639/639 628/628/628
f  628/628/628 639/639/639 574/574/574
f  574/574/574 639/639/639 572/572/572
f  639/639/639 629/629/629 638/638/638
f  572/572/572 639/639/639 640/640/640
f  638/638/638 640/640/640 639/639/639
f  637/637/637 641/641/641 638/638/638
f  640/640/640 638/638/638 641/641/641
f  636/636/636 642/642/642 637/637/637
f  641/641/641 637/637/637 642/642/642
f  643/643/643 644/644/644 645/645/645
f  645/645/645 644/644/644 646/646/646
f  647/647/647 646/646/646 644/644/644
f  646/646/646 647/647/647 648/648/648
f  649/649/649 648/648/648 647/647/647
f  648/648/648 649/649/649 650/650/650
f  651/651/651 650/650/650 649/649/649
f  650/650/650 651/651/651 652/652/652
f  653/653/653 652/652/652 651/651/651
f  652/652/652 653/653/653 654/654/654
f  655/655/655 654/654/654 653/653/653
f  654/654/654 655/655/655 656/656/656
f  657/657/657 656/656/656 655/655/655
f  656/656/656 657/657/657 658/658/658
f  659/659/659 658/658/658 657/657/657
f  660/660/660 658/658/658 659/659/659
f  661/661/661 658/658/658 660/660/660
f  658/658/658 661/661/661 662/662/662
f  658/658/658 662/662/662 656/656/656
f  663/663/663 662/662/662 661/661/661
f  662/662/662 663/663/663 664/664/664
f  665/665/665 664/664/664 663/663/663
f  664/664/664 665/665/665 666/666/666
f  666/666/666 665/665/665 667/667/667
f  668/668/668 667/667/667 665/665/665
f  669/669/669 667/667/667 668/668/668
f  667/667/667 669/669/669 670/670/670
f  671/671/671 670/670/670 669/669/669
f  672/672/672 670/670/670 671/671/671
f  670/670/670 672/672/672 673/673/673
f  674/674/674 673/673/673 672/672/672
f  656/656/656 675/675/675 654/654/654
f  662/662/662 664/664/664 675/675/675
f  675/675/675 656/656/656 662/662/662
f  673/673/673 676/676/676 670/670/670
f  670/670/670 676/676/676 667/667/667
f  667/667/667 676/676/676 666/666/666
f  666/666/666 676/676/676 677/677/677
f  673/673/673 678/678/678 676/676/676
f  677/677/677 676/676/676 678/678/678
f  674/674/674 679/679/679 673/673/673
f  678/678/678 673/673/673 679/679/679
f  680/680/680 679/679/679 674/674/674
f  679/679/679 680/680/680 681/681/681
f  682/682/682 681/681/681 680/680/680
f  679/679/679 683/683/683 678/678/678
f  681/681/681 683/683/683 679/679/679
f  678/678/678 684/684/684 677/677/677
f  684/684/684 678/678/678 683/683/683
f  685/685/685 677/677/677 684/684/684
f  677/677/677 685/685/685 686/686/686
f  666/666/666 686/686/686 664/664/664
f  675/675/675 664/664/664 686/686/686
f  686/686/686 666/666/666 677/677/677
f  686/686/686 687/687/687 675/675/675
f  687/687/687 686/686/686 685/685/685
f  675/675/675 687/687/687 654/654/654
f  654/654/654 687/687/687 652/652/652
f  652/652/652 688/688/688 650/650/650
f  688/688/688 652/652/652 687/687/687
f  687/687/687 685/685/685 688/688/688
f  684/684/684 689/689/689 685/685/685
f  688/688/688 685/685/685 689/689/689
f  683/683/683 690/690/690 684/684/684
f  689/689/689 684/684/684 690/690/690
f  690/690/690 683/683/683 691/691/691
f  681/681/681 691/691/691 683/683/683
f  682/682/682 692/692/692 681/681/681
f  691/691/691 681/681/681 692/692/692
f  693/693/693 692/692/692 682/682/682
f  692/692/692 693/693/693 694/694/694
f  695/695/695 694/694/694 693/693/693
f  692/692/692 696/696/696 691/691/691
f  694/694/694 696/696/696 692/692/692
f  691/691/691 697/697/697 690/690/690
f  697/697/697 691/691/691 696/696/696
f  698/698/698 690/690/690 697/697/697
f  690/690/690 698/698/698 689/689/689
f  689/689/689 699/699/699 688/688/688
f  688/688/688 699/699/699 650/650/650
f  650/650/650 699/699/699 648/648/648
f  699/699/699 689/689/689 698/698/698
f  700/700/700 648/648/648 699/699/699
f  648/648/648 700/700/700 646/646/646
f  698/698/698 700/700/700 699/699/699
f  697/697/697 701/701/701 698/698/698
f  700/700/700 698/698/698 701/701/701
f  696/696/696 702/702/702 697/697/697
f  701/701/701 697/697/697 702/702/702
f  694/694/694 703/703/703 696/696/696
f  702/702/702 696/696/696 703/703/703
f  703/703/703 694/694/694 704/704/704
f  695/695/695 704/704/704 694/694/694
f  705/705/705 704/704/704 695/695/695
f  704/704/704 705/705/705 706/706/706
f  707/707/707 706/706/706 705/705/705
f  704/704/704 708/708/708 703/703/703
f  706/706/706 708/708/708 704/704/704
f  709/709/709 703/703/703 708/708/708
f  703/703/703 709/709/709 702/702/702
f  702/702/702 710/710/710 701/701/701
f  710/710/710 702/702/702 709/709/709
f  701/701/701 711/711/711 700/700/700
f  700/700/700 711/711/711 646/646/646
f  646/646/646 711/711/711 645/645/645
f  711/711/711 701/701/701 710/710/710
f  645/645/645 711/711/711 712/712/712
f  710/710/710 712/712/712 711/711/711
f  709/709/709 713/713/713 710/710/710
f  712/712/712 710/710/710 713/713/713
f  708/708/708 714/714/714 709/709/709
f  713/713/713 709/709/709 714/714/714
f  715/715/715 716/716/716 717/717/717
f  717/717/717 716/716/716 718/718/718
f  718/718/718 716/716/716 719/719/719
f  720/720/720 719/719/719 716/716/716
f  721/721/721 719/719/719 720/720/720
f  719/719/719 721/721/721 722/722/722
f  723/723/723 722/722/722 721/721/721
f  722/722/722 723/723/723 724/724/724
f  725/725/725 724/724/724 723/723/723
f  724/724/724 725/725/725 726/726/726
f  727/727/727 726/726/726 725/725/725
f  720/720/720 716/716/716 728/728/728
f  715/715/715 728/728/728 716/716/716
f  722/722/722 729/729/729 719/719/719
f  718/718/718 719/719/719 729/729/729
f  724/724/724 730/730/730 722/722/722
f  729/729/729 722/722/722 730/730/730
f  726/726/726 731/731/731 724/724/724
f  730/730/730 724/724/724 731/731/731
f  731/731/731 726/726/726 732/732/732
f  732/732/732 726/726/726 733/733/733
f  727/727/727 733/733/733 726/726/726
f  734/734/734 733/733/733 727/727/727
f  733/733/733 734/734/734 735/735/735
f  736/736/736 735/735/735 734/734/734
f  735/735/735 736/736/736 737/737/737
f  738/738/738 737/737/737 736/736/736
f  735/735/735 737/737/737 739/739/739
f  740/740/740 739/739/739 737/737/737
f  741/741/741 739/739/739 740/740/740
f  739/739/739 741/741/741 742/742/742
f  743/743/743 742/742/742 741/741/741
f  744/744/744 742/742/742 743/743/743
f  742/742/742 744/744/744 745/745/745
f  746/746/746 745/745/745 744/744/744
f  745/745/745 747/747/747 742/742/742
f  742/742/742 747/747/747 739/739/739
f  739/739/739 747/747/747 735/735/735
f  735/735/735 747/747/747 733/733/733
f  733/733/733 747/747/747 732/732/732
f  745/745/745 732/732/732 747/747/747
f  732/732/732 745/745/745 748/748/748
f  746/746/746 748/748/748 745/745/745
f  732/732/732 748/748/748 731/731/731
f  749/749/749 748/748/748 746/746/746
f  731/731/731 750/750/750 730/730/730
f  750/750/750 731/731/731 748/748/748
f  748/748/748 749/749/749 750/750/750
f  751/751/751 750/750/750 749/749/749
f  730/730/730 752/752/752 729/729/729
f  752/752/752 730/730/730 750/750/750
f  750/750/750 751/751/751 752/752/752
f  753/753/753 752/752/752 751/751/751
f  754/754/754 752/752/752 753/753/753
f  718/718/718 729/729/729 754/754/754
f  752/752/752 754/754/754 729/729/729
f  755/755/755 754/754/754 753/753/753
f  754/754/754 756/756/756 718/718/718
f  718/718/718 756/756/756 717/717/717
f  754/754/754 755/755/755 756/756/756
f  757/757/757 756/756/756 755/755/755
f  758/758/758 717/717/717 756/756/756
f  756/756/756 757/757/757 758/758/758
f  759/759/759 758/758/758 757/757/757
f  760/760/760 761/761/761 762/762/762
f  762/762/762 761/761/761 763/763/763
f  763/763/763 761/761/761 764/764/764
f  765/765/765 764/764/764 761/761/761
f  766/766/766 764/764/764 765/765/765
f  764/764/764 766/766/766 767/767/767
f  768/768/768 767/767/767 766/766/766
f  767/767/767 768/768/768 769/769/769
f  770/770/770 769/769/769 768/768/768
f  769/769/769 770/770/770 771/771/771
f  772/772/772 771/771/771 770/770/770
f  765/765/765 761/761/761 773/773/773
f  760/760/760 773/773/773 761/761/761
f  767/767/767 774/774/774 764/764/764
f  763/763/763 764/764/764 774/774/774
f  769/769/769 775/775/775 767/767/767
f  774/774/774 767/767/767 775/775/775
f  771/771/771 776/776/776 769/769/769
f  775/775/775 769/769/769 776/776/776
f  776/776/776 771/771/771 777/777/777
f  772/772/772 778/778/778 771/771/771
f  777/777/777 771/771/771 778/778/778
f  779/779/779 778/778/778 772/772/772
f  778/778/778 779/779/779 780/780/780
f  781/781/781 780/780/780 779/779/779
f  780/780/780 781/781/781 782/782/782
f  783/783/783 782/782/782 781/781/781
f  780/780/780 782/782/782 784/784/784
f  785/785/785 784/784/784 782/782/782
f  786/786/786 784/784/784 785/785/785
f  784/784/784 786/786/786 787/787/787
f  788/788/788 787/787/787 786/786/786
f  789/789/789 787/787/787 788/788/788
f  787/787/787 789/789/789 790/790/790
f  791/791/791 790/790/790 789/789/789
f  790/790/790 792/792/792 787/787/787
f  787/787/787 792/792/792 784/784/784
f  784/784/784 792/792/792 780/780/780
f  780/780/780 792/792/792 778/778/778
f  778/778/778 792/792/792 777/777/777
f  790/790/790 777/777/777 792/792/792
f  791/791/791 793/793/793 790/790/790
f  777/777/777 793/793/793 776/776/776
f  777/777/777 790/790/790 793/793/793
f  794/794/794 793/793/793 791/791/791
f  793/793/793 794/794/794 795/795/795
f  776/776/776 795/795/795 775/775/775
f  795/795/795 776/776/776 793/793/793
f  796/796/796 795/795/795 794/794/794
f  795/795/795 796/796/796 797/797/797
f  797/797/797 775/775/775 795/795/795
f  775/775/775 797/797/797 774/774/774
f  798/798/798 797/797/797 796/796/796
f  797/797/797 799/799/799 774/774/774
f  799/799/799 797/797/797 798/798/798
f  763/763/763 774/774/774 799/799/799
f  800/800/800 799/799/799 798/798/798
f  799/799/799 801/801/801 763/763/763
f  763/763/763 801/801/801 762/762/762
f  799/799/799 800/800/800 801/801/801
f  802/802/802 801/801/801 800/800/800
f  801/801/801 802/802/802 803/803/803
f  803/803/803 762/762/762 801/801/801
f  804/804/804 803/803/803 802/802/802
f  805/805/805 806/806/806 807/807/807
f  808/808/808 807/807/807 806/806/806
f  807/807/807 808/808/808 809/809/809
f  810/810/810 809/809/809 808/808/808
f  809/809/809 810/810/810 811/811/811
f  811/811/811 810/810/810 812/812/812
f  812/812/812 810/810/810 813/813/813
f  808/808/808 814/814/814 810/810/810
f  814/814/814 808/808/808 806/806/806
f  813/813/813 810/810/810 814/814/814
f  815/815/815 812/812/812 813/813/813
f  816/816/816 812/812/812 815/815/815
f  812/812/812 816/816/816 811/811/811
f  817/817/817 811/811/811 816/816/816
f  811/811/811 818/818/818 809/809/809
f  818/818/818 811/811/811 817/817/817
f  809/809/809 819/819/819 807/807/807
f  819/819/819 809/809/809 818/818/818
f  820/820/820 815/815/815 813/813/813
f  821/821/821 815/815/815 820/820/820
f  815/815/815 821/821/821 822/822/822
f  823/823/823 822/822/822 821/821/821
f  815/815/815 824/824/824 816/816/816
f  822/822/822 824/824/824 815/815/815
f  816/816/816 825/825/825 817/817/817
f  825/825/825 816/816/816 824/824/824
f  824/824/824 826/826/826 825/825/825
f  822/822/822 826/826/826 824/824/824
f  823/823/823 827/827/827 822/822/822
f  826/826/826 822/822/822 827/827/827
f  827/827/827 823/823/823 828/828/828
f  829/829/829 828/828/828 823/823/823
f  830/830/830 828/828/828 829/829/829
f  831/831/831 828/828/828 830/830/830
f  828/828/828 831/831/831 832/832/832
f  828/828/828 832/832/832 827/827/827
f  833/833/833 832/832/832 831/831/831
f  832/832/832 833/833/833 834/834/834
f  835/835/835 834/834/834 833/833/833
f  834/834/834 835/835/835 836/836/836
f  837/837/837 836/836/836 835/835/835
f  836/836/836 837/837/837 838/838/838
f  839/839/839 838/838/838 837/837/837
f  838/838/838 839/839/839 840/840/840
f  841/841/841 840/840/840 839/839/839
f  840/840/840 841/841/841 842/842/842
f  843/843/843 842/842/842 841/841/841
f  842/842/842 843/843/843 844/844/844
f  845/845/845 844/844/844 843/843/843
f  827/827/827 846/846/846 826/826/826
f  832/832/832 834/834/834 846/846/846
f  846/846/846 827/827/827 832/832/832
f  842/842/842 844/844/844 847/847/847
f  848/848/848 847/847/847 844/844/844
f  849/849/849 847/847/847 848/848/848
f  847/847/847 849/849/849 850/850/850
f  851/851/851 850/850/850 849/849/849
f  850/850/850 851/851/851 852/852/852
f  853/853/853 852/852/852 851/851/851
f  852/852/852 853/853/853 854/854/854
f  854/854/854 853/853/853 855/855/855
f  856/856/856 855/855/855 853/853/853
f  855/855/855 856/856/856 857/857/857
f  858/858/858 857/857/857 856/856/856
f  857/857/857 858/858/858 859/859/859
f  860/860/860 859/859/859 858/858/858
f  861/861/861 859/859/859 860/860/860
f  861/861/861 805/805/805 807/807/807
f  859/859/859 861/861/861 862/862/862
f  807/807/807 862/862/862 861/861/861
f  863/863/863 859/859/859 862/862/862
f  819/819/819 863/863/863 807/807/807
f  862/862/862 807/807/807 863/863/863
f  818/818/818 864/864/864 819/819/819
f  863/863/863 819/819/819 864/864/864
f  859/859/859 863/863/863 865/865/865
f  864/864/864 865/865/865 863/863/863
f  859/859/859 866/866/866 857/857/857
f  857/857/857 866/866/866 855/855/855
f  865/865/865 866/866/866 859/859/859
f  855/855/855 867/867/867 854/854/854
f  867/867/867 855/855/855 866/866/866
f  866/866/866 868/868/868 867/867/867
f  865/865/865 868/868/868 866/866/866
f  864/864/864 868/868/868 865/865/865
f  818/818/818 869/869/869 864/864/864
f  817/817/817 869/869/869 818/818/818
f  825/825/825 869/869/869 817/817/817
f  868/868/868 864/864/864 869/869/869
f  869/869/869 825/825/825 870/870/870
f  870/870/870 825/825/825 871/871/871
f  826/826/826 871/871/871 825/825/825
f  846/846/846 871/871/871 826/826/826
f  834/834/834 872/872/872 846/846/846
f  836/836/836 872/872/872 834/834/834
f  871/871/871 846/846/846 872/872/872
f  872/872/872 836/836/836 873/873/873
f  838/838/838 873/873/873 836/836/836
f  872/872/872 874/874/874 871/871/871
f  871/871/871 874/874/874 870/870/870
f  873/873/873 874/874/874 872/872/872
f  870/870/870 875/875/875 869/869/869
f  875/875/875 870/870/870 874/874/874
f  869/869/869 876/876/876 868/868/868
f  868/868/868 876/876/876 867/867/867
f  876/876/876 869/869/869 875/875/875
f  877/877/877 867/867/867 876/876/876
f  867/867/867 877/877/877 854/854/854
f  854/854/854 877/877/877 852/852/852
f  875/875/875 877/877/877 876/876/876
f  878/878/878 852/852/852 877/877/877
f  877/877/877 875/875/875 878/878/878
f  879/879/879 850/850/850 852/852/852
f  852/852/852 878/878/878 879/879/879
f  873/873/873 880/880/880 874/874/874
f  874/874/874 880/880/880 875/875/875
f  875/875/875 880/880/880 878/878/878
f  879/879/879 878/878/878 880/880/880
f  880/880/880 873/873/873 881/881/881
f  838/838/838 881/881/881 873/873/873
f  840/840/840 881/881/881 838/838/838
f  879/879/879 880/880/880 881/881/881
f  850/850/850 879/879/879 882/882/882
f  881/881/881 882/882/882 879/879/879
f  882/882/882 881/881/881 840/840/840
f  850/850/850 882/882/882 847/847/847
f  847/847/847 882/882/882 842/842/842
f  840/840/840 842/842/842 882/882/882
f  883/883/883 884/884/884 885/885/885
f  886/886/886 885/885/885 884/884/884
f  885/885/885 886/886/886 887/887/887
f  888/888/888 887/887/887 886/886/886
f  887/887/887 888/888/888 889/889/889
f  889/889/889 888/888/888 890/890/890
f  890/890/890 888/888/888 891/891/891
f  891/891/891 888/888/888 892/892/892
f  886/886/886 892/892/892 888/888/888
f  892/892/892 886/886/886 884/884/884
f  893/893/893 890/890/890 891/891/891
f  890/890/890 894/894/894 889/889/889
f  894/894/894 890/890/890 893/893/893
f  895/895/895 889/889/889 894/894/894
f  896/896/896 889/889/889 895/895/895
f  889/889/889 896/896/896 887/887/887
f  887/887/887 897/897/897 885/885/885
f  897/897/897 887/887/887 896/896/896
f  898/898/898 893/893/893 891/891/891
f  899/899/899 893/893/893 898/898/898
f  893/893/893 899/899/899 900/900/900
f  901/901/901 900/900/900 899/899/899
f  900/900/900 902/902/902 893/893/893
f  893/893/893 902/902/902 894/894/894
f  894/894/894 903/903/903 895/895/895
f  903/903/903 894/894/894 902/902/902
f  900/900/900 904/904/904 902/902/902
f  902/902/902 904/904/904 903/903/903
f  904/904/904 900/900/900 905/905/905
f  901/901/901 905/905/905 900/900/900
f  905/905/905 901/901/901 906/906/906
f  907/907/907 906/906/906 901/901/901
f  908/908/908 906/906/906 907/907/907
f  909/909/909 906/906/906 908/908/908
f  906/906/906 909/909/909 910/910/910
f  906/906/906 910/910/910 905/905/905
f  911/911/911 910/910/910 909/909/909
f  910/910/910 911/911/911 912/912/912
f  913/913/913 912/912/912 911/911/911
f  912/912/912 913/913/913 914/914/914
f  915/915/915 914/914/914 913/913/913
f  914/914/914 915/915/915 916/916/916
f  917/917/917 916/916/916 915/915/915
f  916/916/916 917/917/917 918/918/918
f  919/919/919 918/918/918 917/917/917
f  918/918/918 919/919/919 920/920/920
f  921/921/921 920/920/920 919/919/919
f  920/920/920 921/921/921 922/922/922
f  923/923/923 922/922/922 921/921/921
f  924/924/924 905/905/905 910/910/910
f  905/905/905 924/924/924 904/904/904
f  910/910/910 912/912/912 924/924/924
f  920/920/920 922/922/922 925/925/925
f  926/926/926 925/925/925 922/922/922
f  927/927/927 925/925/925 926/926/926
f  925/925/925 927/927/927 928/928/928
f  929/929/929 928/928/928 927/927/927
f  928/928/928 929/929/929 930/930/930
f  931/931/931 930/930/930 929/929/929
f  930/930/930 931/931/931 932/932/932
f  932/932/932 931/931/931 933/933/933
f  934/934/934 933/933/933 931/931/931
f  933/933/933 934/934/934 935/935/935
f  936/936/936 935/935/935 934/934/934
f  935/935/935 936/936/936 937/937/937
f  938/938/938 937/937/937 936/936/936
f  939/939/939 883/883/883 885/885/885
f  939/939/939 937/937/937 938/938/938
f  885/885/885 940/940/940 939/939/939
f  937/937/937 939/939/939 940/940/940
f  941/941/941 937/937/937 940/940/940
f  897/897/897 941/941/941 885/885/885
f  940/940/940 885/885/885 941/941/941
f  941/941/941 897/897/897 942/942/942
f  896/896/896 942/942/942 897/897/897
f  942/942/942 943/943/943 941/941/941
f  937/937/937 941/941/941 943/943/943
f  937/937/937 944/944/944 935/935/935
f  935/935/935 944/944/944 933/933/933
f  943/943/943 944/944/944 937/937/937
f  945/945/945 933/933/933 944/944/944
f  933/933/933 945/945/945 932/932/932
f  943/943/943 946/946/946 944/944/944
f  942/942/942 946/946/946 943/943/943
f  944/944/944 946/946/946 945/945/945
f  896/896/896 947/947/947 942/942/942
f  895/895/895 947/947/947 896/896/896
f  903/903/903 947/947/947 895/895/895
f  946/946/946 942/942/942 947/947/947
f  947/947/947 903/903/903 948/948/948
f  948/948/948 903/903/903 949/949/949
f  904/904/904 949/949/949 903/903/903
f  924/924/924 949/949/949 904/904/904
f  912/912/912 950/950/950 924/924/924
f  914/914/914 950/950/950 912/912/912
f  949/949/949 924/924/924 950/950/950
f  916/916/916 951/951/951 914/914/914
f  950/950/950 914/914/914 951/951/951
f  951/951/951 952/952/952 950/950/950
f  950/950/950 952/952/952 949/949/949
f  949/949/949 952/952/952 948/948/948
f  948/948/948 953/953/953 947/947/947
f  953/953/953 948/948/948 952/952/952
f  947/947/947 954/954/954 946/946/946
f  946/946/946 954/954/954 945/945/945
f  954/954/954 947/947/947 953/953/953
f  955/955/955 945/945/945 954/954/954
f  945/945/945 955/955/955 932/932/932
f  932/932/932 955/955/955 930/930/930
f  953/953/953 955/955/955 954/954/954
f  956/956/956 930/930/930 955/955/955
f  955/955/955 953/953/953 956/956/956
f  930/930/930 956/956/956 957/957/957
f  957/957/957 928/928/928 930/930/930
f  957/957/957 956/956/956 958/958/958
f  952/952/952 958/958/958 953/953/953
f  953/953/953 958/958/958 956/956/956
f  951/951/951 958/958/958 952/952/952
f  957/957/957 958/958/958 959/959/959
f  918/918/918 959/959/959 916/916/916
f  916/916/916 959/959/959 951/951/951
f  958/958/958 951/951/951 959/959/959
f  959/959/959 960/960/960 957/957/957
f  960/960/960 959/959/959 918/918/918
f  928/928/928 960/960/960 925/925/925
f  925/925/925 960/960/960 920/920/920
f  918/918/918 920/920/920 960/960/960
f  928/928/928 957/957/957 960/960/960
f  961/961/961 962/962/962 963/963/963
f  963/963/963 962/962/962 964/964/964
f  965/965/965 964/964/964 962/962/962
f  964/964/964 965/965/965 966/966/966
f  967/967/967 966/966/966 965/965/965
f  961/961/961 963/963/963 968/968/968
f  969/969/969 968/968/968 963/963/963
f  968/968/968 969/969/969 970/970/970
f  970/970/970 969/969/969 971/971/971
f  972/972/972 971/971/971 969/969/969
f  971/971/971 972/972/972 973/973/973
f  974/974/974 973/973/973 972/972/972
f  973/973/973 974/974/974 975/975/975
f  976/976/976 975/975/975 974/974/974
f  975/975/975 976/976/976 977/977/977
f  978/978/978 977/977/977 976/976/976
f  977/977/977 978/978/978 979/979/979
f  979/979/979 978/978/978 980/980/980
f  981/981/981 980/980/980 978/978/978
f  980/980/980 981/981/981 982/982/982
f  983/983/983 982/982/982 981/981/981
f  982/982/982 983/983/983 984/984/984
f  985/985/985 984/984/984 983/983/983
f  984/984/984 985/985/985 986/986/986
f  987/987/987 982/982/982 984/984/984
f  981/981/981 988/988/988 983/983/983
f  985/985/985 983/983/983 988/988/988
f  988/988/988 981/981/981 989/989/989
f  978/978/978 989/989/989 981/981/981
f  976/976/976 990/990/990 978/978/978
f  989/989/989 978/978/978 990/990/990
f  974/974/974 991/991/991 976/976/976
f  990/990/990 976/976/976 991/991/991
f  991/991/991 974/974/974 992/992/992
f  972/972/972 992/992/992 974/974/974
f  969/969/969 992/992/992 972/972/972
f  963/963/963 992/992/992 969/969/969
f  964/964/964 992/992/992 963/963/963
f  966/966/966 992/992/992 964/964/964
f  967/967/967 993/993/993 966/966/966
f  991/991/991 992/992/992 993/993/993
f  992/992/992 966/966/966 993/993/993
f  994/994/994 993/993/993 967/967/967
f  991/991/991 995/995/995 990/990/990
f  993/993/993 995/995/995 991/991/991
f  995/995/995 993/993/993 994/994/994
f  990/990/990 996/996/996 989/989/989
f  989/989/989 996/996/996 988/988/988
f  988/988/988 996/996/996 985/985/985
f  985/985/985 996/996/996 986/986/986
f  996/996/996 990/990/990 995/995/995
f  997/997/997 995/995/995 994/994/994
f  986/986/986 996/996/996 997/997/997
f  995/995/995 997/997/997 996/996/996
f  998/998/998 999/999/999 1000/1000/1000
f  1001/1001/1001 1000/1000/1000 999/999/999
f  999/999/999 998/998/998 1002/1002/1002
f  1003/1003/1003 1002/1002/1002 998/998/998
f  1002/1002/1002 1003/1003/1003 1004/1004/1004
f  1005/1005/1005 1004/1004/1004 1003/1003/1003
f  1004/1004/1004 1005/1005/1005 1006/1006/1006
f  1007/1007/1007 1006/1006/1006 1005/1005/1005
f  1006/1006/1006 1007/1007/1007 1008/1008/1008
f  1009/1009/1009 1008/1008/1008 1007/1007/1007
f  1008/1008/1008 1009/1009/1009 1010/1010/1010
f  1011/1011/1011 1010/1010/1010 1009/1009/1009
f  1012/1012/1012 1010/1010/1010 1011/1011/1011
f  1010/1010/1010 1012/1012/1012 1013/1013/1013
f  1014/1014/1014 1013/1013/1013 1012/1012/1012
f  1013/1013/1013 1014/1014/1014 1015/1015/1015
f  1012/1012/1012 1016/1016/1016 1014/1014/1014
f  1011/1011/1011 1017/1017/1017 1012/1012/1012
f  1016/1016/1016 1012/1012/1012 1017/1017/1017
f  1016/1016/1016 1017/1017/1017 1018/1018/1018
f  1019/1019/1019 1018/1018/1018 1017/1017/1017
f  1018/1018/1018 1019/1019/1019 1020/1020/1020
f  998/998/998 1021/1021/1021 1003/1003/1003
f  1021/1021/1021 998/998/998 1000/1000/1000
f  1005/1005/1005 1003/1003/1003 1021/1021/1021
f  1011/1011/1011 1022/1022/1022 1017/1017/1017
f  1019/1019/1019 1017/1017/1017 1022/1022/1022
f  1009/1009/1009 1023/1023/1023 1011/1011/1011
f  1023/1023/1023 1009/1009/1009 1007/1007/1007
f  1023/1023/1023 1019/1019/1019 1022/1022/1022
f  1022/1022/1022 1011/1011/1011 1023/1023/1023
f  1019/1019/1019 1023/1023/1023 1024/1024/1024
f  1024/1024/1024 1020/1020/1020 1019/1019/1019
f  1007/1007/1007 1025/1025/1025 1023/1023/1023
f  1025/1025/1025 1024/1024/1024 1023/1023/1023
f  1024/1024/1024 1025/1025/1025 1026/1026/1026
f  1007/1007/1007 1027/1027/1027 1025/1025/1025
f  1021/1021/1021 1027/1027/1027 1005/1005/1005
f  1026/1026/1026 1025/1025/1025 1027/1027/1027
f  1005/1005/1005 1027/1027/1027 1007/1007/1007
f  1027/1027/1027 1028/1028/1028 1026/1026/1026
f  1028/1028/1028 1027/1027/1027 1021/1021/1021
f  1000/1000/1000 1028/1028/1028 1021/1021/1021
f  1029/1029/1029 1026/1026/1026 1028/1028/1028
f  1030/1030/1030 1026/1026/1026 1029/1029/1029
f  1020/1020/1020 1024/1024/1024 1030/1030/1030
f  1026/1026/1026 1030/1030/1030 1024/1024/1024
f  1029/1029/1029 1028/1028/1028 1031/1031/1031
f  1001/1001/1001 1032/1032/1032 1000/1000/1000
f  1028/1028/1028 1000/1000/1000 1032/1032/1032
f  1032/1032/1032 1031/1031/1031 1028/1028/1028
f  1031/1031/1031 1032/1032/1032 1033/1033/1033
f  1034/1034/1034 1032/1032/1032 1001/1001/1001
f  1033/1033/1033 1032/1032/1032 1034/1034/1034
f  1035/1035/1035 1036/1036/1036 1037/1037/1037
f  1036/1036/1036 1035/1035/1035 1038/1038/1038
f  1039/1039/1039 1038/1038/1038 1035/1035/1035
f  1038/1038/1038 1039/1039/1039 1040/1040/1040
f  1041/1041/1041 1040/1040/1040 1039/1039/1039
f  1037/1037/1037 1036/1036/1036 1042/1042/1042
f  1043/1043/1043 1042/1042/1042 1036/1036/1036
f  1042/1042/1042 1043/1043/1043 1044/1044/1044
f  1044/1044/1044 1043/1043/1043 1045/1045/1045
f  1046/1046/1046 1045/1045/1045 1043/1043/1043
f  1045/1045/1045 1046/1046/1046 1047/1047/1047
f  1048/1048/1048 1047/1047/1047 1046/1046/1046
f  1047/1047/1047 1048/1048/1048 1049/1049/1049
f  1050/1050/1050 1049/1049/1049 1048/1048/1048
f  1049/1049/1049 1050/1050/1050 1051/1051/1051
f  1052/1052/1052 1051/1051/1051 1050/1050/1050
f  1051/1051/1051 1052/1052/1052 1053/1053/1053
f  1053/1053/1053 1052/1052/1052 1054/1054/1054
f  1055/1055/1055 1054/1054/1054 1052/1052/1052
f  1054/1054/1054 1055/1055/1055 1056/1056/1056
f  1057/1057/1057 1056/1056/1056 1055/1055/1055
f  1056/1056/1056 1057/1057/1057 1058/1058/1058
f  1059/1059/1059 1058/1058/1058 1057/1057/1057
f  1058/1058/1058 1059/1059/1059 1060/1060/1060
f  1061/1061/1061 1056/1056/1056 1058/1058/1058
f  1055/1055/1055 1062/1062/1062 1057/1057/1057
f  1059/1059/1059 1057/1057/1057 1062/1062/1062
f  1062/1062/1062 1055/1055/1055 1063/1063/1063
f  1052/1052/1052 1063/1063/1063 1055/1055/1055
f  1050/1050/1050 1064/1064/1064 1052/1052/1052
f  1063/1063/1063 1052/1052/1052 1064/1064/1064
f  1048/1048/1048 1065/1065/1065 1050/1050/1050
f  1064/1064/1064 1050/1050/1050 1065/1065/1065
f  1065/1065/1065 1048/1048/1048 1066/1066/1066
f  1046/1046/1046 1066/1066/1066 1048/1048/1048
f  1043/1043/1043 1066/1066/1066 1046/1046/1046
f  1036/1036/1036 1066/1066/1066 1043/1043/1043
f  1038/1038/1038 1066/1066/1066 1036/1036/1036
f  1040/1040/1040 1066/1066/1066 1038/1038/1038
f  1066/1066/1066 1040/1040/1040 1067/1067/1067
f  1041/1041/1041 1067/1067/1067 1040/1040/1040
f  1065/1065/1065 1066/1066/1066 1067/1067/1067
f  1068/1068/1068 1067/1067/1067 1041/1041/1041
f  1067/1067/1067 1069/1069/1069 1065/1065/1065
f  1065/1065/1065 1069/1069/1069 1064/1064/1064
f  1069/1069/1069 1067/1067/1067 1068/1068/1068
f  1063/1063/1063 1070/1070/1070 1062/1062/1062
f  1070/1070/1070 1064/1064/1064 1069/1069/1069
f  1059/1059/1059 1070/1070/1070 1060/1060/1060
f  1062/1062/1062 1070/1070/1070 1059/1059/1059
f  1064/1064/1064 1070/1070/1070 1063/1063/1063
f  1071/1071/1071 1069/1069/1069 1068/1068/1068
f  1069/1069/1069 1071/1071/1071 1070/1070/1070
f  1060/1060/1060 1070/1070/1070 1071/1071/1071
f  1072/1072/1072 1073/1073/1073 1074/1074/1074
f  1075/1075/1075 1074/1074/1074 1073/1073/1073
f  1073/1073/1073 1072/1072/1072 1076/1076/1076
f  1077/1077/1077 1076/1076/1076 1072/1072/1072
f  1076/1076/1076 1077/1077/1077 1078/1078/1078
f  1079/1079/1079 1078/1078/1078 1077/1077/1077
f  1078/1078/1078 1079/1079/1079 1080/1080/1080
f  1081/1081/1081 1080/1080/1080 1079/1079/1079
f  1080/1080/1080 1081/1081/1081 1082/1082/1082
f  1083/1083/1083 1082/1082/1082 1081/1081/1081
f  1082/1082/1082 1083/1083/1083 1084/1084/1084
f  1085/1085/1085 1084/1084/1084 1083/1083/1083
f  1086/1086/1086 1084/1084/1084 1085/1085/1085
f  1084/1084/1084 1086/1086/1086 1087/1087/1087
f  1088/1088/1088 1087/1087/1087 1086/1086/1086
f  1087/1087/1087 1088/1088/1088 1089/1089/1089
f  1086/1086/1086 1090/1090/1090 1088/1088/1088
f  1085/1085/1085 1091/1091/1091 1086/1086/1086
f  1090/1090/1090 1086/1086/1086 1091/1091/1091
f  1090/1090/1090 1091/1091/1091 1092/1092/1092
f  1093/1093/1093 1092/1092/1092 1091/1091/1091
f  1092/1092/1092 1093/1093/1093 1094/1094/1094
f  1095/1095/1095 1072/1072/1072 1074/1074/1074
f  1079/1079/1079 1077/1077/1077 1095/1095/1095
f  1072/1072/1072 1095/1095/1095 1077/1077/1077
f  1085/1085/1085 1096/1096/1096 1091/1091/1091
f  1093/1093/1093 1091/1091/1091 1096/1096/1096
f  1096/1096/1096 1085/1085/1085 1097/1097/1097
f  1083/1083/1083 1097/1097/1097 1085/1085/1085
f  1097/1097/1097 1083/1083/1083 1081/1081/1081
f  1097/1097/1097 1093/1093/1093 1096/1096/1096
f  1093/1093/1093 1097/1097/1097 1098/1098/1098
f  1098/1098/1098 1094/1094/1094 1093/1093/1093
f  1081/1081/1081 1099/1099/1099 1097/1097/1097
f  1099/1099/1099 1098/1098/1098 1097/1097/1097
f  1098/1098/1098 1099/1099/1099 1100/1100/1100
f  1095/1095/1095 1101/1101/1101 1079/1079/1079
f  1081/1081/1081 1101/1101/1101 1099/1099/1099
f  1100/1100/1100 1099/1099/1099 1101/1101/1101
f  1079/1079/1079 1101/1101/1101 1081/1081/1081
f  1102/1102/1102 1101/1101/1101 1095/1095/1095
f  1101/1101/1101 1102/1102/1102 1100/1100/1100
f  1074/1074/1074 1102/1102/1102 1095/1095/1095
f  1103/1103/1103 1100/1100/1100 1102/1102/1102
f  1104/1104/1104 1100/1100/1100 1103/1103/1103
f  1094/1094/1094 1098/1098/1098 1104/1104/1104
f  1100/1100/1100 1104/1104/1104 1098/1098/1098
f  1103/1103/1103 1102/1102/1102 1105/1105/1105
f  1075/1075/1075 1106/1106/1106 1074/1074/1074
f  1102/1102/1102 1074/1074/1074 1106/1106/1106
f  1106/1106/1106 1105/1105/1105 1102/1102/1102
f  1105/1105/1105 1106/1106/1106 1107/1107/1107
f  1108/1108/1108 1106/1106/1106 1075/1075/1075
f  1107/1107/1107 1106/1106/1106 1108/1108/1108
f  1109/1109/1109 1110/1110/1110 1111/1111/1111
f  1110/1110/1110 1109/1109/1109 1112/1112/1112
f  1113/1113/1113 1112/1112/1112 1109/1109/1109
f  1112/1112/1112 1113/1113/1113 1114/1114/1114
f  1115/1115/1115 1114/1114/1114 1113/1113/1113
f  1111/1111/1111 1110/1110/1110 1116/1116/1116
f  1117/1117/1117 1116/1116/1116 1110/1110/1110
f  1116/1116/1116 1117/1117/1117 1118/1118/1118
f  1118/1118/1118 1117/1117/1117 1119/1119/1119
f  1120/1120/1120 1119/1119/1119 1117/1117/1117
f  1119/1119/1119 1120/1120/1120 1121/1121/1121
f  1122/1122/1122 1121/1121/1121 1120/1120/1120
f  1121/1121/1121 1122/1122/1122 1123/1123/1123
f  1124/1124/1124 1123/1123/1123 1122/1122/1122
f  1123/1123/1123 1124/1124/1124 1125/1125/1125
f  1126/1126/1126 1125/1125/1125 1124/1124/1124
f  1125/1125/1125 1126/1126/1126 1127/1127/1127
f  1127/1127/1127 1126/1126/1126 1128/1128/1128
f  1129/1129/1129 1128/1128/1128 1126/1126/1126
f  1128/1128/1128 1129/1129/1129 1130/1130/1130
f  1131/1131/1131 1130/1130/1130 1129/1129/1129
f  1130/1130/1130 1131/1131/1131 1132/1132/1132
f  1133/1133/1133 1132/1132/1132 1131/1131/1131
f  1132/1132/1132 1133/1133/1133 1134/1134/1134
f  1135/1135/1135 1130/1130/1130 1132/1132/1132
f  1129/1129/1129 1136/1136/1136 1131/1131/1131
f  1133/1133/1133 1131/1131/1131 1136/1136/1136
f  1126/1126/1126 1137/1137/1137 1129/1129/1129
f  1136/1136/1136 1129/1129/1129 1137/1137/1137
f  1137/1137/1137 1126/1126/1126 1138/1138/1138
f  1124/1124/1124 1138/1138/1138 1126/1126/1126
f  1122/1122/1122 1139/1139/1139 1124/1124/1124
f  1138/1138/1138 1124/1124/1124 1139/1139/1139
f  1139/1139/1139 1122/1122/1122 1140/1140/1140
f  1120/1120/1120 1140/1140/1140 1122/1122/1122
f  1117/1117/1117 1140/1140/1140 1120/1120/1120
f  1110/1110/1110 1140/1140/1140 1117/1117/1117
f  1112/1112/1112 1140/1140/1140 1110/1110/1110
f  1114/1114/1114 1140/1140/1140 1112/1112/1112
f  1115/1115/1115 1141/1141/1141 1114/1114/1114
f  1139/1139/1139 1140/1140/1140 1141/1141/1141
f  1140/1140/1140 1114/1114/1114 1141/1141/1141
f  1142/1142/1142 1141/1141/1141 1115/1115/1115
f  1139/1139/1139 1143/1143/1143 1138/1138/1138
f  1141/1141/1141 1143/1143/1143 1139/1139/1139
f  1143/1143/1143 1141/1141/1141 1142/1142/1142
f  1137/1137/1137 1144/1144/1144 1136/1136/1136
f  1136/1136/1136 1144/1144/1144 1133/1133/1133
f  1133/1133/1133 1144/1144/1144 1134/1134/1134
f  1144/1144/1144 1138/1138/1138 1143/1143/1143
f  1138/1138/1138 1144/1144/1144 1137/1137/1137
f  1145/1145/1145 1143/1143/1143 1142/1142/1142
f  1143/1143/1143 1145/1145/1145 1144/1144/1144
f  1134/1134/1134 1144/1144/1144 1145/1145/1145
f  1146/1146/1146 1147/1147/1147 1148/1148/1148
f  1149/1149/1149 1148/1148/1148 1147/1147/1147
f  1147/1147/1147 1146/1146/1146 1150/1150/1150
f  1151/1151/1151 1150/1150/1150 1146/1146/1146
f  1150/1150/1150 1151/1151/1151 1152/1152/1152
f  1153/1153/1153 1152/1152/1152 1151/1151/1151
f  1152/1152/1152 1153/1153/1153 1154/1154/1154
f  1155/1155/1155 1154/1154/1154 1153/1153/1153
f  1154/1154/1154 1155/1155/1155 1156/1156/1156
f  1157/1157/1157 1156/1156/1156 1155/1155/1155
f  1156/1156/1156 1157/1157/1157 1158/1158/1158
f  1159/1159/1159 1158/1158/1158 1157/1157/1157
f  1160/1160/1160 1158/1158/1158 1159/1159/1159
f  1158/1158/1158 1160/1160/1160 1161/1161/1161
f  1162/1162/1162 1161/1161/1161 1160/1160/1160
f  1161/1161/1161 1162/1162/1162 1163/1163/1163
f  1160/1160/1160 1164/1164/1164 1162/1162/1162
f  1164/1164/1164 1160/1160/1160 1165/1165/1165
f  1159/1159/1159 1165/1165/1165 1160/1160/1160
f  1164/1164/1164 1165/1165/1165 1166/1166/1166
f  1167/1167/1167 1166/1166/1166 1165/1165/1165
f  1166/1166/1166 1167/1167/1167 1168/1168/1168
f  1169/1169/1169 1146/1146/1146 1148/1148/1148
f  1153/1153/1153 1151/1151/1151 1169/1169/1169
f  1146/1146/1146 1169/1169/1169 1151/1151/1151
f  1167/1167/1167 1165/1165/1165 1170/1170/1170
f  1159/1159/1159 1170/1170/1170 1165/1165/1165
f  1157/1157/1157 1171/1171/1171 1159/1159/1159
f  1171/1171/1171 1157/1157/1157 1155/1155/1155
f  1171/1171/1171 1167/1167/1167 1170/1170/1170
f  1170/1170/1170 1159/1159/1159 1171/1171/1171
f  1167/1167/1167 1171/1171/1171 1172/1172/1172
f  1172/1172/1172 1168/1168/1168 1167/1167/1167
f  1155/1155/1155 1173/1173/1173 1171/1171/1171
f  1173/1173/1173 1172/1172/1172 1171/1171/1171
f  1172/1172/1172 1173/1173/1173 1174/1174/1174
f  1169/1169/1169 1175/1175/1175 1153/1153/1153
f  1155/1155/1155 1175/1175/1175 1173/1173/1173
f  1174/1174/1174 1173/1173/1173 1175/1175/1175
f  1153/1153/1153 1175/1175/1175 1155/1155/1155
f  1148/1148/1148 1176/1176/1176 1169/1169/1169
f  1176/1176/1176 1175/1175/1175 1169/1169/1169
f  1175/1175/1175 1176/1176/1176 1174/1174/1174
f  1177/1177/1177 1174/1174/1174 1176/1176/1176
f  1178/1178/1178 1174/1174/1174 1177/1177/1177
f  1174/1174/1174 1178/1178/1178 1172/1172/1172
f  1168/1168/1168 1172/1172/1172 1178/1178/1178
f  1177/1177/1177 1176/1176/1176 1179/1179/1179
f  1180/1180/1180 1179/1179/1179 1176/1176/1176
f  1176/1176/1176 1148/1148/1148 1180/1180/1180
f  1149/1149/1149 1180/1180/1180 1148/1148/1148
f  1179/1179/1179 1180/1180/1180 1181/1181/1181
f  1182/1182/1182 1180/1180/1180 1149/1149/1149
f  1181/1181/1181 1180/1180/1180 1182/1182/1182
f  1183/1183/1183 1184/1184/1184 1185/1185/1185
f  1184/1184/1184 1183/1183/1183 1186/1186/1186
f  1187/1187/1187 1186/1186/1186 1183/1183/1183
f  1186/1186/1186 1187/1187/1187 1188/1188/1188
f  1189/1189/1189 1188/1188/1188 1187/1187/1187
f  1185/1185/1185 1184/1184/1184 1190/1190/1190
f  1191/1191/1191 1190/1190/1190 1184/1184/1184
f  1190/1190/1190 1191/1191/1191 1192/1192/1192
f  1192/1192/1192 1191/1191/1191 1193/1193/1193
f  1194/1194/1194 1193/1193/1193 1191/1191/1191
f  1193/1193/1193 1194/1194/1194 1195/1195/1195
f  1196/1196/1196 1195/1195/1195 1194/1194/1194
f  1195/1195/1195 1196/1196/1196 1197/1197/1197
f  1198/1198/1198 1197/1197/1197 1196/1196/1196
f  1197/1197/1197 1198/1198/1198 1199/1199/1199
f  1200/1200/1200 1199/1199/1199 1198/1198/1198
f  1199/1199/1199 1200/1200/1200 1201/1201/1201
f  1201/1201/1201 1200/1200/1200 1202/1202/1202
f  1203/1203/1203 1202/1202/1202 1200/1200/1200
f  1202/1202/1202 1203/1203/1203 1204/1204/1204
f  1205/1205/1205 1204/1204/1204 1203/1203/1203
f  1204/1204/1204 1205/1205/1205 1206/1206/1206
f  1207/1207/1207 1206/1206/1206 1205/1205/1205
f  1206/1206/1206 1207/1207/1207 1208/1208/1208
f  1209/1209/1209 1204/1204/1204 1206/1206/1206
f  1203/1203/1203 1210/1210/1210 1205/1205/1205
f  1207/1207/1207 1205/1205/1205 1210/1210/1210
f  1210/1210/1210 1203/1203/1203 1211/1211/1211
f  1200/1200/1200 1211/1211/1211 1203/1203/1203
f  1198/1198/1198 1212/1212/1212 1200/1200/1200
f  1211/1211/1211 1200/1200/1200 1212/1212/1212
f  1196/1196/1196 1213/1213/1213 1198/1198/1198
f  1212/1212/1212 1198/1198/1198 1213/1213/1213
f  1213/1213/1213 1196/1196/1196 1214/1214/1214
f  1194/1194/1194 1214/1214/1214 1196/1196/1196
f  1191/1191/1191 1214/1214/1214 1194/1194/1194
f  1184/1184/1184 1214/1214/1214 1191/1191/1191
f  1186/1186/1186 1214/1214/1214 1184/1184/1184
f  1188/1188/1188 1214/1214/1214 1186/1186/1186
f  1214/1214/1214 1188/1188/1188 1215/1215/1215
f  1189/1189/1189 1215/1215/1215 1188/1188/1188
f  1213/1213/1213 1214/1214/1214 1215/1215/1215
f  1216/1216/1216 1215/1215/1215 1189/1189/1189
f  1213/1213/1213 1217/1217/1217 1212/1212/1212
f  1215/1215/1215 1217/1217/1217 1213/1213/1213
f  1217/1217/1217 1215/1215/1215 1216/1216/1216
f  1218/1218/1218 1212/1212/1212 1217/1217/1217
f  1211/1211/1211 1218/1218/1218 1210/1210/1210
f  1210/1210/1210 1218/1218/1218 1207/1207/1207
f  1207/1207/1207 1218/1218/1218 1208/1208/1208
f  1212/1212/1212 1218/1218/1218 1211/1211/1211
f  1219/1219/1219 1217/1217/1217 1216/1216/1216
f  1217/1217/1217 1219/1219/1219 1218/1218/1218
f  1208/1208/1208 1218/1218/1218 1219/1219/1219
f  1220/1220/1220 1221/1221/1221 1222/1222/1222
f  1223/1223/1223 1222/1222/1222 1221/1221/1221
f  1221/1221/1221 1220/1220/1220 1224/1224/1224
f  1225/1225/1225 1224/1224/1224 1220/1220/1220
f  1224/1224/1224 1225/1225/1225 1226/1226/1226
f  1227/1227/1227 1226/1226/1226 1225/1225/1225
f  1226/1226/1226 1227/1227/1227 1228/1228/1228
f  1229/1229/1229 1228/1228/1228 1227/1227/1227
f  1228/1228/1228 1229/1229/1229 1230/1230/1230
f  1231/1231/1231 1230/1230/1230 1229/1229/1229
f  1230/1230/1230 1231/1231/1231 1232/1232/1232
f  1233/1233/1233 1232/1232/1232 1231/1231/1231
f  1234/1234/1234 1232/1232/1232 1233/1233/1233
f  1232/1232/1232 1234/1234/1234 1235/1235/1235
f  1236/1236/1236 1235/1235/1235 1234/1234/1234
f  1235/1235/1235 1236/1236/1236 1237/1237/1237
f  1234/1234/1234 1238/1238/1238 1236/1236/1236
f  1238/1238/1238 1234/1234/1234 1239/1239/1239
f  1233/1233/1233 1239/1239/1239 1234/1234/1234
f  1238/1238/1238 1239/1239/1239 1240/1240/1240
f  1241/1241/1241 1240/1240/1240 1239/1239/1239
f  1240/1240/1240 1241/1241/1241 1242/1242/1242
f  1243/1243/1243 1220/1220/1220 1222/1222/1222
f  1227/1227/1227 1225/1225/1225 1243/1243/1243
f  1220/1220/1220 1243/1243/1243 1225/1225/1225
f  1241/1241/1241 1239/1239/1239 1244/1244/1244
f  1233/1233/1233 1244/1244/1244 1239/1239/1239
f  1231/1231/1231 1245/1245/1245 1233/1233/1233
f  1245/1245/1245 1231/1231/1231 1229/1229/1229
f  1245/1245/1245 1241/1241/1241 1244/1244/1244
f  1244/1244/1244 1233/1233/1233 1245/1245/1245
f  1241/1241/1241 1245/1245/1245 1246/1246/1246
f  1246/1246/1246 1242/1242/1242 1241/1241/1241
f  1229/1229/1229 1247/1247/1247 1245/1245/1245
f  1247/1247/1247 1246/1246/1246 1245/1245/1245
f  1246/1246/1246 1247/1247/1247 1248/1248/1248
f  1243/1243/1243 1249/1249/1249 1227/1227/1227
f  1229/1229/1229 1249/1249/1249 1247/1247/1247
f  1227/1227/1227 1249/1249/1249 1229/1229/1229
f  1248/1248/1248 1247/1247/1247 1249/1249/1249
f  1249/1249/1249 1250/1250/1250 1248/1248/1248
f  1250/1250/1250 1249/1249/1249 1243/1243/1243
f  1222/1222/1222 1250/1250/1250 1243/1243/1243
f  1251/1251/1251 1248/1248/1248 1250/1250/1250
f  1248/1248/1248 1252/1252/1252 1246/1246/1246
f  1252/1252/1252 1248/1248/1248 1251/1251/1251
f  1242/1242/1242 1246/1246/1246 1252/1252/1252
f  1251/1251/1251 1250/1250/1250 1253/1253/1253
f  1223/1223/1223 1254/1254/1254 1222/1222/1222
f  1250/1250/1250 1222/1222/1222 1254/1254/1254
f  1254/1254/1254 1253/1253/1253 1250/1250/1250
f  1253/1253/1253 1254/1254/1254 1255/1255/1255
f  1256/1256/1256 1254/1254/1254 1223/1223/1223
f  1255/1255/1255 1254/1254/1254 1256/1256/1256

g
v  0.040609 -0.638917 0.000043
v  0.040930 -0.637624 -0.005550
v  0.042938 -0.638486 0.000043
v  0.043420 -0.637481 -0.005206
v  0.045188 -0.641214 0.000043
v  0.047116 -0.641501 -0.006067
v  0.048401 -0.646957 0.000043
v  0.049927 -0.646814 -0.005120
v  0.052980 -0.650691 -0.004173
v  0.052739 -0.651983 0.000043
v  0.057157 -0.651696 -0.004690
v  0.057238 -0.653419 0.000043
v  0.061576 -0.651983 0.000043
v  0.061094 -0.650691 -0.004260
v  0.065592 -0.647245 0.000043
v  0.057398 -0.647962 -0.008046
v  0.057639 -0.642937 -0.010886
v  0.063825 -0.647245 -0.005206
v  0.066235 -0.641358 -0.007443
v  0.069047 -0.640783 0.000043
v  0.068806 -0.633173 -0.009165
v  0.072260 -0.632312 0.000043
v  0.059487 -0.634466 -0.014328
v  0.049526 -0.634322 -0.012693
v  0.044625 -0.633030 -0.011144
v  0.041974 -0.632886 -0.011488
v  0.046152 -0.624271 -0.016221
v  0.052257 -0.625276 -0.017253
v  0.061174 -0.624989 -0.017339
v  0.071617 -0.623122 -0.010627
v  0.075152 -0.622405 0.000043
v  0.074429 -0.609051 -0.013123
v  0.078526 -0.608764 0.000043
v  0.063584 -0.609482 -0.021642
v  0.054024 -0.609769 -0.022933
v  0.046393 -0.609195 -0.022417
v  0.042778 -0.623984 -0.016909
v  0.037074 -0.635040 -0.017167
v  0.037636 -0.642075 -0.009595
v  0.038199 -0.644373 0.000043
v  0.036030 -0.651696 0.000043
v  0.032013 -0.650547 -0.017081
v  0.031210 -0.668639 0.000043
v  0.033138 -0.640352 -0.021126
v  0.031290 -0.634322 -0.026461
v  0.035869 -0.623840 -0.025600
v  0.043019 -0.609338 -0.023707
v  0.047196 -0.588949 -0.029903
v  0.056193 -0.589524 -0.029301
v  0.066396 -0.589954 -0.025859
v  0.077321 -0.589811 -0.015618
v  0.081739 -0.589524 0.000043
v  0.082221 -0.564109 0.000043
v  0.078044 -0.564253 -0.016737
v  0.077803 -0.540418 -0.017856
v  0.081097 -0.538982 0.000043
v  0.075795 -0.521178 -0.020265
v  0.079008 -0.518880 0.000043
v  0.073304 -0.504953 -0.022933
v  0.076919 -0.503804 0.000043
v  0.067440 -0.481549 0.000043
v  0.063343 -0.481836 -0.023535
v  0.058041 -0.465180 0.000043
v  0.061977 -0.510553 -0.043327
v  0.064789 -0.528644 -0.034980
v  0.066878 -0.545874 -0.031194
v  0.068083 -0.565258 -0.028612
v  0.057800 -0.565545 -0.034292
v  0.058121 -0.549607 -0.036615
v  0.053703 -0.536685 -0.041090
v  0.051293 -0.525629 -0.054256
v  0.042537 -0.530941 -0.056579
v  0.048080 -0.540705 -0.046253
v  0.050972 -0.552766 -0.040057
v  0.048481 -0.565976 -0.037390
v  0.043822 -0.589237 -0.031624
v  0.038359 -0.609195 -0.029301
v  0.031210 -0.622405 -0.031710
v  0.026470 -0.635471 -0.031108
v  0.022132 -0.646239 -0.030678
v  0.019320 -0.658301 -0.028182
v  0.025506 -0.668351 -0.018028
v  0.026550 -0.684864 0.000043
v  0.019722 -0.684864 -0.017684
v  0.015705 -0.703817 -0.014069
v  0.020927 -0.703960 0.000043
v  0.015464 -0.718893 0.000043
v  0.011608 -0.718893 -0.010800
v  0.010484 -0.728369 0.000043
v  0.007270 -0.728800 -0.007185
v  0.004057 -0.733108 -0.004260
v  0.000040 -0.728369 -0.010541
v  0.000040 -0.733682 -0.004862
v  0.000040 -0.734974 0.000043
v  0.004459 -0.733969 0.000043
v  0.000040 -0.718175 -0.015877
v  0.000040 -0.703673 -0.020954
v  0.000040 -0.686012 -0.026203
v  0.011528 -0.675674 -0.026805
v  0.015625 -0.667633 -0.027322
v  0.000040 -0.677397 -0.028698
v  0.005824 -0.670218 -0.030333
v  0.000040 -0.670936 -0.030678
v  0.000040 -0.667490 -0.032657
v  0.004137 -0.666341 -0.032829
v  0.000040 -0.667346 -0.034120
v  0.010323 -0.665623 -0.030591
v  0.011930 -0.661316 -0.031710
v  0.007190 -0.664187 -0.033087
v  0.004057 -0.666341 -0.034206
v  0.004057 -0.668639 -0.035496
v  0.000040 -0.669069 -0.034980
v  0.000040 -0.672515 -0.035755
v  0.008797 -0.670649 -0.038250
v  0.008636 -0.682279 -0.040832
v  0.000040 -0.681848 -0.037390
v  0.000040 -0.689458 -0.039283
v  0.006547 -0.690033 -0.042122
v  0.000040 -0.695632 -0.041778
v  0.004298 -0.695920 -0.043671
v  0.002852 -0.698360 -0.044962
v  0.000040 -0.698791 -0.044446
v  0.003013 -0.699222 -0.047716
v  0.000040 -0.700227 -0.047974
v  0.003013 -0.698791 -0.050297
v  0.000040 -0.699222 -0.051330
v  0.005985 -0.696350 -0.047802
v  0.009118 -0.690463 -0.048576
v  0.004700 -0.696350 -0.052277
v  0.000040 -0.696063 -0.054514
v  0.007110 -0.690463 -0.054600
v  0.000040 -0.689889 -0.058214
v  0.009600 -0.682997 -0.056837
v  0.000040 -0.682997 -0.061570
v  0.000040 -0.674956 -0.064840
v  0.011849 -0.673951 -0.059161
v  0.000040 -0.665193 -0.068454
v  0.011930 -0.682853 -0.048404
v  0.014822 -0.672659 -0.048404
v  0.016830 -0.664905 -0.049351
v  0.013858 -0.664905 -0.061312
v  0.015545 -0.657152 -0.063033
v  0.000040 -0.656865 -0.071380
v  0.017071 -0.647245 -0.065959
v  0.000040 -0.646527 -0.074736
v  0.018758 -0.636332 -0.068799
v  0.000040 -0.636619 -0.077748
v  0.000040 -0.625563 -0.080760
v  0.019963 -0.625133 -0.071896
v  0.020686 -0.609482 -0.076371
v  0.000040 -0.608764 -0.084460
v  0.021329 -0.589667 -0.080071
v  0.000040 -0.589954 -0.087128
v  0.020124 -0.568273 -0.082395
v  0.000040 -0.568130 -0.088074
v  0.019883 -0.552192 -0.081706
v  0.000040 -0.550900 -0.086697
v  0.019883 -0.537977 -0.080071
v  0.000040 -0.536685 -0.084890
v  0.019642 -0.523332 -0.077232
v  0.000040 -0.522039 -0.081620
v  0.019401 -0.504953 -0.074306
v  0.000040 -0.503661 -0.076974
v  0.000040 -0.482267 -0.067680
v  0.021730 -0.481836 -0.063980
v  0.000040 -0.467047 -0.059591
v  0.021088 -0.466472 -0.055202
v  0.000040 -0.454842 -0.046425
v  0.017151 -0.454124 -0.042036
v  0.000040 -0.447376 -0.032657
v  0.011126 -0.446945 -0.029645
v  0.000040 -0.443355 -0.020007
v  0.007110 -0.443355 -0.019147
v  0.000040 -0.441919 -0.012865
v  0.006065 -0.442207 -0.012521
v  0.000040 -0.441202 -0.005808
v  0.006226 -0.441489 -0.005808
v  0.000040 -0.441058 -0.000043
v  0.006226 -0.441345 -0.000043
v  0.012813 -0.441919 -0.000043
v  0.012733 -0.442207 -0.005981
v  0.020204 -0.443355 0.000043
v  0.019320 -0.443499 -0.007443
v  0.031210 -0.446801 0.000043
v  0.011207 -0.442494 -0.011230
v  0.014902 -0.443642 -0.015618
v  0.021730 -0.446801 -0.022675
v  0.031049 -0.454268 -0.033517
v  0.039484 -0.465611 -0.042983
v  0.047999 -0.484707 -0.048748
v  0.054024 -0.465467 -0.022072
v  0.042376 -0.454268 -0.016995
v  0.029201 -0.446801 -0.011144
v  0.046232 -0.454555 0.000043
v  0.038922 -0.509835 -0.065098
v  0.034102 -0.525485 -0.067250
v  0.033298 -0.538408 -0.069143
v  0.032816 -0.553915 -0.070520
v  0.032656 -0.567843 -0.070348
v  0.031531 -0.590242 -0.067508
v  0.029282 -0.609482 -0.062861
v  0.026711 -0.623697 -0.058731
v  0.024060 -0.636189 -0.055116
v  0.021329 -0.647245 -0.052449
v  0.018999 -0.656290 -0.050297
v  0.015786 -0.655429 -0.041520
v  0.018838 -0.646383 -0.042811
v  0.022534 -0.635183 -0.045134
v  0.026631 -0.622405 -0.048318
v  0.030647 -0.608764 -0.051330
v  0.035146 -0.589524 -0.054858
v  0.038279 -0.567125 -0.058042
v  0.038841 -0.554346 -0.060107
v  0.038761 -0.538982 -0.058214
v  0.043661 -0.546449 -0.051244
v  0.046312 -0.550182 -0.045306
v  0.048160 -0.553341 -0.042036
v  0.045509 -0.566120 -0.039369
v  0.040769 -0.589380 -0.034894
v  0.034182 -0.608477 -0.034378
v  0.027514 -0.621687 -0.036271
v  0.022855 -0.634322 -0.035410
v  0.018276 -0.646239 -0.034378
v  0.013777 -0.655142 -0.033861
v  0.010484 -0.660598 -0.033345
v  0.007029 -0.664044 -0.034636
v  0.012653 -0.663182 -0.039971
v  0.010162 -0.660454 -0.035238
v  0.013215 -0.654998 -0.036271
v  0.017232 -0.645952 -0.037390
v  0.021329 -0.634322 -0.039111
v  0.025667 -0.621399 -0.041434
v  0.029683 -0.607759 -0.043499
v  0.034985 -0.589093 -0.045737
v  0.039966 -0.566407 -0.049953
v  0.041573 -0.554059 -0.052104
v  0.044786 -0.550613 -0.047200
v  0.043983 -0.553628 -0.046855
v  0.041332 -0.566407 -0.044704
v  0.036431 -0.589237 -0.039799
v  0.031451 -0.607903 -0.037734
v  0.038359 -0.589380 -0.037562
v  0.043902 -0.566263 -0.040918
v  0.046473 -0.553915 -0.043327
v  0.045509 -0.552910 -0.045048
v  0.042376 -0.566407 -0.042811
v  -0.040930 -0.637624 -0.005550
v  -0.042938 -0.638486 0.000043
v  -0.043420 -0.637481 -0.005206
v  -0.040609 -0.638917 0.000043
v  -0.045188 -0.641214 0.000043
v  -0.047116 -0.641501 -0.006067
v  -0.048401 -0.646957 0.000043
v  -0.049927 -0.646814 -0.005120
v  -0.052980 -0.650691 -0.004173
v  -0.052739 -0.651983 0.000043
v  -0.057157 -0.651696 -0.004690
v  -0.057238 -0.653419 0.000043
v  -0.061576 -0.651983 0.000043
v  -0.061094 -0.650691 -0.004260
v  -0.065592 -0.647245 0.000043
v  -0.057398 -0.647962 -0.008046
v  -0.057639 -0.642937 -0.010886
v  -0.063825 -0.647245 -0.005206
v  -0.066235 -0.641358 -0.007443
v  -0.069047 -0.640783 0.000043
v  -0.068806 -0.633173 -0.009165
v  -0.072260 -0.632312 0.000043
v  -0.071617 -0.623122 -0.010627
v  -0.075152 -0.622405 0.000043
v  -0.074429 -0.609051 -0.013123
v  -0.078526 -0.608764 0.000043
v  -0.077321 -0.589811 -0.015618
v  -0.081739 -0.589524 0.000043
v  -0.082221 -0.564109 0.000043
v  -0.078044 -0.564253 -0.016737
v  -0.077803 -0.540418 -0.017856
v  -0.081097 -0.538982 0.000043
v  -0.075795 -0.521178 -0.020265
v  -0.079008 -0.518880 0.000043
v  -0.073304 -0.504953 -0.022933
v  -0.076919 -0.503804 0.000043
v  -0.067440 -0.481549 0.000043
v  -0.063343 -0.481836 -0.023535
v  -0.058041 -0.465180 0.000043
v  -0.061977 -0.510553 -0.043327
v  -0.064789 -0.528644 -0.034980
v  -0.066878 -0.545874 -0.031194
v  -0.068083 -0.565258 -0.028612
v  -0.066396 -0.589954 -0.025859
v  -0.063584 -0.609482 -0.021642
v  -0.061174 -0.624989 -0.017339
v  -0.059487 -0.634466 -0.014328
v  -0.049526 -0.634322 -0.012693
v  -0.044625 -0.633030 -0.011144
v  -0.052257 -0.625276 -0.017253
v  -0.054024 -0.609769 -0.022933
v  -0.056193 -0.589524 -0.029301
v  -0.057800 -0.565545 -0.034292
v  -0.058121 -0.549607 -0.036615
v  -0.053703 -0.536685 -0.041090
v  -0.051293 -0.525629 -0.054256
v  -0.038922 -0.509835 -0.065098
v  -0.047999 -0.484707 -0.048748
v  -0.054024 -0.465467 -0.022072
v  -0.042376 -0.454268 -0.016995
v  -0.046232 -0.454555 0.000043
v  -0.031210 -0.446801 0.000043
v  -0.029201 -0.446801 -0.011144
v  -0.019320 -0.443499 -0.007443
v  -0.020204 -0.443355 0.000043
v  -0.012733 -0.442207 -0.005981
v  -0.012813 -0.441919 -0.000043
v  -0.006226 -0.441489 -0.005808
v  -0.006226 -0.441345 -0.000043
v  0.000040 -0.441058 -0.000043
v  0.000040 -0.441202 -0.005808
v  -0.006065 -0.442207 -0.012521
v  0.000040 -0.441919 -0.012865
v  -0.011206 -0.442494 -0.011230
v  -0.014902 -0.443642 -0.015618
v  -0.007109 -0.443355 -0.019147
v  0.000040 -0.443355 -0.020007
v  -0.011126 -0.446945 -0.029645
v  0.000040 -0.447376 -0.032657
v  -0.021730 -0.446801 -0.022675
v  -0.031049 -0.454268 -0.033517
v  -0.039484 -0.465611 -0.042983
v  -0.021730 -0.481836 -0.063980
v  -0.017151 -0.454124 -0.042036
v  -0.021088 -0.466472 -0.055202
v  0.000040 -0.454842 -0.046425
v  0.000040 -0.467047 -0.059591
v  0.000040 -0.482267 -0.067680
v  -0.019401 -0.504953 -0.074306
v  0.000040 -0.503661 -0.076974
v  0.000040 -0.522039 -0.081620
v  -0.019642 -0.523332 -0.077232
v  0.000040 -0.536685 -0.084890
v  -0.019883 -0.537977 -0.080071
v  0.000040 -0.550900 -0.086697
v  -0.034102 -0.525485 -0.067250
v  -0.042537 -0.530941 -0.056579
v  -0.033298 -0.538408 -0.069143
v  -0.019883 -0.552192 -0.081706
v  0.000040 -0.568130 -0.088074
v  -0.020124 -0.568273 -0.082395
v  0.000040 -0.589954 -0.087128
v  -0.032816 -0.553915 -0.070520
v  -0.038761 -0.538982 -0.058214
v  -0.048080 -0.540705 -0.046253
v  -0.050972 -0.552766 -0.040057
v  -0.046312 -0.550182 -0.045306
v  -0.043661 -0.546449 -0.051244
v  -0.038841 -0.554346 -0.060107
v  -0.032656 -0.567843 -0.070348
v  -0.021329 -0.589667 -0.080071
v  0.000040 -0.608764 -0.084460
v  -0.020686 -0.609482 -0.076371
v  0.000040 -0.625563 -0.080760
v  -0.019963 -0.625133 -0.071896
v  -0.018758 -0.636332 -0.068799
v  0.000040 -0.636619 -0.077748
v  0.000040 -0.646527 -0.074736
v  -0.017071 -0.647245 -0.065959
v  0.000040 -0.656865 -0.071380
v  -0.015544 -0.657152 -0.063033
v  0.000040 -0.665193 -0.068454
v  -0.013857 -0.664905 -0.061312
v  -0.011849 -0.673951 -0.059161
v  0.000040 -0.674956 -0.064840
v  -0.009600 -0.682997 -0.056837
v  0.000040 -0.682997 -0.061570
v  0.000040 -0.689889 -0.058214
v  -0.007109 -0.690463 -0.054600
v  0.000040 -0.696063 -0.054514
v  -0.004699 -0.696350 -0.052277
v  0.000040 -0.699222 -0.051330
v  -0.003012 -0.698791 -0.050297
v  0.000040 -0.700227 -0.047974
v  -0.003012 -0.699222 -0.047716
v  0.000040 -0.698791 -0.044446
v  -0.002852 -0.698360 -0.044962
v  0.000040 -0.695632 -0.041778
v  -0.031531 -0.590242 -0.067508
v  -0.029282 -0.609482 -0.062861
v  -0.005985 -0.696350 -0.047802
v  -0.009118 -0.690463 -0.048576
v  -0.011929 -0.682853 -0.048404
v  -0.004298 -0.695920 -0.043671
v  -0.006547 -0.690033 -0.042122
v  0.000040 -0.689458 -0.039283
v  -0.008636 -0.682279 -0.040832
v  0.000040 -0.681848 -0.037390
v  0.000040 -0.672515 -0.035755
v  -0.008796 -0.670649 -0.038250
v  -0.014821 -0.672659 -0.048404
v  -0.016830 -0.664905 -0.049351
v  -0.012652 -0.663182 -0.039971
v  -0.007029 -0.664044 -0.034636
v  -0.004057 -0.668639 -0.035496
v  -0.004057 -0.666341 -0.034206
v  0.000040 -0.667346 -0.034120
v  -0.004137 -0.666341 -0.032829
v  0.000040 -0.667490 -0.032657
v  0.000040 -0.669069 -0.034980
v  -0.007190 -0.664187 -0.033087
v  -0.005824 -0.670218 -0.030333
v  -0.010323 -0.665623 -0.030591
v  -0.015625 -0.667633 -0.027322
v  -0.011929 -0.661316 -0.031710
v  -0.010483 -0.660598 -0.033345
v  -0.010162 -0.660454 -0.035238
v  -0.015785 -0.655429 -0.041520
v  -0.018999 -0.656290 -0.050297
v  -0.021329 -0.647245 -0.052449
v  0.000040 -0.670936 -0.030678
v  0.000040 -0.677397 -0.028698
v  -0.011528 -0.675674 -0.026805
v  0.000040 -0.686012 -0.026203
v  -0.018838 -0.646383 -0.042811
v  -0.024060 -0.636189 -0.055116
v  -0.022534 -0.635183 -0.045134
v  -0.026711 -0.623697 -0.058731
v  -0.030647 -0.608764 -0.051330
v  -0.026631 -0.622405 -0.048318
v  -0.025667 -0.621399 -0.041434
v  -0.021329 -0.634322 -0.039111
v  -0.035146 -0.589524 -0.054858
v  -0.029683 -0.607759 -0.043499
v  -0.038279 -0.567125 -0.058042
v  -0.041573 -0.554059 -0.052104
v  -0.044786 -0.550613 -0.047200
v  -0.039966 -0.566407 -0.049953
v  -0.043983 -0.553628 -0.046855
v  -0.041332 -0.566407 -0.044704
v  -0.034985 -0.589093 -0.045737
v  -0.036431 -0.589237 -0.039799
v  -0.031451 -0.607903 -0.037734
v  -0.027514 -0.621687 -0.036271
v  -0.042376 -0.566407 -0.042811
v  -0.038359 -0.589380 -0.037562
v  -0.034182 -0.608477 -0.034378
v  -0.045509 -0.552910 -0.045048
v  -0.048160 -0.553341 -0.042036
v  -0.046473 -0.553915 -0.043327
v  -0.043902 -0.566263 -0.040918
v  -0.045509 -0.566120 -0.039369
v  -0.048481 -0.565976 -0.037390
v  -0.047196 -0.588949 -0.029903
v  -0.043822 -0.589237 -0.031624
v  -0.040769 -0.589380 -0.034894
v  -0.038359 -0.609195 -0.029301
v  -0.043019 -0.609338 -0.023707
v  -0.046393 -0.609195 -0.022417
v  -0.046152 -0.624271 -0.016221
v  -0.041974 -0.632886 -0.011488
v  -0.037074 -0.635040 -0.017167
v  -0.042778 -0.623984 -0.016909
v  -0.035869 -0.623840 -0.025600
v  -0.031210 -0.622405 -0.031710
v  -0.022855 -0.634322 -0.035410
v  -0.017231 -0.645952 -0.037390
v  -0.013215 -0.654998 -0.036271
v  -0.018276 -0.646239 -0.034378
v  -0.026470 -0.635471 -0.031108
v  -0.031290 -0.634322 -0.026461
v  -0.033138 -0.640352 -0.021126
v  -0.022132 -0.646239 -0.030678
v  -0.013777 -0.655142 -0.033861
v  -0.019320 -0.658301 -0.028182
v  -0.025506 -0.668351 -0.018028
v  -0.019722 -0.684864 -0.017684
v  -0.015705 -0.703817 -0.014069
v  0.000040 -0.703673 -0.020954
v  0.000040 -0.718175 -0.015877
v  -0.011608 -0.718893 -0.010800
v  0.000040 -0.728369 -0.010541
v  -0.007270 -0.728800 -0.007185
v  -0.004057 -0.733108 -0.004260
v  -0.010483 -0.728369 0.000043
v  -0.004458 -0.733969 0.000043
v  0.000040 -0.734974 0.000043
v  0.000040 -0.733682 -0.004862
v  -0.015464 -0.718893 0.000043
v  -0.020927 -0.703960 0.000043
v  -0.026550 -0.684864 0.000043
v  -0.031210 -0.668639 0.000043
v  -0.032013 -0.650547 -0.017081
v  -0.037636 -0.642075 -0.009595
v  -0.038199 -0.644373 0.000043
v  -0.036030 -0.651696 0.000043
v  0.040930 -0.637624 0.005550
v  0.042938 -0.638486 0.000043
v  0.043420 -0.637481 0.005206
v  0.040609 -0.638917 0.000043
v  0.045188 -0.641214 0.000043
v  0.047116 -0.641501 0.006067
v  0.048401 -0.646957 0.000043
v  0.049927 -0.646814 0.005120
v  0.052980 -0.650691 0.004174
v  0.052739 -0.651983 0.000043
v  0.057157 -0.651696 0.004690
v  0.057238 -0.653419 0.000043
v  0.061576 -0.651983 0.000043
v  0.061094 -0.650691 0.004260
v  0.065592 -0.647245 0.000043
v  0.057398 -0.647962 0.008046
v  0.057639 -0.642937 0.010886
v  0.063825 -0.647245 0.005206
v  0.066235 -0.641358 0.007444
v  0.069047 -0.640783 0.000043
v  0.068806 -0.633173 0.009165
v  0.072260 -0.632312 0.000043
v  0.071617 -0.623122 0.010627
v  0.075152 -0.622405 0.000043
v  0.074429 -0.609051 0.013123
v  0.078526 -0.608764 0.000043
v  0.077321 -0.589811 0.015618
v  0.081739 -0.589524 0.000043
v  0.082221 -0.564109 0.000043
v  0.078044 -0.564253 0.016737
v  0.077803 -0.540418 0.017856
v  0.081097 -0.538982 0.000043
v  0.075795 -0.521178 0.020265
v  0.079008 -0.518880 0.000043
v  0.073304 -0.504953 0.022933
v  0.076919 -0.503804 0.000043
v  0.067440 -0.481549 0.000043
v  0.063343 -0.481836 0.023535
v  0.058041 -0.465180 0.000043
v  0.061977 -0.510553 0.043327
v  0.064789 -0.528644 0.034980
v  0.066878 -0.545874 0.031194
v  0.068083 -0.565258 0.028612
v  0.066396 -0.589955 0.025859
v  0.063584 -0.609482 0.021642
v  0.061174 -0.624989 0.017340
v  0.059487 -0.634466 0.014328
v  0.049526 -0.634322 0.012693
v  0.044625 -0.633030 0.011144
v  0.052257 -0.625276 0.017253
v  0.054024 -0.609769 0.022933
v  0.056193 -0.589524 0.029301
v  0.057800 -0.565545 0.034292
v  0.058121 -0.549607 0.036615
v  0.053703 -0.536685 0.041090
v  0.051293 -0.525629 0.054256
v  0.038922 -0.509835 0.065098
v  0.047999 -0.484707 0.048749
v  0.054024 -0.465467 0.022072
v  0.042376 -0.454268 0.016995
v  0.046232 -0.454555 0.000043
v  0.031210 -0.446801 0.000043
v  0.029201 -0.446801 0.011144
v  0.019320 -0.443499 0.007444
v  0.020204 -0.443355 0.000043
v  0.012733 -0.442207 0.005981
v  0.012813 -0.441919 -0.000043
v  0.006226 -0.441489 0.005809
v  0.006226 -0.441345 -0.000043
v  0.000040 -0.441058 -0.000043
v  0.000040 -0.441202 0.005809
v  0.006065 -0.442207 0.012521
v  0.000040 -0.441919 0.012865
v  0.011207 -0.442494 0.011230
v  0.014902 -0.443642 0.015619
v  0.007110 -0.443355 0.019147
v  0.000040 -0.443355 0.020007
v  0.011126 -0.446945 0.029645
v  0.000040 -0.447376 0.032657
v  0.021730 -0.446801 0.022675
v  0.031049 -0.454268 0.033517
v  0.039484 -0.465611 0.042983
v  0.021730 -0.481836 0.063980
v  0.017151 -0.454124 0.042036
v  0.021088 -0.466472 0.055202
v  0.000040 -0.454842 0.046425
v  0.000040 -0.467047 0.059591
v  0.000040 -0.482267 0.067680
v  0.019401 -0.504953 0.074306
v  0.000040 -0.503661 0.076974
v  0.000040 -0.522039 0.081620
v  0.019642 -0.523332 0.077232
v  0.000040 -0.536685 0.084890
v  0.019883 -0.537977 0.080072
v  0.000040 -0.550900 0.086698
v  0.034102 -0.525485 0.067250
v  0.042537 -0.530941 0.056579
v  0.033298 -0.538408 0.069143
v  0.019883 -0.552192 0.081707
v  0.000040 -0.568130 0.088074
v  0.020124 -0.568273 0.082395
v  0.000040 -0.589955 0.087128
v  0.032816 -0.553915 0.070520
v  0.038761 -0.538982 0.058214
v  0.048080 -0.540705 0.046253
v  0.050972 -0.552766 0.040057
v  0.046312 -0.550182 0.045306
v  0.043661 -0.546449 0.051244
v  0.038841 -0.554346 0.060107
v  0.032656 -0.567843 0.070348
v  0.021329 -0.589667 0.080072
v  0.000040 -0.608764 0.084460
v  0.020686 -0.609482 0.076371
v  0.000040 -0.625563 0.080760
v  0.019963 -0.625133 0.071897
v  0.018758 -0.636332 0.068799
v  0.000040 -0.636619 0.077748
v  0.000040 -0.646527 0.074736
v  0.017071 -0.647245 0.065959
v  0.000040 -0.656865 0.071380
v  0.015545 -0.657152 0.063033
v  0.000040 -0.665193 0.068454
v  0.013858 -0.664905 0.061312
v  0.011849 -0.673951 0.059161
v  0.000040 -0.674956 0.064840
v  0.009600 -0.682997 0.056837
v  0.000040 -0.682997 0.061570
v  0.000040 -0.689889 0.058214
v  0.007110 -0.690463 0.054600
v  0.000040 -0.696063 0.054514
v  0.004700 -0.696350 0.052277
v  0.000040 -0.699222 0.051330
v  0.003013 -0.698791 0.050297
v  0.000040 -0.700227 0.047974
v  0.003013 -0.699222 0.047716
v  0.000040 -0.698791 0.044446
v  0.002852 -0.698360 0.044962
v  0.000040 -0.695632 0.041778
v  0.031531 -0.590242 0.067508
v  0.029282 -0.609482 0.062861
v  0.005985 -0.696350 0.047802
v  0.009118 -0.690463 0.048576
v  0.011930 -0.682853 0.048404
v  0.004298 -0.695920 0.043671
v  0.006547 -0.690033 0.042123
v  0.000040 -0.689458 0.039283
v  0.008636 -0.682279 0.040832
v  0.000040 -0.681848 0.037390
v  0.000040 -0.672515 0.035755
v  0.008797 -0.670649 0.038250
v  0.014822 -0.672659 0.048404
v  0.016830 -0.664905 0.049351
v  0.012653 -0.663182 0.039971
v  0.007029 -0.664044 0.034636
v  0.004057 -0.668639 0.035497
v  0.004057 -0.666341 0.034206
v  0.000040 -0.667346 0.034120
v  0.004137 -0.666341 0.032829
v  0.000040 -0.667490 0.032657
v  0.000040 -0.669069 0.034980
v  0.007190 -0.664187 0.033087
v  0.005824 -0.670218 0.030333
v  0.010323 -0.665623 0.030592
v  0.015625 -0.667633 0.027322
v  0.011930 -0.661316 0.031710
v  0.010484 -0.660598 0.033345
v  0.010162 -0.660454 0.035238
v  0.015786 -0.655429 0.041520
v  0.018999 -0.656290 0.050297
v  0.021329 -0.647245 0.052449
v  0.000040 -0.670936 0.030678
v  0.000040 -0.677397 0.028698
v  0.011528 -0.675674 0.026805
v  0.000040 -0.686012 0.026203
v  0.018838 -0.646383 0.042811
v  0.024060 -0.636189 0.055116
v  0.022534 -0.635183 0.045134
v  0.026711 -0.623697 0.058731
v  0.030647 -0.608764 0.051330
v  0.026631 -0.622405 0.048318
v  0.025667 -0.621399 0.041434
v  0.021329 -0.634322 0.039111
v  0.035146 -0.589524 0.054858
v  0.029683 -0.607759 0.043499
v  0.038279 -0.567125 0.058042
v  0.041573 -0.554059 0.052105
v  0.044786 -0.550613 0.047200
v  0.039966 -0.566407 0.049953
v  0.043983 -0.553628 0.046855
v  0.041332 -0.566407 0.044704
v  0.034985 -0.589093 0.045737
v  0.036431 -0.589237 0.039799
v  0.031451 -0.607903 0.037734
v  0.027514 -0.621687 0.036271
v  0.042376 -0.566407 0.042811
v  0.038359 -0.589380 0.037562
v  0.034182 -0.608477 0.034378
v  0.045509 -0.552910 0.045048
v  0.048160 -0.553341 0.042036
v  0.046473 -0.553915 0.043327
v  0.043902 -0.566263 0.040918
v  0.045509 -0.566120 0.039369
v  0.048481 -0.565976 0.037390
v  0.047196 -0.588949 0.029903
v  0.043822 -0.589237 0.031624
v  0.040769 -0.589380 0.034894
v  0.038359 -0.609195 0.029301
v  0.043019 -0.609338 0.023707
v  0.046393 -0.609195 0.022417
v  0.046152 -0.624271 0.016221
v  0.041974 -0.632886 0.011488
v  0.037074 -0.635040 0.017167
v  0.042778 -0.623984 0.016909
v  0.035869 -0.623840 0.025601
v  0.031210 -0.622405 0.031710
v  0.022855 -0.634322 0.035410
v  0.017232 -0.645952 0.037390
v  0.013215 -0.654998 0.036271
v  0.018276 -0.646239 0.034378
v  0.026470 -0.635471 0.031108
v  0.031290 -0.634322 0.026461
v  0.033138 -0.640352 0.021126
v  0.022132 -0.646239 0.030678
v  0.013777 -0.655142 0.033862
v  0.019320 -0.658301 0.028182
v  0.025506 -0.668351 0.018028
v  0.019722 -0.684864 0.017684
v  0.015705 -0.703817 0.014070
v  0.000040 -0.703673 0.020954
v  0.000040 -0.718175 0.015877
v  0.011608 -0.718893 0.010800
v  0.000040 -0.728369 0.010541
v  0.007270 -0.728800 0.007185
v  0.004057 -0.733108 0.004260
v  0.010484 -0.728369 0.000043
v  0.004459 -0.733969 0.000043
v  0.000040 -0.734974 0.000043
v  0.000040 -0.733682 0.004862
v  0.015464 -0.718893 0.000043
v  0.020927 -0.703960 0.000043
v  0.026550 -0.684864 0.000043
v  0.031210 -0.668639 0.000043
v  0.032013 -0.650547 0.017081
v  0.037636 -0.642075 0.009595
v  0.038199 -0.644373 0.000043
v  0.036030 -0.651696 0.000043
v  -0.040930 -0.637624 0.005550
v  -0.042938 -0.638486 0.000043
v  -0.040609 -0.638917 0.000043
v  -0.043420 -0.637481 0.005206
v  -0.045188 -0.641214 0.000043
v  -0.047116 -0.641501 0.006067
v  -0.048401 -0.646957 0.000043
v  -0.049927 -0.646814 0.005120
v  -0.052980 -0.650691 0.004174
v  -0.052739 -0.651983 0.000043
v  -0.057157 -0.651696 0.004690
v  -0.057238 -0.653419 0.000043
v  -0.061576 -0.651983 0.000043
v  -0.061094 -0.650691 0.004260
v  -0.065592 -0.647245 0.000043
v  -0.057398 -0.647962 0.008046
v  -0.057639 -0.642937 0.010886
v  -0.063825 -0.647245 0.005206
v  -0.066235 -0.641358 0.007444
v  -0.069047 -0.640783 0.000043
v  -0.068806 -0.633173 0.009165
v  -0.072260 -0.632312 0.000043
v  -0.059487 -0.634466 0.014328
v  -0.049526 -0.634322 0.012693
v  -0.044625 -0.633030 0.011144
v  -0.041974 -0.632886 0.011488
v  -0.046152 -0.624271 0.016221
v  -0.052257 -0.625276 0.017253
v  -0.061174 -0.624989 0.017340
v  -0.071617 -0.623122 0.010627
v  -0.075152 -0.622405 0.000043
v  -0.074429 -0.609051 0.013123
v  -0.078526 -0.608764 0.000043
v  -0.063584 -0.609482 0.021642
v  -0.054024 -0.609769 0.022933
v  -0.046393 -0.609195 0.022417
v  -0.042778 -0.623984 0.016909
v  -0.037074 -0.635040 0.017167
v  -0.037636 -0.642075 0.009595
v  -0.038199 -0.644373 0.000043
v  -0.036030 -0.651696 0.000043
v  -0.032013 -0.650547 0.017081
v  -0.031210 -0.668639 0.000043
v  -0.033138 -0.640352 0.021126
v  -0.031290 -0.634322 0.026461
v  -0.035869 -0.623840 0.025601
v  -0.043019 -0.609338 0.023707
v  -0.047196 -0.588949 0.029903
v  -0.056193 -0.589524 0.029301
v  -0.066396 -0.589955 0.025859
v  -0.077321 -0.589811 0.015618
v  -0.081739 -0.589524 0.000043
v  -0.082221 -0.564109 0.000043
v  -0.078044 -0.564253 0.016737
v  -0.077803 -0.540418 0.017856
v  -0.081097 -0.538982 0.000043
v  -0.075795 -0.521178 0.020265
v  -0.079008 -0.518880 0.000043
v  -0.073304 -0.504953 0.022933
v  -0.076919 -0.503804 0.000043
v  -0.067440 -0.481549 0.000043
v  -0.063343 -0.481836 0.023535
v  -0.058041 -0.465180 0.000043
v  -0.061977 -0.510553 0.043327
v  -0.064789 -0.528644 0.034980
v  -0.066878 -0.545874 0.031194
v  -0.068083 -0.565258 0.028612
v  -0.057800 -0.565545 0.034292
v  -0.058121 -0.549607 0.036615
v  -0.053703 -0.536685 0.041090
v  -0.051293 -0.525629 0.054256
v  -0.042537 -0.530941 0.056579
v  -0.048080 -0.540705 0.046253
v  -0.050972 -0.552766 0.040057
v  -0.048481 -0.565976 0.037390
v  -0.043822 -0.589237 0.031624
v  -0.038359 -0.609195 0.029301
v  -0.031210 -0.622405 0.031710
v  -0.026470 -0.635471 0.031108
v  -0.022132 -0.646239 0.030678
v  -0.019320 -0.658301 0.028182
v  -0.025506 -0.668351 0.018028
v  -0.026550 -0.684864 0.000043
v  -0.019722 -0.684864 0.017684
v  -0.015705 -0.703817 0.014070
v  -0.020927 -0.703960 0.000043
v  -0.015464 -0.718893 0.000043
v  -0.011608 -0.718893 0.010800
v  -0.010483 -0.728369 0.000043
v  -0.007270 -0.728800 0.007185
v  -0.004057 -0.733108 0.004260
v  0.000040 -0.728369 0.010541
v  0.000040 -0.733682 0.004862
v  0.000040 -0.734974 0.000043
v  -0.004458 -0.733969 0.000043
v  0.000040 -0.718175 0.015877
v  0.000040 -0.703673 0.020954
v  0.000040 -0.686012 0.026203
v  -0.011528 -0.675674 0.026805
v  -0.015625 -0.667633 0.027322
v  0.000040 -0.677397 0.028698
v  -0.005824 -0.670218 0.030333
v  0.000040 -0.670936 0.030678
v  0.000040 -0.667490 0.032657
v  -0.004137 -0.666341 0.032829
v  0.000040 -0.667346 0.034120
v  -0.010323 -0.665623 0.030592
v  -0.011929 -0.661316 0.031710
v  -0.007190 -0.664187 0.033087
v  -0.004057 -0.666341 0.034206
v  -0.004057 -0.668639 0.035497
v  0.000040 -0.669069 0.034980
v  0.000040 -0.672515 0.035755
v  -0.008796 -0.670649 0.038250
v  -0.008636 -0.682279 0.040832
v  0.000040 -0.681848 0.037390
v  0.000040 -0.689458 0.039283
v  -0.006547 -0.690033 0.042123
v  0.000040 -0.695632 0.041778
v  -0.004298 -0.695920 0.043671
v  -0.002852 -0.698360 0.044962
v  0.000040 -0.698791 0.044446
v  -0.003012 -0.699222 0.047716
v  0.000040 -0.700227 0.047974
v  -0.003012 -0.698791 0.050297
v  0.000040 -0.699222 0.051330
v  -0.005985 -0.696350 0.047802
v  -0.009118 -0.690463 0.048576
v  -0.004699 -0.696350 0.052277
v  0.000040 -0.696063 0.054514
v  -0.007109 -0.690463 0.054600
v  0.000040 -0.689889 0.058214
v  -0.009600 -0.682997 0.056837
v  0.000040 -0.682997 0.061570
v  0.000040 -0.674956 0.064840
v  -0.011849 -0.673951 0.059161
v  0.000040 -0.665193 0.068454
v  -0.011929 -0.682853 0.048404
v  -0.014821 -0.672659 0.048404
v  -0.016830 -0.664905 0.049351
v  -0.013857 -0.664905 0.061312
v  -0.015544 -0.657152 0.063033
v  0.000040 -0.656865 0.071380
v  -0.017071 -0.647245 0.065959
v  0.000040 -0.646527 0.074736
v  -0.018758 -0.636332 0.068799
v  0.000040 -0.636619 0.077748
v  0.000040 -0.625563 0.080760
v  -0.019963 -0.625133 0.071897
v  -0.020686 -0.609482 0.076371
v  0.000040 -0.608764 0.084460
v  -0.021329 -0.589667 0.080072
v  0.000040 -0.589955 0.087128
v  -0.020124 -0.568273 0.082395
v  0.000040 -0.568130 0.088074
v  -0.019883 -0.552192 0.081707
v  0.000040 -0.550900 0.086698
v  -0.019883 -0.537977 0.080072
v  0.000040 -0.536685 0.084890
v  -0.019642 -0.523332 0.077232
v  0.000040 -0.522039 0.081620
v  -0.019401 -0.504953 0.074306
v  0.000040 -0.503661 0.076974
v  0.000040 -0.482267 0.067680
v  -0.021730 -0.481836 0.063980
v  0.000040 -0.467047 0.059591
v  -0.021088 -0.466472 0.055202
v  0.000040 -0.454842 0.046425
v  -0.017151 -0.454124 0.042036
v  0.000040 -0.447376 0.032657
v  -0.011126 -0.446945 0.029645
v  0.000040 -0.443355 0.020007
v  -0.007109 -0.443355 0.019147
v  0.000040 -0.441919 0.012865
v  -0.006065 -0.442207 0.012521
v  0.000040 -0.441202 0.005809
v  -0.006226 -0.441489 0.005809
v  0.000040 -0.441058 -0.000043
v  -0.006226 -0.441345 -0.000043
v  -0.012813 -0.441919 -0.000043
v  -0.012733 -0.442207 0.005981
v  -0.020204 -0.443355 0.000043
v  -0.019320 -0.443499 0.007444
v  -0.031210 -0.446801 0.000043
v  -0.011206 -0.442494 0.011230
v  -0.014902 -0.443642 0.015619
v  -0.021730 -0.446801 0.022675
v  -0.031049 -0.454268 0.033517
v  -0.039484 -0.465611 0.042983
v  -0.047999 -0.484707 0.048749
v  -0.054024 -0.465467 0.022072
v  -0.042376 -0.454268 0.016995
v  -0.029201 -0.446801 0.011144
v  -0.046232 -0.454555 0.000043
v  -0.038922 -0.509835 0.065098
v  -0.034102 -0.525485 0.067250
v  -0.033298 -0.538408 0.069143
v  -0.032816 -0.553915 0.070520
v  -0.032656 -0.567843 0.070348
v  -0.031531 -0.590242 0.067508
v  -0.029282 -0.609482 0.062861
v  -0.026711 -0.623697 0.058731
v  -0.024060 -0.636189 0.055116
v  -0.021329 -0.647245 0.052449
v  -0.018999 -0.656290 0.050297
v  -0.015785 -0.655429 0.041520
v  -0.018838 -0.646383 0.042811
v  -0.022534 -0.635183 0.045134
v  -0.026631 -0.622405 0.048318
v  -0.030647 -0.608764 0.051330
v  -0.035146 -0.589524 0.054858
v  -0.038279 -0.567125 0.058042
v  -0.038841 -0.554346 0.060107
v  -0.038761 -0.538982 0.058214
v  -0.043661 -0.546449 0.051244
v  -0.046312 -0.550182 0.045306
v  -0.048160 -0.553341 0.042036
v  -0.045509 -0.566120 0.039369
v  -0.040769 -0.589380 0.034894
v  -0.034182 -0.608477 0.034378
v  -0.027514 -0.621687 0.036271
v  -0.022855 -0.634322 0.035410
v  -0.018276 -0.646239 0.034378
v  -0.013777 -0.655142 0.033862
v  -0.010483 -0.660598 0.033345
v  -0.007029 -0.664044 0.034636
v  -0.012652 -0.663182 0.039971
v  -0.010162 -0.660454 0.035238
v  -0.013215 -0.654998 0.036271
v  -0.017231 -0.645952 0.037390
v  -0.021329 -0.634322 0.039111
v  -0.025667 -0.621399 0.041434
v  -0.029683 -0.607759 0.043499
v  -0.034985 -0.589093 0.045737
v  -0.039966 -0.566407 0.049953
v  -0.041573 -0.554059 0.052105
v  -0.044786 -0.550613 0.047200
v  -0.043983 -0.553628 0.046855
v  -0.041332 -0.566407 0.044704
v  -0.036431 -0.589237 0.039799
v  -0.031451 -0.607903 0.037734
v  -0.038359 -0.589380 0.037562
v  -0.043902 -0.566263 0.040918
v  -0.046473 -0.553915 0.043327
v  -0.045509 -0.552910 0.045048
v  -0.042376 -0.566407 0.042811

vt  0.755935 -0.197448 0.000000
vt  0.747969 -0.192077 0.000000
vt  0.754683 -0.199620 0.000000
vt  0.746148 -0.196077 0.000000
vt  0.756049 -0.205449 0.000000
vt  0.747058 -0.207734 0.000000
vt  0.760715 -0.218478 0.000000
vt  0.752635 -0.219849 0.000000
vt  0.755821 -0.229335 0.000000
vt  0.762422 -0.232192 0.000000
vt  0.753204 -0.235164 0.000000
vt  0.759349 -0.240192 0.000000
vt  0.752862 -0.245107 0.000000
vt  0.748765 -0.239050 0.000000
vt  0.740458 -0.247621 0.000000
vt  0.745579 -0.229564 0.000000
vt  0.736361 -0.222478 0.000000
vt  0.740572 -0.238707 0.000000
vt  0.728054 -0.234707 0.000000
vt  0.725778 -0.247164 0.000000
vt  0.711553 -0.230592 0.000000
vt  0.708025 -0.246135 0.000000
vt  0.719632 -0.214706 0.000000
vt  0.728281 -0.199848 0.000000
vt  0.731126 -0.190820 0.000000
vt  0.732606 -0.186362 0.000000
vt  0.708025 -0.185334 0.000000
vt  0.705862 -0.195620 0.000000
vt  0.699376 -0.208992 0.000000
vt  0.690386 -0.227964 0.000000
vt  0.687313 -0.245793 0.000000
vt  0.659887 -0.224649 0.000000
vt  0.657838 -0.246593 0.000000
vt  0.664780 -0.202934 0.000000
vt  0.669560 -0.188191 0.000000
vt  0.671950 -0.176191 0.000000
vt  0.708821 -0.179734 0.000000
vt  0.736589 -0.172876 0.000000
vt  0.755480 -0.180419 0.000000
vt  0.765949 -0.193334 0.000000
vt  0.780174 -0.188877 0.000000
vt  0.772436 -0.161676 0.000000
vt  0.814884 -0.183505 0.000000
vt  0.748310 -0.161333 0.000000
vt  0.733402 -0.154133 0.000000
vt  0.708366 -0.161333 0.000000
vt  0.673315 -0.170590 0.000000
vt  0.624267 -0.167162 0.000000
vt  0.622560 -0.181219 0.000000
vt  0.620625 -0.198134 0.000000
vt  0.617439 -0.221563 0.000000
vt  0.615277 -0.247278 0.000000
vt  0.558490 -0.244878 0.000000
vt  0.560880 -0.217335 0.000000
vt  0.507621 -0.212763 0.000000
vt  0.501590 -0.241564 0.000000
vt  0.464718 -0.206020 0.000000
vt  0.455386 -0.238135 0.000000
vt  0.429098 -0.198363 0.000000
vt  0.419994 -0.233792 0.000000
vt  0.369922 -0.222135 0.000000
vt  0.380050 -0.185791 0.000000
vt  0.337147 -0.209677 0.000000
vt  0.444234 -0.162819 0.000000
vt  0.484064 -0.177105 0.000000
vt  0.522074 -0.185562 0.000000
vt  0.565204 -0.192648 0.000000
vt  0.568049 -0.174133 0.000000
vt  0.532088 -0.169676 0.000000
vt  0.503866 -0.158133 0.000000
vt  0.477578 -0.139504 0.000000
vt  0.491120 -0.127161 0.000000
vt  0.513084 -0.146133 0.000000
vt  0.540396 -0.157447 0.000000
vt  0.571122 -0.158704 0.000000
vt  0.625633 -0.161333 0.000000
vt  0.673088 -0.159047 0.000000
vt  0.704838 -0.148647 0.000000
vt  0.735792 -0.142704 0.000000
vt  0.761511 -0.135618 0.000000
vt  0.790872 -0.133447 0.000000
vt  0.812722 -0.153447 0.000000
vt  0.849707 -0.183162 0.000000
vt  0.850731 -0.153447 0.000000
vt  0.893975 -0.160304 0.000000
vt  0.892951 -0.184077 0.000000
vt  0.927888 -0.183277 0.000000
vt  0.928343 -0.164990 0.000000
vt  0.950876 -0.180876 0.000000
vt  0.951559 -0.168190 0.000000
vt  0.962939 -0.169790 0.000000
vt  0.954859 -0.155619 0.000000
vt  0.967605 -0.164990 0.000000
vt  0.972840 -0.171619 0.000000
vt  0.966353 -0.175848 0.000000
vt  0.932326 -0.145218 0.000000
vt  0.900462 -0.133904 0.000000
vt  0.861770 -0.121789 0.000000
vt  0.833320 -0.131275 0.000000
vt  0.813518 -0.131618 0.000000
vt  0.843903 -0.115732 0.000000
vt  0.824329 -0.118017 0.000000
vt  0.830816 -0.110817 0.000000
vt  0.824557 -0.108074 0.000000
vt  0.817729 -0.110703 0.000000
vt  0.824215 -0.106931 0.000000
vt  0.811470 -0.120760 0.000000
vt  0.800317 -0.120303 0.000000
vt  0.809877 -0.113332 0.000000
vt  0.816932 -0.108532 0.000000
vt  0.819663 -0.103160 0.000000
vt  0.826036 -0.104646 0.000000
vt  0.830361 -0.099274 0.000000
vt  0.815908 -0.094588 0.000000
vt  0.833889 -0.074359 0.000000
vt  0.844700 -0.083959 0.000000
vt  0.855625 -0.070016 0.000000
vt  0.847317 -0.062473 0.000000
vt  0.863135 -0.056644 0.000000
vt  0.856763 -0.052759 0.000000
vt  0.860290 -0.047615 0.000000
vt  0.864842 -0.047273 0.000000
vt  0.859039 -0.043158 0.000000
vt  0.862908 -0.040072 0.000000
vt  0.856080 -0.040415 0.000000
vt  0.857901 -0.035615 0.000000
vt  0.852666 -0.047273 0.000000
vt  0.840830 -0.054016 0.000000
vt  0.849479 -0.040987 0.000000
vt  0.848796 -0.032872 0.000000
vt  0.836620 -0.045101 0.000000
vt  0.833206 -0.033101 0.000000
vt  0.820801 -0.051844 0.000000
vt  0.816932 -0.035501 0.000000
vt  0.799521 -0.038930 0.000000
vt  0.802480 -0.060073 0.000000
vt  0.779378 -0.042472 0.000000
vt  0.826719 -0.063959 0.000000
vt  0.807714 -0.077331 0.000000
vt  0.792237 -0.085559 0.000000
vt  0.784044 -0.067045 0.000000
vt  0.767998 -0.071845 0.000000
vt  0.762535 -0.044073 0.000000
vt  0.746489 -0.075045 0.000000
vt  0.741255 -0.044530 0.000000
vt  0.722705 -0.077445 0.000000
vt  0.720429 -0.043844 0.000000
vt  0.697100 -0.042701 0.000000
vt  0.697896 -0.077559 0.000000
vt  0.663187 -0.075502 0.000000
vt  0.660911 -0.040072 0.000000
vt  0.619374 -0.073673 0.000000
vt  0.619146 -0.037901 0.000000
vt  0.572146 -0.071159 0.000000
vt  0.570212 -0.037787 0.000000
vt  0.536527 -0.072188 0.000000
vt  0.531633 -0.039501 0.000000
vt  0.504776 -0.074245 0.000000
vt  0.499314 -0.041672 0.000000
vt  0.471660 -0.076645 0.000000
vt  0.465515 -0.044758 0.000000
vt  0.430009 -0.079616 0.000000
vt  0.422270 -0.049673 0.000000
vt  0.373564 -0.059730 0.000000
vt  0.380847 -0.093674 0.000000
vt  0.342951 -0.070245 0.000000
vt  0.351828 -0.103046 0.000000
vt  0.313704 -0.085445 0.000000
vt  0.322353 -0.112417 0.000000
vt  0.291058 -0.101674 0.000000
vt  0.298113 -0.118932 0.000000
vt  0.273760 -0.116646 0.000000
vt  0.280247 -0.126246 0.000000
vt  0.264884 -0.125103 0.000000
vt  0.271143 -0.132647 0.000000
vt  0.256576 -0.133447 0.000000
vt  0.263632 -0.140532 0.000000
vt  0.250089 -0.140075 0.000000
vt  0.257145 -0.147276 0.000000
vt  0.264770 -0.155047 0.000000
vt  0.271256 -0.148076 0.000000
vt  0.273760 -0.163847 0.000000
vt  0.280702 -0.153904 0.000000
vt  0.288327 -0.176991 0.000000
vt  0.275467 -0.140075 0.000000
vt  0.284571 -0.139275 0.000000
vt  0.300845 -0.139275 0.000000
vt  0.326450 -0.137904 0.000000
vt  0.353762 -0.136875 0.000000
vt  0.390178 -0.140532 0.000000
vt  0.349552 -0.176191 0.000000
vt  0.322353 -0.169219 0.000000
vt  0.297203 -0.161104 0.000000
vt  0.312339 -0.194820 0.000000
vt  0.443210 -0.112875 0.000000
vt  0.478033 -0.104989 0.000000
vt  0.507052 -0.102017 0.000000
vt  0.541420 -0.099503 0.000000
vt  0.572374 -0.098817 0.000000
vt  0.622674 -0.099274 0.000000
vt  0.666260 -0.100874 0.000000
vt  0.699034 -0.101674 0.000000
vt  0.727826 -0.100646 0.000000
vt  0.753317 -0.097103 0.000000
vt  0.773802 -0.092874 0.000000
vt  0.779378 -0.107503 0.000000
vt  0.757414 -0.112989 0.000000
vt  0.730557 -0.116875 0.000000
vt  0.700172 -0.118703 0.000000
vt  0.668194 -0.119389 0.000000
vt  0.623357 -0.120075 0.000000
vt  0.572260 -0.120303 0.000000
vt  0.543241 -0.118818 0.000000
vt  0.509100 -0.121675 0.000000
vt  0.526057 -0.135389 0.000000
vt  0.534820 -0.145904 0.000000
vt  0.542103 -0.152076 0.000000
vt  0.571805 -0.153104 0.000000
vt  0.626088 -0.154247 0.000000
vt  0.671495 -0.148647 0.000000
vt  0.702562 -0.139047 0.000000
vt  0.732606 -0.133675 0.000000
vt  0.761397 -0.126932 0.000000
vt  0.783930 -0.120418 0.000000
vt  0.798724 -0.116646 0.000000
vt  0.808852 -0.110703 0.000000
vt  0.798155 -0.102131 0.000000
vt  0.797700 -0.113446 0.000000
vt  0.782678 -0.116532 0.000000
vt  0.759918 -0.121789 0.000000
vt  0.731581 -0.127161 0.000000
vt  0.700855 -0.130246 0.000000
vt  0.668422 -0.132189 0.000000
vt  0.624609 -0.134361 0.000000
vt  0.571919 -0.133561 0.000000
vt  0.543468 -0.132418 0.000000
vt  0.535730 -0.141904 0.000000
vt  0.542672 -0.141790 0.000000
vt  0.572374 -0.142132 0.000000
vt  0.625747 -0.143961 0.000000
vt  0.669788 -0.141561 0.000000
vt  0.625974 -0.148533 0.000000
vt  0.572146 -0.149561 0.000000
vt  0.543582 -0.148647 0.000000
vt  0.541079 -0.145561 0.000000
vt  0.572488 -0.145561 0.000000
vt  0.264087 -0.905469 0.000000
vt  0.256804 -0.912783 0.000000
vt  0.265680 -0.909697 0.000000
vt  0.255780 -0.910497 0.000000
vt  0.255324 -0.918383 0.000000
vt  0.264087 -0.921241 0.000000
vt  0.249748 -0.931184 0.000000
vt  0.257828 -0.933012 0.000000
vt  0.254072 -0.942270 0.000000
vt  0.247358 -0.944784 0.000000
vt  0.256348 -0.948327 0.000000
vt  0.249976 -0.953013 0.000000
vt  0.256121 -0.958270 0.000000
vt  0.260559 -0.952442 0.000000
vt  0.268411 -0.961356 0.000000
vt  0.264315 -0.943070 0.000000
vt  0.273874 -0.936555 0.000000
vt  0.268753 -0.952556 0.000000
vt  0.281499 -0.949356 0.000000
vt  0.283092 -0.961813 0.000000
vt  0.298227 -0.946156 0.000000
vt  0.300845 -0.961813 0.000000
vt  0.319394 -0.944670 0.000000
vt  0.321556 -0.962613 0.000000
vt  0.350121 -0.943070 0.000000
vt  0.350917 -0.965128 0.000000
vt  0.392682 -0.942498 0.000000
vt  0.393365 -0.968213 0.000000
vt  0.450265 -0.969013 0.000000
vt  0.449355 -0.941355 0.000000
vt  0.502841 -0.939870 0.000000
vt  0.507166 -0.969013 0.000000
vt  0.545972 -0.935527 0.000000
vt  0.553483 -0.968213 0.000000
vt  0.582047 -0.930041 0.000000
vt  0.589103 -0.965813 0.000000
vt  0.639744 -0.957013 0.000000
vt  0.631664 -0.920212 0.000000
vt  0.673202 -0.946498 0.000000
vt  0.568960 -0.893697 0.000000
vt  0.528447 -0.905697 0.000000
vt  0.489868 -0.911983 0.000000
vt  0.446396 -0.916555 0.000000
vt  0.390861 -0.918841 0.000000
vt  0.346479 -0.921126 0.000000
vt  0.311656 -0.925241 0.000000
vt  0.291058 -0.929812 0.000000
vt  0.283206 -0.914498 0.000000
vt  0.280930 -0.905240 0.000000
vt  0.305852 -0.911526 0.000000
vt  0.342496 -0.906154 0.000000
vt  0.389837 -0.901811 0.000000
vt  0.444689 -0.897811 0.000000
vt  0.480878 -0.895411 0.000000
vt  0.509670 -0.885468 0.000000
vt  0.536982 -0.868439 0.000000
vt  0.572829 -0.843867 0.000000
vt  0.624153 -0.874382 0.000000
vt  0.662732 -0.912326 0.000000
vt  0.690272 -0.906954 0.000000
vt  0.698807 -0.933012 0.000000
vt  0.723729 -0.916669 0.000000
vt  0.715877 -0.900326 0.000000
vt  0.732719 -0.894040 0.000000
vt  0.739092 -0.904326 0.000000
vt  0.742506 -0.888668 0.000000
vt  0.748538 -0.896097 0.000000
vt  0.750586 -0.881697 0.000000
vt  0.756618 -0.888668 0.000000
vt  0.764129 -0.881925 0.000000
vt  0.757869 -0.874954 0.000000
vt  0.743531 -0.873353 0.000000
vt  0.750131 -0.866268 0.000000
vt  0.738751 -0.880554 0.000000
vt  0.729647 -0.879297 0.000000
vt  0.734768 -0.866496 0.000000
vt  0.741710 -0.857239 0.000000
vt  0.717356 -0.858153 0.000000
vt  0.725322 -0.841353 0.000000
vt  0.713373 -0.878268 0.000000
vt  0.687996 -0.875411 0.000000
vt  0.660797 -0.872896 0.000000
vt  0.636102 -0.828209 0.000000
vt  0.693458 -0.850267 0.000000
vt  0.664553 -0.839181 0.000000
vt  0.703586 -0.823752 0.000000
vt  0.675250 -0.806952 0.000000
vt  0.645320 -0.794723 0.000000
vt  0.587965 -0.811409 0.000000
vt  0.597296 -0.781922 0.000000
vt  0.554507 -0.774494 0.000000
vt  0.546427 -0.806037 0.000000
vt  0.520822 -0.769579 0.000000
vt  0.513539 -0.801694 0.000000
vt  0.488730 -0.765579 0.000000
vt  0.538461 -0.834038 0.000000
vt  0.524122 -0.855410 0.000000
vt  0.509670 -0.829352 0.000000
vt  0.482016 -0.797808 0.000000
vt  0.450265 -0.761693 0.000000
vt  0.446510 -0.794837 0.000000
vt  0.401445 -0.758950 0.000000
vt  0.475529 -0.824895 0.000000
vt  0.506597 -0.848896 0.000000
vt  0.501248 -0.873011 0.000000
vt  0.473253 -0.882725 0.000000
vt  0.479398 -0.871639 0.000000
vt  0.488844 -0.861582 0.000000
vt  0.472570 -0.844096 0.000000
vt  0.444689 -0.822495 0.000000
vt  0.399169 -0.794723 0.000000
vt  0.359680 -0.758722 0.000000
vt  0.355242 -0.794037 0.000000
vt  0.323377 -0.759293 0.000000
vt  0.320532 -0.794037 0.000000
vt  0.295837 -0.792551 0.000000
vt  0.299934 -0.759179 0.000000
vt  0.279109 -0.758607 0.000000
vt  0.272167 -0.788894 0.000000
vt  0.257828 -0.756893 0.000000
vt  0.250886 -0.784437 0.000000
vt  0.241213 -0.754493 0.000000
vt  0.235068 -0.778722 0.000000
vt  0.217087 -0.770722 0.000000
vt  0.221184 -0.749693 0.000000
vt  0.199220 -0.761465 0.000000
vt  0.204114 -0.745236 0.000000
vt  0.188068 -0.741921 0.000000
vt  0.183857 -0.753807 0.000000
vt  0.172477 -0.740893 0.000000
vt  0.171225 -0.748893 0.000000
vt  0.163145 -0.743064 0.000000
vt  0.164739 -0.747978 0.000000
vt  0.157911 -0.747293 0.000000
vt  0.161666 -0.750607 0.000000
vt  0.155635 -0.754379 0.000000
vt  0.160073 -0.754950 0.000000
vt  0.156773 -0.763750 0.000000
vt  0.394389 -0.819981 0.000000
vt  0.350690 -0.819180 0.000000
vt  0.167811 -0.755064 0.000000
vt  0.179078 -0.762379 0.000000
vt  0.192734 -0.773236 0.000000
vt  0.163373 -0.760207 0.000000
vt  0.172136 -0.770493 0.000000
vt  0.163487 -0.777579 0.000000
vt  0.184881 -0.783180 0.000000
vt  0.173615 -0.792094 0.000000
vt  0.187044 -0.808209 0.000000
vt  0.201724 -0.804323 0.000000
vt  0.210828 -0.787637 0.000000
vt  0.225850 -0.796666 0.000000
vt  0.219022 -0.813009 0.000000
vt  0.207869 -0.820895 0.000000
vt  0.197513 -0.812780 0.000000
vt  0.199903 -0.818266 0.000000
vt  0.192734 -0.816209 0.000000
vt  0.198993 -0.820438 0.000000
vt  0.192279 -0.817352 0.000000
vt  0.191027 -0.813809 0.000000
vt  0.206731 -0.823409 0.000000
vt  0.192051 -0.827295 0.000000
vt  0.204683 -0.830724 0.000000
vt  0.202065 -0.841467 0.000000
vt  0.215835 -0.830952 0.000000
vt  0.217656 -0.827295 0.000000
vt  0.218908 -0.824209 0.000000
vt  0.237458 -0.819409 0.000000
vt  0.243830 -0.805009 0.000000
vt  0.264087 -0.810380 0.000000
vt  0.185906 -0.819752 0.000000
vt  0.172591 -0.823866 0.000000
vt  0.182378 -0.839981 0.000000
vt  0.154383 -0.828895 0.000000
vt  0.259080 -0.826038 0.000000
vt  0.289351 -0.815409 0.000000
vt  0.285709 -0.831524 0.000000
vt  0.318029 -0.818038 0.000000
vt  0.347845 -0.837581 0.000000
vt  0.315866 -0.835067 0.000000
vt  0.314615 -0.846496 0.000000
vt  0.284002 -0.841695 0.000000
vt  0.392568 -0.840781 0.000000
vt  0.346934 -0.850267 0.000000
vt  0.443551 -0.843867 0.000000
vt  0.471546 -0.857696 0.000000
vt  0.478716 -0.867525 0.000000
vt  0.443096 -0.857239 0.000000
vt  0.471888 -0.866953 0.000000
vt  0.442299 -0.865696 0.000000
vt  0.390406 -0.854953 0.000000
vt  0.388813 -0.864439 0.000000
vt  0.344886 -0.859639 0.000000
vt  0.312452 -0.855182 0.000000
vt  0.441844 -0.869125 0.000000
vt  0.388244 -0.869011 0.000000
vt  0.342951 -0.866496 0.000000
vt  0.473253 -0.870839 0.000000
vt  0.471888 -0.877354 0.000000
vt  0.470522 -0.873811 0.000000
vt  0.442072 -0.873125 0.000000
vt  0.442186 -0.876668 0.000000
vt  0.442527 -0.882382 0.000000
vt  0.389040 -0.887640 0.000000
vt  0.387902 -0.881811 0.000000
vt  0.387902 -0.874725 0.000000
vt  0.340675 -0.876782 0.000000
vt  0.339765 -0.888325 0.000000
vt  0.340789 -0.894040 0.000000
vt  0.304373 -0.901126 0.000000
vt  0.279678 -0.900669 0.000000
vt  0.276491 -0.887068 0.000000
vt  0.303804 -0.895411 0.000000
vt  0.305397 -0.877125 0.000000
vt  0.309607 -0.864668 0.000000
vt  0.282637 -0.848096 0.000000
vt  0.256121 -0.834724 0.000000
vt  0.233588 -0.828209 0.000000
vt  0.254414 -0.839867 0.000000
vt  0.279109 -0.857010 0.000000
vt  0.280702 -0.868439 0.000000
vt  0.265453 -0.874839 0.000000
vt  0.253731 -0.848439 0.000000
vt  0.232223 -0.831981 0.000000
vt  0.224598 -0.844553 0.000000
vt  0.201610 -0.863410 0.000000
vt  0.163601 -0.861125 0.000000
vt  0.120129 -0.865582 0.000000
vt  0.115008 -0.838838 0.000000
vt  0.082688 -0.848324 0.000000
vt  0.085533 -0.868325 0.000000
vt  0.059587 -0.857353 0.000000
vt  0.062090 -0.870039 0.000000
vt  0.050710 -0.871068 0.000000
vt  0.062090 -0.882840 0.000000
vt  0.046955 -0.876896 0.000000
vt  0.040696 -0.872325 0.000000
vt  0.046386 -0.866039 0.000000
vt  0.084964 -0.886611 0.000000
vt  0.119673 -0.889240 0.000000
vt  0.163032 -0.890840 0.000000
vt  0.197741 -0.893126 0.000000
vt  0.241441 -0.873811 0.000000
vt  0.257145 -0.893468 0.000000
vt  0.246106 -0.905812 0.000000
vt  0.231995 -0.900554 0.000000
vt  0.544493 -0.326252 0.000000
vt  0.550865 -0.318252 0.000000
vt  0.542444 -0.322252 0.000000
vt  0.552231 -0.320423 0.000000
vt  0.551776 -0.312423 0.000000
vt  0.542786 -0.310594 0.000000
vt  0.555873 -0.299166 0.000000
vt  0.547679 -0.298251 0.000000
vt  0.550410 -0.288651 0.000000
vt  0.556897 -0.285451 0.000000
vt  0.547565 -0.282822 0.000000
vt  0.553369 -0.277565 0.000000
vt  0.546655 -0.272993 0.000000
vt  0.542899 -0.279165 0.000000
vt  0.534137 -0.271165 0.000000
vt  0.540168 -0.288880 0.000000
vt  0.531292 -0.296537 0.000000
vt  0.534706 -0.280079 0.000000
vt  0.522415 -0.284537 0.000000
vt  0.519456 -0.272308 0.000000
vt  0.506142 -0.289565 0.000000
vt  0.501817 -0.274251 0.000000
vt  0.485202 -0.293337 0.000000
vt  0.481105 -0.275622 0.000000
vt  0.454931 -0.298251 0.000000
vt  0.451745 -0.276308 0.000000
vt  0.412597 -0.303394 0.000000
vt  0.409183 -0.277794 0.000000
vt  0.352624 -0.283165 0.000000
vt  0.356380 -0.310594 0.000000
vt  0.303462 -0.317795 0.000000
vt  0.295951 -0.289337 0.000000
vt  0.260901 -0.326824 0.000000
vt  0.249976 -0.295165 0.000000
vt  0.225736 -0.336195 0.000000
vt  0.214925 -0.301337 0.000000
vt  0.165422 -0.315509 0.000000
vt  0.177371 -0.351281 0.000000
vt  0.133330 -0.329566 0.000000
vt  0.242692 -0.370939 0.000000
vt  0.281612 -0.354596 0.000000
vt  0.319280 -0.344195 0.000000
vt  0.361956 -0.334938 0.000000
vt  0.416922 -0.326595 0.000000
vt  0.460849 -0.319623 0.000000
vt  0.495103 -0.311737 0.000000
vt  0.515018 -0.305109 0.000000
vt  0.524464 -0.319395 0.000000
vt  0.527764 -0.328309 0.000000
vt  0.502272 -0.324881 0.000000
vt  0.466425 -0.334024 0.000000
vt  0.419767 -0.343510 0.000000
vt  0.365825 -0.353339 0.000000
vt  0.330092 -0.359624 0.000000
vt  0.302438 -0.372653 0.000000
vt  0.277174 -0.392540 0.000000
vt  0.244172 -0.420883 0.000000
vt  0.189775 -0.395968 0.000000
vt  0.147441 -0.362482 0.000000
vt  0.120584 -0.370710 0.000000
vt  0.109318 -0.345796 0.000000
vt  0.086216 -0.364653 0.000000
vt  0.095889 -0.380082 0.000000
vt  0.079843 -0.388197 0.000000
vt  0.072446 -0.378711 0.000000
vt  0.070625 -0.394597 0.000000
vt  0.063797 -0.387854 0.000000
vt  0.063342 -0.402369 0.000000
vt  0.056628 -0.396083 0.000000
vt  0.049913 -0.403626 0.000000
vt  0.056855 -0.409912 0.000000
vt  0.071308 -0.409912 0.000000
vt  0.065504 -0.417683 0.000000
vt  0.075177 -0.402254 0.000000
vt  0.084395 -0.402597 0.000000
vt  0.080754 -0.415855 0.000000
vt  0.074722 -0.425683 0.000000
vt  0.098962 -0.422255 0.000000
vt  0.092816 -0.439855 0.000000
vt  0.100669 -0.401797 0.000000
vt  0.126274 -0.401797 0.000000
vt  0.153586 -0.401454 0.000000
vt  0.182947 -0.443170 0.000000
vt  0.123543 -0.427512 0.000000
vt  0.153472 -0.435398 0.000000
vt  0.116259 -0.454827 0.000000
vt  0.146303 -0.468656 0.000000
vt  0.177371 -0.477456 0.000000
vt  0.232678 -0.454713 0.000000
vt  0.226533 -0.484999 0.000000
vt  0.269891 -0.487742 0.000000
vt  0.274443 -0.455627 0.000000
vt  0.303917 -0.489114 0.000000
vt  0.307673 -0.456313 0.000000
vt  0.336237 -0.489571 0.000000
vt  0.279450 -0.426941 0.000000
vt  0.291399 -0.404197 0.000000
vt  0.308583 -0.428426 0.000000
vt  0.339423 -0.456770 0.000000
vt  0.374815 -0.489342 0.000000
vt  0.375043 -0.455970 0.000000
vt  0.423636 -0.486714 0.000000
vt  0.342951 -0.429226 0.000000
vt  0.309494 -0.408654 0.000000
vt  0.312225 -0.384082 0.000000
vt  0.338968 -0.371396 0.000000
vt  0.334075 -0.383168 0.000000
vt  0.325767 -0.394140 0.000000
vt  0.343861 -0.409797 0.000000
vt  0.373905 -0.428312 0.000000
vt  0.422043 -0.451056 0.000000
vt  0.465287 -0.482485 0.000000
vt  0.465856 -0.446941 0.000000
vt  0.501248 -0.478028 0.000000
vt  0.500338 -0.443170 0.000000
vt  0.525146 -0.442027 0.000000
vt  0.524577 -0.475628 0.000000
vt  0.545403 -0.473913 0.000000
vt  0.548931 -0.443170 0.000000
vt  0.566684 -0.473342 0.000000
vt  0.570667 -0.445227 0.000000
vt  0.583526 -0.473913 0.000000
vt  0.586940 -0.449227 0.000000
vt  0.605718 -0.455284 0.000000
vt  0.603897 -0.476542 0.000000
vt  0.624495 -0.462485 0.000000
vt  0.621422 -0.479056 0.000000
vt  0.637696 -0.480657 0.000000
vt  0.640541 -0.468428 0.000000
vt  0.653286 -0.480085 0.000000
vt  0.653628 -0.471971 0.000000
vt  0.662277 -0.476885 0.000000
vt  0.660228 -0.472199 0.000000
vt  0.667056 -0.472085 0.000000
vt  0.662959 -0.469228 0.000000
vt  0.668649 -0.464885 0.000000
vt  0.664097 -0.464770 0.000000
vt  0.666487 -0.455627 0.000000
vt  0.424091 -0.425341 0.000000
vt  0.467563 -0.421455 0.000000
vt  0.656473 -0.465456 0.000000
vt  0.644296 -0.459399 0.000000
vt  0.629616 -0.450141 0.000000
vt  0.660228 -0.459856 0.000000
vt  0.650328 -0.450484 0.000000
vt  0.658294 -0.442598 0.000000
vt  0.636330 -0.439284 0.000000
vt  0.646572 -0.429226 0.000000
vt  0.631550 -0.414712 0.000000
vt  0.617325 -0.420083 0.000000
vt  0.610042 -0.437684 0.000000
vt  0.594224 -0.430369 0.000000
vt  0.599231 -0.413455 0.000000
vt  0.609473 -0.404311 0.000000
vt  0.620739 -0.411283 0.000000
vt  0.617667 -0.406140 0.000000
vt  0.624950 -0.407397 0.000000
vt  0.618349 -0.403854 0.000000
vt  0.625291 -0.406140 0.000000
vt  0.626998 -0.409569 0.000000
vt  0.610270 -0.401683 0.000000
vt  0.624495 -0.396311 0.000000
vt  0.611521 -0.394254 0.000000
vt  0.613001 -0.383168 0.000000
vt  0.600483 -0.395168 0.000000
vt  0.599003 -0.398940 0.000000
vt  0.598207 -0.402254 0.000000
vt  0.580226 -0.408997 0.000000
vt  0.575446 -0.423969 0.000000
vt  0.554735 -0.420769 0.000000
vt  0.631437 -0.403169 0.000000
vt  0.644182 -0.397568 0.000000
vt  0.632802 -0.382597 0.000000
vt  0.661708 -0.390597 0.000000
vt  0.558035 -0.404654 0.000000
vt  0.529016 -0.418598 0.000000
vt  0.530950 -0.402140 0.000000
vt  0.500338 -0.419055 0.000000
vt  0.468587 -0.402826 0.000000
vt  0.500565 -0.401911 0.000000
vt  0.500565 -0.390368 0.000000
vt  0.531519 -0.391854 0.000000
vt  0.423750 -0.404426 0.000000
vt  0.468018 -0.390140 0.000000
vt  0.372653 -0.406826 0.000000
vt  0.343292 -0.396197 0.000000
vt  0.335099 -0.387168 0.000000
vt  0.371743 -0.393568 0.000000
vt  0.342041 -0.386940 0.000000
vt  0.371629 -0.384997 0.000000
vt  0.424319 -0.390140 0.000000
vt  0.424888 -0.380539 0.000000
vt  0.469043 -0.380539 0.000000
vt  0.501817 -0.381454 0.000000
vt  0.371629 -0.381568 0.000000
vt  0.424888 -0.375853 0.000000
vt  0.470294 -0.373453 0.000000
vt  0.340220 -0.383282 0.000000
vt  0.340903 -0.376653 0.000000
vt  0.342610 -0.379968 0.000000
vt  0.371060 -0.377682 0.000000
vt  0.370491 -0.374139 0.000000
vt  0.369580 -0.368539 0.000000
vt  0.422157 -0.357453 0.000000
vt  0.423864 -0.363167 0.000000
vt  0.424660 -0.370253 0.000000
vt  0.471319 -0.363053 0.000000
vt  0.471091 -0.351510 0.000000
vt  0.469384 -0.345910 0.000000
vt  0.504890 -0.334938 0.000000
vt  0.529471 -0.332767 0.000000
vt  0.534137 -0.346024 0.000000
vt  0.506028 -0.340538 0.000000
vt  0.506483 -0.358939 0.000000
vt  0.503638 -0.371739 0.000000
vt  0.532202 -0.385339 0.000000
vt  0.560083 -0.395740 0.000000
vt  0.583071 -0.399854 0.000000
vt  0.561221 -0.390482 0.000000
vt  0.534820 -0.376082 0.000000
vt  0.531974 -0.364882 0.000000
vt  0.546427 -0.356881 0.000000
vt  0.560994 -0.381911 0.000000
vt  0.583982 -0.395968 0.000000
vt  0.590354 -0.382597 0.000000
vt  0.611180 -0.361453 0.000000
vt  0.649190 -0.359510 0.000000
vt  0.691865 -0.350481 0.000000
vt  0.699831 -0.376425 0.000000
vt  0.731012 -0.363510 0.000000
vt  0.726005 -0.344081 0.000000
vt  0.752976 -0.352081 0.000000
vt  0.749107 -0.339738 0.000000
vt  0.760373 -0.337452 0.000000
vt  0.747741 -0.327052 0.000000
vt  0.763446 -0.331281 0.000000
vt  0.770160 -0.335167 0.000000
vt  0.765153 -0.342024 0.000000
vt  0.724526 -0.325795 0.000000
vt  0.689703 -0.326824 0.000000
vt  0.646572 -0.329909 0.000000
vt  0.611749 -0.331395 0.000000
vt  0.570439 -0.355281 0.000000
vt  0.552686 -0.337452 0.000000
vt  0.562359 -0.324081 0.000000
vt  0.576812 -0.327738 0.000000
vt  0.737044 -0.687520 0.000000
vt  0.743417 -0.695406 0.000000
vt  0.744782 -0.693234 0.000000
vt  0.734995 -0.691405 0.000000
vt  0.744441 -0.701234 0.000000
vt  0.735451 -0.703063 0.000000
vt  0.748652 -0.714378 0.000000
vt  0.740458 -0.715406 0.000000
vt  0.743189 -0.725006 0.000000
vt  0.749676 -0.728207 0.000000
vt  0.740344 -0.730835 0.000000
vt  0.746262 -0.736092 0.000000
vt  0.739548 -0.740778 0.000000
vt  0.735678 -0.734492 0.000000
vt  0.727029 -0.742607 0.000000
vt  0.732947 -0.724778 0.000000
vt  0.724071 -0.717349 0.000000
vt  0.727485 -0.733807 0.000000
vt  0.715194 -0.729235 0.000000
vt  0.712349 -0.741578 0.000000
vt  0.698921 -0.724435 0.000000
vt  0.694710 -0.739750 0.000000
vt  0.707683 -0.708892 0.000000
vt  0.717129 -0.694491 0.000000
vt  0.720315 -0.685462 0.000000
vt  0.722022 -0.681119 0.000000
vt  0.697441 -0.678948 0.000000
vt  0.694824 -0.689120 0.000000
vt  0.687654 -0.702263 0.000000
vt  0.677981 -0.720778 0.000000
vt  0.673998 -0.738492 0.000000
vt  0.647596 -0.716092 0.000000
vt  0.644638 -0.737921 0.000000
vt  0.653400 -0.694720 0.000000
vt  0.658863 -0.680205 0.000000
vt  0.661821 -0.668319 0.000000
vt  0.698465 -0.673348 0.000000
vt  0.726574 -0.667748 0.000000
vt  0.745124 -0.676205 0.000000
vt  0.754911 -0.689577 0.000000
vt  0.769363 -0.685805 0.000000
vt  0.762763 -0.658262 0.000000
vt  0.804300 -0.681919 0.000000
vt  0.738751 -0.656776 0.000000
vt  0.724184 -0.648890 0.000000
vt  0.698807 -0.655061 0.000000
vt  0.663415 -0.662719 0.000000
vt  0.614480 -0.657004 0.000000
vt  0.612204 -0.671062 0.000000
vt  0.609473 -0.687862 0.000000
vt  0.605262 -0.711177 0.000000
vt  0.601962 -0.736778 0.000000
vt  0.545403 -0.731749 0.000000
vt  0.549045 -0.704320 0.000000
vt  0.496013 -0.697463 0.000000
vt  0.488730 -0.726035 0.000000
vt  0.453452 -0.688777 0.000000
vt  0.442755 -0.720549 0.000000
vt  0.418174 -0.679634 0.000000
vt  0.407590 -0.714492 0.000000
vt  0.357973 -0.700663 0.000000
vt  0.369808 -0.664776 0.000000
vt  0.325767 -0.686834 0.000000
vt  0.434902 -0.644776 0.000000
vt  0.474050 -0.660776 0.000000
vt  0.511718 -0.670948 0.000000
vt  0.554507 -0.679977 0.000000
vt  0.558149 -0.661462 0.000000
vt  0.522415 -0.655519 0.000000
vt  0.494648 -0.642718 0.000000
vt  0.469270 -0.622946 0.000000
vt  0.483381 -0.611175 0.000000
vt  0.504435 -0.631061 0.000000
vt  0.531178 -0.643633 0.000000
vt  0.561790 -0.646261 0.000000
vt  0.616187 -0.651290 0.000000
vt  0.663642 -0.651176 0.000000
vt  0.695848 -0.642261 0.000000
vt  0.727029 -0.637690 0.000000
vt  0.753090 -0.631632 0.000000
vt  0.782450 -0.630832 0.000000
vt  0.803390 -0.651861 0.000000
vt  0.839010 -0.683062 0.000000
vt  0.841399 -0.653576 0.000000
vt  0.884302 -0.662262 0.000000
vt  0.882254 -0.685920 0.000000
vt  0.917077 -0.686834 0.000000
vt  0.918443 -0.668548 0.000000
vt  0.940292 -0.685348 0.000000
vt  0.941544 -0.672662 0.000000
vt  0.952811 -0.674834 0.000000
vt  0.945300 -0.660319 0.000000
vt  0.957590 -0.670262 0.000000
vt  0.962597 -0.677119 0.000000
vt  0.955883 -0.681005 0.000000
vt  0.923222 -0.649004 0.000000
vt  0.892041 -0.636204 0.000000
vt  0.853804 -0.622375 0.000000
vt  0.825012 -0.630489 0.000000
vt  0.805211 -0.630032 0.000000
vt  0.836278 -0.615517 0.000000
vt  0.816591 -0.616889 0.000000
vt  0.823419 -0.610032 0.000000
vt  0.817274 -0.607060 0.000000
vt  0.810332 -0.609346 0.000000
vt  0.817046 -0.605803 0.000000
vt  0.803617 -0.619061 0.000000
vt  0.792579 -0.618146 0.000000
vt  0.802366 -0.611517 0.000000
vt  0.809649 -0.607174 0.000000
vt  0.812722 -0.601917 0.000000
vt  0.818981 -0.603631 0.000000
vt  0.823419 -0.598488 0.000000
vt  0.809194 -0.593117 0.000000
vt  0.828198 -0.573802 0.000000
vt  0.838441 -0.583859 0.000000
vt  0.850048 -0.570373 0.000000
vt  0.842082 -0.562487 0.000000
vt  0.858128 -0.557344 0.000000
vt  0.851869 -0.553116 0.000000
vt  0.855738 -0.548201 0.000000
vt  0.860290 -0.548087 0.000000
vt  0.854600 -0.543744 0.000000
vt  0.858697 -0.540773 0.000000
vt  0.851869 -0.540773 0.000000
vt  0.853804 -0.536087 0.000000
vt  0.848000 -0.547516 0.000000
vt  0.836051 -0.553687 0.000000
vt  0.845269 -0.541115 0.000000
vt  0.844813 -0.533001 0.000000
vt  0.832182 -0.544658 0.000000
vt  0.829223 -0.532429 0.000000
vt  0.816136 -0.550716 0.000000
vt  0.812949 -0.534144 0.000000
vt  0.795424 -0.536772 0.000000
vt  0.797358 -0.558030 0.000000
vt  0.775053 -0.539515 0.000000
vt  0.821370 -0.563059 0.000000
vt  0.801910 -0.575631 0.000000
vt  0.786092 -0.583059 0.000000
vt  0.778695 -0.564202 0.000000
vt  0.762422 -0.568316 0.000000
vt  0.758211 -0.540315 0.000000
vt  0.740686 -0.570602 0.000000
vt  0.736930 -0.539744 0.000000
vt  0.716901 -0.571859 0.000000
vt  0.716105 -0.538144 0.000000
vt  0.692889 -0.535972 0.000000
vt  0.692206 -0.570831 0.000000
vt  0.657611 -0.567288 0.000000
vt  0.656814 -0.531744 0.000000
vt  0.613797 -0.563516 0.000000
vt  0.615163 -0.527744 0.000000
vt  0.566798 -0.558830 0.000000
vt  0.566342 -0.525458 0.000000
vt  0.531064 -0.558259 0.000000
vt  0.527650 -0.525458 0.000000
vt  0.499314 -0.558944 0.000000
vt  0.495331 -0.526144 0.000000
vt  0.466198 -0.559859 0.000000
vt  0.461418 -0.527744 0.000000
vt  0.424319 -0.561002 0.000000
vt  0.418060 -0.530715 0.000000
vt  0.368898 -0.538601 0.000000
vt  0.374702 -0.572888 0.000000
vt  0.337944 -0.547744 0.000000
vt  0.345341 -0.580888 0.000000
vt  0.308014 -0.561573 0.000000
vt  0.315411 -0.589002 0.000000
vt  0.284571 -0.576888 0.000000
vt  0.290830 -0.594374 0.000000
vt  0.266704 -0.591060 0.000000
vt  0.272736 -0.600888 0.000000
vt  0.257486 -0.599060 0.000000
vt  0.263290 -0.606946 0.000000
vt  0.248838 -0.606946 0.000000
vt  0.255438 -0.614489 0.000000
vt  0.241896 -0.613346 0.000000
vt  0.248724 -0.620889 0.000000
vt  0.256007 -0.629004 0.000000
vt  0.262721 -0.622261 0.000000
vt  0.264656 -0.638147 0.000000
vt  0.271939 -0.628546 0.000000
vt  0.278540 -0.651976 0.000000
vt  0.267273 -0.614489 0.000000
vt  0.276491 -0.614146 0.000000
vt  0.292765 -0.614832 0.000000
vt  0.318370 -0.614603 0.000000
vt  0.345682 -0.614832 0.000000
vt  0.381871 -0.620089 0.000000
vt  0.339765 -0.653804 0.000000
vt  0.312794 -0.645690 0.000000
vt  0.287985 -0.636547 0.000000
vt  0.301755 -0.670833 0.000000
vt  0.436154 -0.594831 0.000000
vt  0.471319 -0.588545 0.000000
vt  0.500452 -0.586831 0.000000
vt  0.534820 -0.585802 0.000000
vt  0.565773 -0.586488 0.000000
vt  0.616073 -0.589117 0.000000
vt  0.659545 -0.592774 0.000000
vt  0.692206 -0.594945 0.000000
vt  0.720998 -0.595288 0.000000
vt  0.746603 -0.592888 0.000000
vt  0.767315 -0.589574 0.000000
vt  0.772208 -0.604432 0.000000
vt  0.750017 -0.608889 0.000000
vt  0.723046 -0.611632 0.000000
vt  0.692548 -0.612089 0.000000
vt  0.660570 -0.611403 0.000000
vt  0.615732 -0.610032 0.000000
vt  0.564635 -0.607974 0.000000
vt  0.535844 -0.605232 0.000000
vt  0.501476 -0.606603 0.000000
vt  0.517863 -0.621003 0.000000
vt  0.526171 -0.631975 0.000000
vt  0.533113 -0.638375 0.000000
vt  0.562701 -0.640661 0.000000
vt  0.616984 -0.644318 0.000000
vt  0.662504 -0.640661 0.000000
vt  0.694027 -0.632547 0.000000
vt  0.724298 -0.628432 0.000000
vt  0.753317 -0.623061 0.000000
vt  0.776078 -0.617575 0.000000
vt  0.791099 -0.614375 0.000000
vt  0.801455 -0.609003 0.000000
vt  0.791213 -0.599974 0.000000
vt  0.790189 -0.611175 0.000000
vt  0.775167 -0.613689 0.000000
vt  0.752066 -0.617918 0.000000
vt  0.723615 -0.621918 0.000000
vt  0.692662 -0.623632 0.000000
vt  0.660228 -0.624089 0.000000
vt  0.616415 -0.624318 0.000000
vt  0.563839 -0.621232 0.000000
vt  0.535389 -0.618832 0.000000
vt  0.527309 -0.627975 0.000000
vt  0.534251 -0.628089 0.000000
vt  0.563839 -0.629804 0.000000
vt  0.617098 -0.634032 0.000000
vt  0.661252 -0.633575 0.000000
vt  0.617098 -0.638604 0.000000
vt  0.563270 -0.637232 0.000000
vt  0.534820 -0.635061 0.000000
vt  0.532430 -0.631747 0.000000
vt  0.563725 -0.633232 0.000000

vn  0.626657 -0.779295 -0.000000
vn  0.581276 -0.736580 -0.345786
vn  -0.350653 -0.936498 0.003786
vn  -0.302971 -0.823652 -0.479382
vn  -0.814883 -0.579625 -0.000000
vn  -0.626813 -0.536122 -0.565402
vn  -0.819917 -0.572482 -0.000000
vn  -0.633928 -0.539805 -0.553846
vn  -0.471680 -0.724647 -0.502399
vn  -0.530564 -0.847636 0.003780
vn  -0.001891 -0.813615 -0.581401
vn  0.008739 -0.999962 -0.000000
vn  0.537965 -0.842967 -0.000000
vn  0.466501 -0.730641 -0.498538
vn  0.829797 -0.558065 -0.000000
vn  -0.003777 -0.528725 -0.848785
vn  0.024537 -0.464277 -0.885350
vn  0.636983 -0.554434 -0.535588
vn  0.686850 -0.425147 -0.589481
vn  0.912416 -0.409263 -0.000000
vn  0.734124 -0.340423 -0.587515
vn  0.946078 -0.323938 -0.000000
vn  0.163490 -0.397268 -0.903022
vn  -0.305456 -0.448727 -0.839846
vn  -0.174256 -0.597288 -0.782867
vn  0.494712 -0.586724 -0.641104
vn  -0.035865 -0.425147 -0.904414
vn  -0.112990 -0.360882 -0.925741
vn  0.293350 -0.328069 -0.897951
vn  0.778201 -0.286493 -0.558861
vn  0.962943 -0.269705 -0.000000
vn  0.808199 -0.231639 -0.541441
vn  0.978540 -0.206059 -0.000000
vn  0.392262 -0.282304 -0.875463
vn  0.030214 -0.319801 -0.947003
vn  0.120482 -0.360882 -0.924796
vn  0.489718 -0.413246 -0.767727
vn  0.811134 -0.340423 -0.475578
vn  0.880873 -0.385205 -0.275099
vn  0.914196 -0.405273 -0.000000
vn  0.943211 -0.332193 -0.000000
vn  0.842326 -0.307354 -0.442742
vn  0.951595 -0.307354 -0.000000
vn  0.795256 -0.299027 -0.527400
vn  0.747913 -0.294855 -0.594716
vn  0.743189 -0.294855 -0.600608
vn  0.552878 -0.332193 -0.764182
vn  0.280690 -0.311509 -0.907841
vn  0.200566 -0.261280 -0.944196
vn  0.516512 -0.193215 -0.834196
vn  0.850219 -0.128540 -0.510496
vn  0.995171 -0.098153 -0.000000
vn  0.999998 -0.002185 -0.000000
vn  0.888463 -0.032765 -0.457777
vn  0.911724 0.019661 -0.410333
vn  0.998261 0.058953 0.000000
vn  0.925594 0.045863 -0.375729
vn  0.993799 0.111189 0.000000
vn  0.908532 0.210333 -0.361012
vn  0.964112 0.265495 0.000000
vn  0.895621 0.444818 0.000000
vn  0.836586 0.425147 -0.345505
vn  0.780663 0.624953 0.000000
vn  0.788796 0.072033 -0.610420
vn  0.764283 -0.119869 -0.633642
vn  0.672262 -0.063314 -0.737601
vn  0.622165 -0.098153 -0.776709
vn  0.378718 -0.184634 -0.906909
vn  0.523341 -0.137202 -0.841005
vn  0.645125 -0.248605 -0.722502
vn  0.690596 -0.206059 -0.693266
vn  0.703626 -0.235888 -0.670274
vn  0.697388 -0.269705 -0.664010
vn  0.549603 -0.210333 -0.808515
vn  0.419770 -0.265495 -0.867932
vn  0.591582 -0.299027 -0.748741
vn  0.729855 -0.278110 -0.624473
vn  0.718450 -0.282304 -0.635715
vn  0.700621 -0.303193 -0.645913
vn  0.676577 -0.311509 -0.667237
vn  0.634494 -0.307354 -0.709190
vn  0.803755 -0.286493 -0.521439
vn  0.955542 -0.294855 -0.000000
vn  0.704134 -0.307354 -0.640100
vn  0.690298 -0.303193 -0.656934
vn  0.951595 -0.307354 -0.000000
vn  0.914196 -0.405273 -0.000000
vn  0.659584 -0.401274 -0.635553
vn  0.807215 -0.590257 -0.000000
vn  0.565935 -0.600787 -0.564600
vn  0.403214 -0.816147 -0.413911
vn  -0.000000 -0.576059 -0.817408
vn  -0.001888 -0.872149 -0.489237
vn  -0.000000 -1.000000 -0.000000
vn  0.466211 -0.884674 -0.000000
vn  0.003778 -0.389233 -0.921131
vn  0.003776 -0.299027 -0.954237
vn  -0.000000 -0.360882 -0.932611
vn  0.398707 -0.340423 -0.851554
vn  0.535614 -0.286493 -0.794380
vn  0.001888 -0.393255 -0.919428
vn  0.235366 -0.389233 -0.890562
vn  0.001888 -0.425147 -0.905123
vn  -0.000000 -0.826122 -0.563492
vn  0.362087 -0.756919 -0.544028
vn  -0.001890 -0.842967 0.537961
vn  0.408528 -0.360882 -0.838373
vn  0.493712 -0.385205 -0.779657
vn  0.570252 -0.638501 -0.516846
vn  0.416626 -0.768225 0.486060
vn  0.267884 -0.385205 0.883094
vn  -0.001888 -0.409263 0.912414
vn  0.001888 -0.269705 0.962941
vn  0.621967 -0.265495 0.736661
vn  0.664738 -0.240131 0.707433
vn  0.003777 -0.227387 0.973797
vn  0.000000 -0.307354 0.951595
vn  0.649264 -0.348627 0.675955
vn  0.000000 -0.483514 0.875337
vn  0.577308 -0.525011 0.625363
vn  0.432710 -0.754056 0.494127
vn  0.003779 -0.800720 0.599027
vn  0.484526 -0.872149 0.067757
vn  0.000000 -0.999227 0.039314
vn  0.461948 -0.808503 -0.364592
vn  0.003783 -0.861253 -0.508162
vn  0.819602 -0.568894 0.067914
vn  0.913074 -0.405273 0.045270
vn  0.595184 -0.607750 -0.525734
vn  -0.000000 -0.607750 -0.794129
vn  0.677523 -0.448727 -0.582759
vn  -0.003779 -0.460402 -0.887702
vn  0.725092 -0.360882 -0.586520
vn  0.003778 -0.389233 -0.921131
vn  0.003779 -0.352719 -0.935722
vn  0.742788 -0.319801 -0.588212
vn  0.001887 -0.332193 -0.943210
vn  0.950503 -0.294855 0.098003
vn  0.955762 -0.257060 0.142967
vn  0.959477 -0.261280 0.105528
vn  0.749548 -0.303193 -0.588432
vn  0.751076 -0.299027 -0.588615
vn  0.003776 -0.328069 -0.944646
vn  0.723834 -0.294855 -0.623799
vn  0.001889 -0.315658 -0.948871
vn  0.708351 -0.282304 -0.646949
vn  -0.001888 -0.294855 -0.955540
vn  0.001888 -0.269705 -0.962941
vn  0.668382 -0.261280 -0.696418
vn  0.610386 -0.210333 -0.763668
vn  0.003777 -0.206059 -0.978532
vn  0.564144 -0.124206 -0.816281
vn  -0.001887 -0.115530 -0.993302
vn  0.497722 -0.019661 -0.867114
vn  -0.000000 -0.002185 -0.999998
vn  0.468025 0.067674 -0.881120
vn  0.001886 0.093804 -0.995589
vn  0.439255 0.128540 -0.889119
vn  0.001888 0.163120 -0.986604
vn  0.387477 0.150174 -0.909566
vn  -0.001886 0.206059 -0.978538
vn  0.327177 0.257060 -0.909327
vn  0.001888 0.303194 -0.952927
vn  0.001886 0.436974 -0.899472
vn  0.326332 0.417221 -0.848195
vn  -0.003769 0.607750 -0.794120
vn  0.294434 0.604274 -0.740379
vn  -0.003765 0.805924 -0.592007
vn  0.216774 0.816147 -0.535642
vn  0.001880 0.915079 -0.403270
vn  0.137926 0.920287 -0.366127
vn  0.003759 0.969146 -0.246460
vn  0.084576 0.968059 -0.236025
vn  0.001865 0.989623 -0.143679
vn  0.065075 0.987654 -0.142494
vn  -0.000000 0.997853 -0.065494
vn  0.068522 0.995383 -0.067206
vn  0.000000 1.000000 0.000000
vn  0.069853 0.997557 0.000000
vn  0.148013 0.988985 0.000000
vn  0.147048 0.986960 -0.065470
vn  0.246489 0.969146 0.000000
vn  0.236431 0.966955 -0.095389
vn  0.391245 0.920287 0.000000
vn  0.129698 0.983208 -0.128373
vn  0.183565 0.964690 -0.188884
vn  0.275987 0.920287 -0.277316
vn  0.399171 0.816147 -0.417811
vn  0.547187 0.604274 -0.579171
vn  0.654773 0.360882 -0.664105
vn  0.723027 0.614666 -0.315306
vn  0.534218 0.816147 -0.220261
vn  0.362709 0.920287 -0.146679
vn  0.581404 0.813615 0.000000
vn  0.576806 0.119869 -0.808038
vn  0.634138 -0.028397 -0.772699
vn  0.752978 0.037131 -0.656998
vn  0.782412 0.015292 -0.622573
vn  0.820271 -0.067674 -0.567957
vn  0.875634 -0.154492 -0.457600
vn  0.917196 -0.218868 -0.332939
vn  0.945622 -0.248605 -0.209747
vn  0.962533 -0.252835 -0.098002
vn  0.967391 -0.252835 -0.015103
vn  0.965624 -0.252835 0.060374
vn  0.882837 -0.252835 0.395820
vn  0.923029 -0.252835 0.289985
vn  0.947655 -0.252835 0.194997
vn  0.962842 -0.248605 0.105501
vn  0.971751 -0.235888 0.007547
vn  0.971748 -0.193215 -0.135553
vn  0.950462 -0.128540 -0.283017
vn  0.907992 -0.041497 -0.416928
vn  0.837090 -0.067674 -0.542862
vn  0.844452 -0.141528 -0.516595
vn  0.741918 -0.257060 -0.619256
vn  0.644743 -0.265495 -0.716812
vn  0.615677 -0.282304 -0.735694
vn  0.717876 -0.269705 -0.641805
vn  0.722888 -0.269705 -0.636154
vn  0.807094 -0.311509 -0.501559
vn  0.790872 -0.332193 -0.513974
vn  0.765871 -0.360882 -0.532171
vn  0.735600 -0.436974 -0.517635
vn  0.670276 -0.536122 -0.513131
vn  0.702957 -0.611214 0.363688
vn  0.812031 -0.261280 0.521861
vn  0.846159 -0.483514 0.224120
vn  0.906296 -0.409263 0.105508
vn  0.932581 -0.360882 -0.007551
vn  0.942723 -0.328069 -0.060370
vn  0.950507 -0.303193 -0.067896
vn  0.958791 -0.273910 -0.075458
vn  0.962168 -0.244371 -0.120485
vn  0.954264 -0.197500 -0.224441
vn  0.919418 -0.137202 -0.368573
vn  0.835548 -0.235888 -0.496202
vn  0.858880 -0.244371 -0.450119
vn  0.875319 -0.257060 -0.409557
vn  0.853475 -0.273910 -0.443345
vn  0.831293 -0.286493 -0.476313
vn  0.737657 -0.269705 -0.618968
vn  0.711344 -0.273910 -0.647273
vn  0.701712 -0.286493 -0.652320
vn  0.755573 -0.286493 -0.589093
vn  0.770515 -0.269705 -0.577551
vn  -0.581276 -0.736580 -0.345786
vn  0.350673 -0.936498 -0.000000
vn  0.299766 -0.823652 -0.481392
vn  -0.626645 -0.779295 0.003779
vn  0.814883 -0.579625 -0.000000
vn  0.626813 -0.536122 -0.565402
vn  0.819917 -0.572482 -0.000000
vn  0.633928 -0.539805 -0.553846
vn  0.474428 -0.724647 -0.499805
vn  0.530578 -0.847636 -0.000000
vn  0.005672 -0.813615 -0.581377
vn  -0.007873 -0.999962 0.003792
vn  -0.537952 -0.842967 0.003781
vn  -0.466501 -0.730641 -0.498538
vn  -0.829797 -0.558065 -0.000000
vn  0.003777 -0.528725 -0.848785
vn  -0.020763 -0.464277 -0.885447
vn  -0.636983 -0.554434 -0.535588
vn  -0.689303 -0.425147 -0.586610
vn  -0.912409 -0.409263 -0.003777
vn  -0.734124 -0.340423 -0.587515
vn  -0.946071 -0.323938 -0.003777
vn  -0.780398 -0.286493 -0.555789
vn  -0.962936 -0.269705 0.003777
vn  -0.810295 -0.231639 -0.538298
vn  -0.978540 -0.206059 -0.000000
vn  -0.852156 -0.128540 -0.507254
vn  -0.995171 -0.098153 -0.000000
vn  -0.999998 -0.002185 -0.000000
vn  -0.888463 -0.032765 -0.457777
vn  -0.911724 0.019661 -0.410333
vn  -0.998254 0.058953 0.003774
vn  -0.927008 0.045863 -0.372227
vn  -0.993792 0.111189 0.003775
vn  -0.908532 0.210333 -0.361012
vn  -0.964105 0.265495 0.003772
vn  -0.895621 0.444818 0.000000
vn  -0.836586 0.425147 -0.345505
vn  -0.780663 0.624953 0.000000
vn  -0.788796 0.072033 -0.610420
vn  -0.764283 -0.119869 -0.633642
vn  -0.669469 -0.063314 -0.740137
vn  -0.622165 -0.098153 -0.776709
vn  -0.516512 -0.193215 -0.834196
vn  -0.392262 -0.282304 -0.875463
vn  -0.293350 -0.328069 -0.897951
vn  -0.167207 -0.397268 -0.902341
vn  0.309004 -0.448727 -0.838547
vn  0.170567 -0.597288 -0.783680
vn  0.112990 -0.360882 -0.925741
vn  -0.030214 -0.319801 -0.947003
vn  -0.204259 -0.261280 -0.943404
vn  -0.378718 -0.184634 -0.906909
vn  -0.523341 -0.137202 -0.841005
vn  -0.645125 -0.248605 -0.722502
vn  -0.690596 -0.206059 -0.693266
vn  -0.576806 0.119869 -0.808038
vn  -0.652083 0.360882 -0.666747
vn  -0.724526 0.614666 -0.311845
vn  -0.534218 0.816147 -0.220261
vn  -0.581392 0.813615 0.003766
vn  -0.391227 0.920287 0.003759
vn  -0.364102 0.920287 -0.143188
vn  -0.237812 0.966955 -0.091892
vn  -0.246489 0.969146 0.000000
vn  -0.145485 0.986960 -0.068874
vn  -0.147967 0.988985 0.003720
vn  -0.071076 0.995383 -0.064498
vn  -0.069754 0.997557 0.003718
vn  0.000000 1.000000 0.000000
vn  -0.000000 0.997853 -0.065494
vn  -0.065075 0.987654 -0.142494
vn  0.001865 0.989623 -0.143679
vn  -0.127035 0.983208 -0.131009
vn  -0.183565 0.964690 -0.188884
vn  -0.084576 0.968059 -0.236025
vn  0.003759 0.969146 -0.246460
vn  -0.141437 0.920287 -0.364785
vn  0.001880 0.915079 -0.403270
vn  -0.273310 0.920287 -0.279954
vn  -0.399171 0.816147 -0.417811
vn  -0.547187 0.604274 -0.579171
vn  -0.329849 0.417221 -0.846833
vn  -0.216774 0.816147 -0.535642
vn  -0.294434 0.604274 -0.740379
vn  -0.003765 0.805924 -0.592007
vn  -0.003769 0.607750 -0.794120
vn  0.001886 0.436974 -0.899472
vn  -0.330724 0.257060 -0.908043
vn  0.001888 0.303194 -0.952927
vn  -0.001886 0.206059 -0.978538
vn  -0.390946 0.150174 -0.908080
vn  0.001888 0.163120 -0.986604
vn  -0.442637 0.128540 -0.887440
vn  0.001886 0.093804 -0.995589
vn  -0.634138 -0.028397 -0.772699
vn  -0.706224 -0.235888 -0.667537
vn  -0.752978 0.037131 -0.656998
vn  -0.468025 0.067674 -0.881120
vn  -0.000000 -0.002185 -0.999998
vn  -0.497722 -0.019661 -0.867114
vn  -0.001887 -0.115530 -0.993302
vn  -0.782412 0.015292 -0.622573
vn  -0.837090 -0.067674 -0.542862
vn  -0.694779 -0.269705 -0.666740
vn  -0.546475 -0.210333 -0.810633
vn  -0.741918 -0.257060 -0.619256
vn  -0.844452 -0.141528 -0.516595
vn  -0.907992 -0.041497 -0.416928
vn  -0.820271 -0.067674 -0.567957
vn  -0.564144 -0.124206 -0.816281
vn  0.003777 -0.206059 -0.978532
vn  -0.613332 -0.210333 -0.761304
vn  0.001888 -0.269705 -0.962941
vn  -0.665652 -0.261280 -0.699028
vn  -0.708351 -0.282304 -0.646949
vn  -0.001888 -0.294855 -0.955540
vn  0.001889 -0.315658 -0.948871
vn  -0.726293 -0.294855 -0.620934
vn  0.003776 -0.328069 -0.944646
vn  -0.751076 -0.299027 -0.588615
vn  0.001887 -0.332193 -0.943210
vn  -0.751873 -0.303193 -0.585458
vn  -0.742788 -0.319801 -0.588212
vn  0.003779 -0.352719 -0.935722
vn  -0.725092 -0.360882 -0.586520
vn  0.003778 -0.389233 -0.921131
vn  -0.003779 -0.460402 -0.887702
vn  -0.675053 -0.448727 -0.585618
vn  -0.000000 -0.607750 -0.794129
vn  -0.595184 -0.607750 -0.525734
vn  0.003783 -0.861253 -0.508162
vn  -0.464281 -0.808503 -0.361616
vn  0.000000 -0.999227 0.039314
vn  -0.485035 -0.872149 0.064015
vn  0.003779 -0.800720 0.599027
vn  -0.432710 -0.754056 0.494127
vn  0.000000 -0.483514 0.875337
vn  -0.875634 -0.154492 -0.457600
vn  -0.917196 -0.218868 -0.332939
vn  -0.819602 -0.568894 0.067914
vn  -0.913254 -0.405273 0.041500
vn  -0.950883 -0.294855 0.094247
vn  -0.577308 -0.525011 0.625363
vn  -0.649264 -0.348627 0.675955
vn  0.000000 -0.307354 0.951595
vn  -0.664738 -0.240131 0.707433
vn  0.003777 -0.227387 0.973797
vn  0.001888 -0.269705 0.962941
vn  -0.621967 -0.265495 0.736661
vn  -0.955762 -0.257060 0.142967
vn  -0.959057 -0.261280 0.109281
vn  -0.809983 -0.261280 0.525033
vn  -0.702957 -0.611214 0.363688
vn  -0.267884 -0.385205 0.883094
vn  -0.416626 -0.768225 0.486060
vn  -0.001890 -0.842967 0.537961
vn  -0.365228 -0.756919 -0.541924
vn  -0.000000 -0.826122 -0.563492
vn  -0.001888 -0.409263 0.912414
vn  -0.570252 -0.638501 -0.516846
vn  -0.235366 -0.389233 -0.890562
vn  -0.408528 -0.360882 -0.838373
vn  -0.538741 -0.286493 -0.792263
vn  -0.493712 -0.385205 -0.779657
vn  -0.670276 -0.536122 -0.513131
vn  -0.846159 -0.483514 0.224120
vn  -0.884375 -0.252835 0.392371
vn  -0.965381 -0.252835 0.064142
vn  -0.967325 -0.252835 -0.018878
vn  0.001888 -0.425147 -0.905123
vn  0.001888 -0.393255 -0.919428
vn  -0.398707 -0.340423 -0.851554
vn  -0.000000 -0.360882 -0.932611
vn  -0.924154 -0.252835 0.286381
vn  -0.962908 -0.252835 -0.094245
vn  -0.946887 -0.252835 0.198694
vn  -0.945622 -0.248605 -0.209747
vn  -0.971714 -0.235888 0.011321
vn  -0.962842 -0.248605 0.105501
vn  -0.950231 -0.303194 -0.071661
vn  -0.942723 -0.328069 -0.060370
vn  -0.971748 -0.193215 -0.135553
vn  -0.958791 -0.273910 -0.075458
vn  -0.951533 -0.128540 -0.279395
vn  -0.919418 -0.137202 -0.368573
vn  -0.837469 -0.235888 -0.492954
vn  -0.954264 -0.197500 -0.224441
vn  -0.860626 -0.244371 -0.446772
vn  -0.875319 -0.257060 -0.409557
vn  -0.962629 -0.244371 -0.116738
vn  -0.853475 -0.273910 -0.443345
vn  -0.833164 -0.286493 -0.473033
vn  -0.809080 -0.311509 -0.498350
vn  -0.768244 -0.269705 -0.580569
vn  -0.735224 -0.269705 -0.621856
vn  -0.725378 -0.269705 -0.633314
vn  -0.757889 -0.286493 -0.586111
vn  -0.644743 -0.265495 -0.716812
vn  -0.704278 -0.286493 -0.649549
vn  -0.711344 -0.273910 -0.647273
vn  -0.615677 -0.282304 -0.735694
vn  -0.419770 -0.265495 -0.867932
vn  -0.277082 -0.311509 -0.908949
vn  -0.591582 -0.299027 -0.748741
vn  -0.720388 -0.269705 -0.638984
vn  -0.732305 -0.278110 -0.621598
vn  -0.555932 -0.332193 -0.761963
vn  -0.120482 -0.360882 -0.924796
vn  0.032092 -0.425147 -0.904555
vn  -0.494712 -0.586724 -0.641104
vn  -0.811134 -0.340423 -0.475578
vn  -0.489718 -0.413246 -0.767727
vn  -0.745557 -0.294855 -0.597667
vn  -0.718450 -0.282304 -0.635715
vn  -0.792923 -0.332193 -0.510804
vn  -0.932581 -0.360882 -0.007551
vn  -0.905851 -0.409263 0.109259
vn  -0.765871 -0.360882 -0.532171
vn  -0.698057 -0.303193 -0.648683
vn  -0.745557 -0.294855 -0.597667
vn  -0.795256 -0.299027 -0.527400
vn  -0.679222 -0.311509 -0.664545
vn  -0.735600 -0.436974 -0.517635
vn  -0.634494 -0.307354 -0.709190
vn  -0.805805 -0.286493 -0.518267
vn  -0.704134 -0.307354 -0.640100
vn  -0.692896 -0.303193 -0.654194
vn  0.003776 -0.299027 -0.954237
vn  0.003778 -0.389233 -0.921131
vn  -0.659584 -0.401274 -0.635553
vn  -0.000000 -0.576059 -0.817408
vn  -0.568596 -0.600787 -0.561920
vn  -0.403214 -0.816147 -0.413911
vn  -0.807207 -0.590257 0.003779
vn  -0.466195 -0.884674 -0.003785
vn  -0.000000 -1.000000 -0.000000
vn  -0.001888 -0.872149 -0.489237
vn  -0.914188 -0.405272 0.003774
vn  -0.951595 -0.307354 -0.000000
vn  -0.955535 -0.294855 0.003776
vn  -0.951595 -0.307354 -0.000000
vn  -0.842326 -0.307354 -0.442742
vn  -0.880873 -0.385205 -0.275099
vn  -0.914188 -0.405272 0.003774
vn  -0.943204 -0.332193 0.003775
vn  0.581276 -0.736580 0.345786
vn  -0.350653 -0.936498 0.003786
vn  -0.302971 -0.823652 0.479382
vn  0.626657 -0.779295 -0.000000
vn  -0.814883 -0.579625 -0.000000
vn  -0.626813 -0.536122 0.565401
vn  -0.819917 -0.572482 -0.000000
vn  -0.633928 -0.539805 0.553846
vn  -0.471680 -0.724647 0.502399
vn  -0.530564 -0.847636 0.003780
vn  -0.001891 -0.813615 0.581401
vn  0.008739 -0.999962 -0.000000
vn  0.537965 -0.842967 -0.000000
vn  0.466501 -0.730641 0.498538
vn  0.829797 -0.558065 -0.000000
vn  -0.003777 -0.528725 0.848785
vn  0.024537 -0.464277 0.885350
vn  0.636983 -0.554434 0.535588
vn  0.686850 -0.425147 0.589481
vn  0.912416 -0.409263 -0.000000
vn  0.734124 -0.340423 0.587515
vn  0.946078 -0.323938 -0.000000
vn  0.778201 -0.286493 0.558861
vn  0.962943 -0.269705 -0.000000
vn  0.808199 -0.231639 0.541441
vn  0.978540 -0.206059 -0.000000
vn  0.850219 -0.128540 0.510496
vn  0.995171 -0.098153 -0.000000
vn  0.999998 -0.002185 -0.000000
vn  0.888463 -0.032765 0.457777
vn  0.911724 0.019661 0.410333
vn  0.998261 0.058953 0.000000
vn  0.925594 0.045862 0.375729
vn  0.993799 0.111189 0.000000
vn  0.908532 0.210333 0.361012
vn  0.964112 0.265495 0.000000
vn  0.895621 0.444818 0.000000
vn  0.836586 0.425147 0.345505
vn  0.780663 0.624953 0.000000
vn  0.788796 0.072032 0.610420
vn  0.764283 -0.119869 0.633642
vn  0.672262 -0.063314 0.737601
vn  0.622165 -0.098153 0.776709
vn  0.516512 -0.193215 0.834196
vn  0.392262 -0.282304 0.875463
vn  0.293350 -0.328069 0.897951
vn  0.163490 -0.397268 0.903022
vn  -0.305456 -0.448727 0.839846
vn  -0.174256 -0.597288 0.782867
vn  -0.112990 -0.360882 0.925741
vn  0.030214 -0.319801 0.947003
vn  0.200566 -0.261280 0.944196
vn  0.378718 -0.184634 0.906909
vn  0.523341 -0.137202 0.841005
vn  0.645125 -0.248605 0.722502
vn  0.690596 -0.206059 0.693266
vn  0.576806 0.119869 0.808038
vn  0.654773 0.360882 0.664105
vn  0.723027 0.614666 0.315306
vn  0.534218 0.816147 0.220261
vn  0.581404 0.813615 0.000000
vn  0.391245 0.920287 0.000000
vn  0.362709 0.920286 0.146679
vn  0.236431 0.966955 0.095389
vn  0.246489 0.969146 0.000000
vn  0.147048 0.986960 0.065470
vn  0.148013 0.988985 0.000000
vn  0.068522 0.995383 0.067206
vn  0.069853 0.997557 0.000000
vn  0.000000 1.000000 0.000000
vn  0.000000 0.997853 0.065494
vn  0.065075 0.987654 0.142494
vn  0.001865 0.989623 0.143679
vn  0.129698 0.983208 0.128373
vn  0.183565 0.964690 0.188884
vn  0.084576 0.968059 0.236025
vn  0.003759 0.969146 0.246460
vn  0.137926 0.920286 0.366127
vn  0.001880 0.915079 0.403270
vn  0.275987 0.920286 0.277316
vn  0.399171 0.816147 0.417811
vn  0.547187 0.604274 0.579171
vn  0.326332 0.417221 0.848195
vn  0.216774 0.816147 0.535642
vn  0.294434 0.604274 0.740379
vn  0.003765 0.805924 0.592007
vn  -0.003769 0.607750 0.794120
vn  0.001886 0.436974 0.899472
vn  0.327177 0.257060 0.909327
vn  0.001888 0.303193 0.952927
vn  -0.001886 0.206059 0.978538
vn  0.387477 0.150174 0.909566
vn  0.001888 0.163120 0.986604
vn  0.439255 0.128540 0.889119
vn  0.001886 0.093804 0.995589
vn  0.634138 -0.028397 0.772699
vn  0.703626 -0.235888 0.670274
vn  0.752978 0.037131 0.656998
vn  0.468025 0.067674 0.881120
vn  0.000000 -0.002185 0.999998
vn  0.497722 -0.019661 0.867114
vn  -0.001887 -0.115530 0.993302
vn  0.782412 0.015292 0.622573
vn  0.837091 -0.067674 0.542862
vn  0.697388 -0.269705 0.664009
vn  0.549603 -0.210333 0.808515
vn  0.741918 -0.257060 0.619256
vn  0.844452 -0.141528 0.516595
vn  0.907992 -0.041497 0.416928
vn  0.820271 -0.067674 0.567957
vn  0.564144 -0.124206 0.816281
vn  0.003777 -0.206059 0.978532
vn  0.610386 -0.210333 0.763668
vn  0.001888 -0.269705 0.962941
vn  0.668382 -0.261280 0.696418
vn  0.708351 -0.282304 0.646949
vn  -0.001888 -0.294855 0.955540
vn  0.001889 -0.315658 0.948871
vn  0.723834 -0.294855 0.623799
vn  0.003776 -0.328069 0.944646
vn  0.751076 -0.299027 0.588615
vn  0.001887 -0.332193 0.943209
vn  0.749548 -0.303194 0.588432
vn  0.742788 -0.319801 0.588212
vn  0.003779 -0.352719 0.935722
vn  0.725092 -0.360882 0.586520
vn  0.003778 -0.389234 0.921131
vn  0.003779 -0.460402 0.887702
vn  0.677523 -0.448727 0.582758
vn  0.000000 -0.607750 0.794129
vn  0.595184 -0.607750 0.525733
vn  0.003783 -0.861253 0.508162
vn  0.461948 -0.808503 0.364592
vn  -0.000000 -0.999227 -0.039314
vn  0.484526 -0.872149 -0.067757
vn  -0.003779 -0.800720 -0.599027
vn  0.432710 -0.754056 -0.494127
vn  -0.000000 -0.483514 -0.875337
vn  0.875634 -0.154492 0.457600
vn  0.917196 -0.218868 0.332939
vn  0.819602 -0.568894 -0.067914
vn  0.913074 -0.405273 -0.045270
vn  0.950503 -0.294855 -0.098004
vn  0.577308 -0.525011 -0.625363
vn  0.649264 -0.348627 -0.675955
vn  -0.000000 -0.307354 -0.951595
vn  0.664738 -0.240131 -0.707433
vn  -0.003777 -0.227386 -0.973797
vn  0.001888 -0.269705 -0.962941
vn  0.621967 -0.265495 -0.736661
vn  0.955762 -0.257060 -0.142967
vn  0.959477 -0.261280 -0.105528
vn  0.812031 -0.261280 -0.521861
vn  0.702957 -0.611214 -0.363688
vn  0.267884 -0.385205 -0.883094
vn  0.416626 -0.768224 -0.486060
vn  -0.001890 -0.842967 -0.537962
vn  0.362087 -0.756919 0.544028
vn  0.000000 -0.826122 0.563492
vn  -0.001888 -0.409263 -0.912414
vn  0.570252 -0.638501 0.516846
vn  0.235366 -0.389234 0.890562
vn  0.408528 -0.360882 0.838373
vn  0.535614 -0.286493 0.794380
vn  0.493712 -0.385205 0.779657
vn  0.670276 -0.536122 0.513131
vn  0.846159 -0.483514 -0.224120
vn  0.882837 -0.252835 -0.395820
vn  0.965624 -0.252835 -0.060374
vn  0.967391 -0.252835 0.015103
vn  0.001888 -0.425147 0.905123
vn  0.001888 -0.393255 0.919428
vn  0.398707 -0.340423 0.851554
vn  0.000000 -0.360882 0.932611
vn  0.923029 -0.252835 -0.289985
vn  0.962533 -0.252835 0.098002
vn  0.947655 -0.252835 -0.194997
vn  0.945622 -0.248605 0.209747
vn  0.971751 -0.235888 -0.007547
vn  0.962842 -0.248605 -0.105501
vn  0.950507 -0.303193 0.067896
vn  0.942723 -0.328069 0.060370
vn  0.971748 -0.193215 0.135553
vn  0.958791 -0.273910 0.075458
vn  0.950462 -0.128540 0.283017
vn  0.919418 -0.137202 0.368573
vn  0.835548 -0.235888 0.496202
vn  0.954264 -0.197500 0.224441
vn  0.858880 -0.244371 0.450119
vn  0.875319 -0.257060 0.409557
vn  0.962168 -0.244371 0.120485
vn  0.853475 -0.273910 0.443344
vn  0.831293 -0.286493 0.476313
vn  0.807094 -0.311509 0.501559
vn  0.770515 -0.269705 0.577551
vn  0.737657 -0.269705 0.618968
vn  0.722888 -0.269705 0.636154
vn  0.755573 -0.286493 0.589093
vn  0.644743 -0.265495 0.716812
vn  0.701712 -0.286493 0.652320
vn  0.711344 -0.273910 0.647273
vn  0.615677 -0.282304 0.735694
vn  0.419770 -0.265495 0.867932
vn  0.280690 -0.311509 0.907841
vn  0.591582 -0.299027 0.748741
vn  0.717876 -0.269705 0.641804
vn  0.729855 -0.278110 0.624473
vn  0.552878 -0.332193 0.764182
vn  0.120482 -0.360882 0.924796
vn  -0.035865 -0.425147 0.904414
vn  0.494712 -0.586724 0.641104
vn  0.811134 -0.340423 0.475578
vn  0.489718 -0.413246 0.767727
vn  0.743189 -0.294855 0.600608
vn  0.718450 -0.282304 0.635715
vn  0.790872 -0.332193 0.513973
vn  0.932581 -0.360882 0.007551
vn  0.906296 -0.409263 -0.105508
vn  0.765871 -0.360882 0.532171
vn  0.700621 -0.303194 0.645913
vn  0.747913 -0.294855 0.594716
vn  0.795256 -0.299027 0.527400
vn  0.676577 -0.311509 0.667237
vn  0.735600 -0.436974 0.517635
vn  0.634494 -0.307354 0.709190
vn  0.803755 -0.286493 0.521439
vn  0.704134 -0.307354 0.640100
vn  0.690298 -0.303194 0.656934
vn  0.003776 -0.299027 0.954237
vn  0.003778 -0.389234 0.921131
vn  0.659584 -0.401274 0.635553
vn  0.000000 -0.576059 0.817408
vn  0.565935 -0.600787 0.564600
vn  0.403214 -0.816147 0.413911
vn  0.807215 -0.590257 -0.000000
vn  0.466211 -0.884674 -0.000000
vn  -0.000000 -1.000000 -0.000000
vn  -0.001888 -0.872149 0.489237
vn  0.914196 -0.405273 -0.000000
vn  0.951595 -0.307354 -0.000000
vn  0.955542 -0.294855 -0.000000
vn  0.951595 -0.307354 -0.000000
vn  0.842326 -0.307354 0.442742
vn  0.880873 -0.385205 0.275099
vn  0.914196 -0.405273 -0.000000
vn  0.943211 -0.332193 -0.000000
vn  -0.581276 -0.736580 0.345786
vn  0.350673 -0.936498 -0.000000
vn  -0.626645 -0.779295 0.003779
vn  0.299766 -0.823652 0.481392
vn  0.814883 -0.579625 -0.000000
vn  0.626813 -0.536122 0.565401
vn  0.819917 -0.572482 -0.000000
vn  0.633928 -0.539805 0.553846
vn  0.474428 -0.724647 0.499805
vn  0.530578 -0.847636 -0.000000
vn  0.005672 -0.813615 0.581377
vn  -0.007873 -0.999962 0.003792
vn  -0.537952 -0.842967 0.003781
vn  -0.466501 -0.730641 0.498538
vn  -0.829797 -0.558065 -0.000000
vn  0.003777 -0.528725 0.848785
vn  -0.020763 -0.464277 0.885447
vn  -0.636983 -0.554434 0.535588
vn  -0.689303 -0.425147 0.586610
vn  -0.912409 -0.409263 -0.003777
vn  -0.734124 -0.340423 0.587515
vn  -0.946071 -0.323938 -0.003777
vn  -0.167207 -0.397268 0.902341
vn  0.309004 -0.448727 0.838547
vn  0.170567 -0.597288 0.783679
vn  -0.494712 -0.586724 0.641104
vn  0.032092 -0.425147 0.904555
vn  0.112990 -0.360882 0.925741
vn  -0.293350 -0.328069 0.897951
vn  -0.780398 -0.286493 0.555789
vn  -0.962936 -0.269705 0.003777
vn  -0.810295 -0.231639 0.538298
vn  -0.978540 -0.206059 -0.000000
vn  -0.392262 -0.282304 0.875463
vn  -0.030214 -0.319801 0.947003
vn  -0.120482 -0.360882 0.924796
vn  -0.489718 -0.413246 0.767727
vn  -0.811134 -0.340423 0.475578
vn  -0.880873 -0.385205 0.275099
vn  -0.914188 -0.405272 0.003774
vn  -0.943204 -0.332193 0.003775
vn  -0.842326 -0.307354 0.442742
vn  -0.951595 -0.307354 -0.000000
vn  -0.795256 -0.299027 0.527400
vn  -0.745557 -0.294855 0.597667
vn  -0.745557 -0.294855 0.597667
vn  -0.555932 -0.332193 0.761963
vn  -0.277082 -0.311509 0.908949
vn  -0.204259 -0.261280 0.943404
vn  -0.516512 -0.193215 0.834196
vn  -0.852156 -0.128540 0.507254
vn  -0.995171 -0.098153 -0.000000
vn  -0.999998 -0.002185 -0.000000
vn  -0.888463 -0.032765 0.457777
vn  -0.911724 0.019661 0.410333
vn  -0.998254 0.058953 0.003774
vn  -0.927008 0.045862 0.372227
vn  -0.993792 0.111189 0.003775
vn  -0.908532 0.210333 0.361012
vn  -0.964105 0.265495 0.003772
vn  -0.895621 0.444818 0.000000
vn  -0.836586 0.425147 0.345505
vn  -0.780663 0.624953 0.000000
vn  -0.788796 0.072032 0.610420
vn  -0.764283 -0.119869 0.633642
vn  -0.669469 -0.063314 0.740137
vn  -0.622165 -0.098153 0.776709
vn  -0.378718 -0.184634 0.906909
vn  -0.523341 -0.137202 0.841005
vn  -0.645125 -0.248605 0.722502
vn  -0.690596 -0.206059 0.693266
vn  -0.706224 -0.235888 0.667537
vn  -0.694779 -0.269705 0.666740
vn  -0.546475 -0.210333 0.810633
vn  -0.419770 -0.265495 0.867932
vn  -0.591582 -0.299027 0.748741
vn  -0.732305 -0.278110 0.621598
vn  -0.718450 -0.282304 0.635715
vn  -0.698057 -0.303194 0.648683
vn  -0.679222 -0.311509 0.664545
vn  -0.634494 -0.307354 0.709190
vn  -0.805805 -0.286493 0.518267
vn  -0.955535 -0.294855 0.003776
vn  -0.704134 -0.307354 0.640100
vn  -0.692896 -0.303194 0.654194
vn  -0.951595 -0.307354 -0.000000
vn  -0.914188 -0.405272 0.003774
vn  -0.659584 -0.401274 0.635553
vn  -0.807207 -0.590257 0.003779
vn  -0.568596 -0.600787 0.561920
vn  -0.403214 -0.816147 0.413911
vn  0.000000 -0.576059 0.817408
vn  -0.001888 -0.872149 0.489237
vn  -0.000000 -1.000000 -0.000000
vn  -0.466195 -0.884674 -0.003785
vn  0.003778 -0.389234 0.921131
vn  0.003776 -0.299027 0.954237
vn  0.000000 -0.360882 0.932611
vn  -0.398707 -0.340423 0.851554
vn  -0.538741 -0.286493 0.792263
vn  0.001888 -0.393255 0.919428
vn  -0.235366 -0.389234 0.890562
vn  0.001888 -0.425147 0.905123
vn  0.000000 -0.826122 0.563492
vn  -0.365228 -0.756919 0.541924
vn  -0.001890 -0.842967 -0.537962
vn  -0.408528 -0.360882 0.838373
vn  -0.493712 -0.385205 0.779657
vn  -0.570252 -0.638501 0.516846
vn  -0.416626 -0.768224 -0.486060
vn  -0.267884 -0.385205 -0.883094
vn  -0.001888 -0.409263 -0.912414
vn  0.001888 -0.269705 -0.962941
vn  -0.621967 -0.265495 -0.736661
vn  -0.664738 -0.240131 -0.707433
vn  -0.003777 -0.227386 -0.973797
vn  -0.000000 -0.307354 -0.951595
vn  -0.649264 -0.348627 -0.675955
vn  -0.000000 -0.483514 -0.875337
vn  -0.577308 -0.525011 -0.625363
vn  -0.432710 -0.754056 -0.494127
vn  -0.003779 -0.800720 -0.599027
vn  -0.485035 -0.872149 -0.064015
vn  -0.000000 -0.999227 -0.039314
vn  -0.464281 -0.808503 0.361616
vn  0.003783 -0.861253 0.508162
vn  -0.819602 -0.568894 -0.067914
vn  -0.913254 -0.405273 -0.041500
vn  -0.595184 -0.607750 0.525733
vn  0.000000 -0.607750 0.794129
vn  -0.675052 -0.448727 0.585618
vn  0.003779 -0.460402 0.887702
vn  -0.725092 -0.360882 0.586520
vn  0.003778 -0.389234 0.921131
vn  0.003779 -0.352719 0.935722
vn  -0.742788 -0.319801 0.588212
vn  0.001887 -0.332193 0.943209
vn  -0.950883 -0.294855 -0.094247
vn  -0.955762 -0.257060 -0.142967
vn  -0.959057 -0.261280 -0.109281
vn  -0.751873 -0.303194 0.585458
vn  -0.751076 -0.299027 0.588615
vn  0.003776 -0.328069 0.944646
vn  -0.726293 -0.294855 0.620934
vn  0.001889 -0.315658 0.948871
vn  -0.708351 -0.282304 0.646949
vn  -0.001888 -0.294855 0.955540
vn  0.001888 -0.269705 0.962941
vn  -0.665652 -0.261280 0.699028
vn  -0.613332 -0.210333 0.761304
vn  0.003777 -0.206059 0.978532
vn  -0.564144 -0.124206 0.816281
vn  -0.001887 -0.115530 0.993302
vn  -0.497722 -0.019661 0.867114
vn  0.000000 -0.002185 0.999998
vn  -0.468025 0.067674 0.881120
vn  0.001886 0.093804 0.995589
vn  -0.442637 0.128540 0.887440
vn  0.001888 0.163120 0.986604
vn  -0.390946 0.150174 0.908080
vn  -0.001886 0.206059 0.978538
vn  -0.330724 0.257060 0.908043
vn  0.001888 0.303193 0.952927
vn  0.001886 0.436974 0.899472
vn  -0.329849 0.417221 0.846833
vn  -0.003769 0.607750 0.794120
vn  -0.294434 0.604274 0.740379
vn  0.003765 0.805924 0.592007
vn  -0.216774 0.816147 0.535642
vn  0.001880 0.915079 0.403270
vn  -0.141437 0.920286 0.364785
vn  0.003759 0.969146 0.246460
vn  -0.084576 0.968059 0.236025
vn  0.001865 0.989623 0.143679
vn  -0.065075 0.987654 0.142494
vn  0.000000 0.997853 0.065494
vn  -0.071076 0.995383 0.064498
vn  0.000000 1.000000 0.000000
vn  -0.069754 0.997557 0.003718
vn  -0.147967 0.988985 0.003720
vn  -0.145485 0.986960 0.068874
vn  -0.246489 0.969146 0.000000
vn  -0.237812 0.966955 0.091892
vn  -0.391227 0.920287 0.003759
vn  -0.127035 0.983208 0.131009
vn  -0.183565 0.964690 0.188884
vn  -0.273310 0.920286 0.279954
vn  -0.399171 0.816147 0.417811
vn  -0.547187 0.604274 0.579171
vn  -0.652083 0.360882 0.666747
vn  -0.724526 0.614666 0.311845
vn  -0.534218 0.816147 0.220261
vn  -0.364102 0.920286 0.143188
vn  -0.581392 0.813615 0.003766
vn  -0.576806 0.119869 0.808038
vn  -0.634138 -0.028397 0.772699
vn  -0.752978 0.037131 0.656998
vn  -0.782412 0.015292 0.622573
vn  -0.820271 -0.067674 0.567957
vn  -0.875634 -0.154492 0.457600
vn  -0.917196 -0.218868 0.332939
vn  -0.945622 -0.248605 0.209747
vn  -0.962908 -0.252835 0.094245
vn  -0.967325 -0.252835 0.018878
vn  -0.965381 -0.252835 -0.064142
vn  -0.884375 -0.252835 -0.392371
vn  -0.924154 -0.252835 -0.286381
vn  -0.946887 -0.252835 -0.198694
vn  -0.962842 -0.248605 -0.105501
vn  -0.971714 -0.235888 -0.011321
vn  -0.971748 -0.193215 0.135553
vn  -0.951533 -0.128540 0.279395
vn  -0.907992 -0.041497 0.416928
vn  -0.837091 -0.067674 0.542862
vn  -0.844452 -0.141528 0.516595
vn  -0.741918 -0.257060 0.619256
vn  -0.644743 -0.265495 0.716812
vn  -0.615677 -0.282304 0.735694
vn  -0.720388 -0.269705 0.638984
vn  -0.725378 -0.269705 0.633314
vn  -0.809080 -0.311509 0.498350
vn  -0.792923 -0.332193 0.510804
vn  -0.765871 -0.360882 0.532171
vn  -0.735600 -0.436974 0.517635
vn  -0.670276 -0.536122 0.513131
vn  -0.702957 -0.611214 -0.363688
vn  -0.809983 -0.261280 -0.525033
vn  -0.846159 -0.483514 -0.224120
vn  -0.905851 -0.409263 -0.109259
vn  -0.932581 -0.360882 0.007551
vn  -0.942723 -0.328069 0.060370
vn  -0.950231 -0.303194 0.071661
vn  -0.958791 -0.273910 0.075458
vn  -0.962629 -0.244371 0.116738
vn  -0.954264 -0.197500 0.224441
vn  -0.919418 -0.137202 0.368573
vn  -0.837469 -0.235888 0.492954
vn  -0.860626 -0.244371 0.446772
vn  -0.875319 -0.257060 0.409557
vn  -0.853475 -0.273910 0.443344
vn  -0.833164 -0.286493 0.473033
vn  -0.735224 -0.269705 0.621856
vn  -0.711344 -0.273910 0.647273
vn  -0.704278 -0.286493 0.649549
vn  -0.757889 -0.286493 0.586111
vn  -0.768244 -0.269705 0.580569

g Fire_Fire_0
usemtl Fire
f  1257/1257/1257 1258/1258/1258 1259/1259/1259
f  1260/1260/1260 1259/1259/1259 1258/1258/1258
f  1259/1259/1259 1260/1260/1260 1261/1261/1261
f  1262/1262/1262 1261/1261/1261 1260/1260/1260
f  1261/1261/1261 1262/1262/1262 1263/1263/1263
f  1264/1264/1264 1263/1263/1263 1262/1262/1262
f  1265/1265/1265 1263/1263/1263 1264/1264/1264
f  1263/1263/1263 1265/1265/1265 1266/1266/1266
f  1267/1267/1267 1266/1266/1266 1265/1265/1265
f  1266/1266/1266 1267/1267/1267 1268/1268/1268
f  1268/1268/1268 1267/1267/1267 1269/1269/1269
f  1270/1270/1270 1269/1269/1269 1267/1267/1267
f  1269/1269/1269 1270/1270/1270 1271/1271/1271
f  1265/1265/1265 1272/1272/1272 1267/1267/1267
f  1264/1264/1264 1272/1272/1272 1265/1265/1265
f  1267/1267/1267 1272/1272/1272 1270/1270/1270
f  1262/1262/1262 1273/1273/1273 1264/1264/1264
f  1272/1272/1272 1264/1264/1264 1273/1273/1273
f  1273/1273/1273 1274/1274/1274 1272/1272/1272
f  1272/1272/1272 1274/1274/1274 1270/1270/1270
f  1270/1270/1270 1274/1274/1274 1271/1271/1271
f  1273/1273/1273 1275/1275/1275 1274/1274/1274
f  1275/1275/1275 1271/1271/1271 1274/1274/1274
f  1271/1271/1271 1275/1275/1275 1276/1276/1276
f  1277/1277/1277 1276/1276/1276 1275/1275/1275
f  1276/1276/1276 1277/1277/1277 1278/1278/1278
f  1275/1275/1275 1273/1273/1273 1279/1279/1279
f  1277/1277/1277 1275/1275/1275 1279/1279/1279
f  1279/1279/1279 1273/1273/1273 1280/1280/1280
f  1260/1260/1260 1280/1280/1280 1262/1262/1262
f  1262/1262/1262 1280/1280/1280 1273/1273/1273
f  1280/1280/1280 1260/1260/1260 1281/1281/1281
f  1282/1282/1282 1260/1260/1260 1258/1258/1258
f  1282/1282/1282 1281/1281/1281 1260/1260/1260
f  1283/1283/1283 1281/1281/1281 1282/1282/1282
f  1280/1280/1280 1284/1284/1284 1279/1279/1279
f  1281/1281/1281 1284/1284/1284 1280/1280/1280
f  1284/1284/1284 1281/1281/1281 1283/1283/1283
f  1279/1279/1279 1285/1285/1285 1277/1277/1277
f  1285/1285/1285 1279/1279/1279 1284/1284/1284
f  1286/1286/1286 1277/1277/1277 1285/1285/1285
f  1277/1277/1277 1286/1286/1286 1278/1278/1278
f  1278/1278/1278 1286/1286/1286 1287/1287/1287
f  1288/1288/1288 1287/1287/1287 1286/1286/1286
f  1287/1287/1287 1288/1288/1288 1289/1289/1289
f  1285/1285/1285 1290/1290/1290 1286/1286/1286
f  1286/1286/1286 1290/1290/1290 1288/1288/1288
f  1290/1290/1290 1285/1285/1285 1291/1291/1291
f  1284/1284/1284 1291/1291/1291 1285/1285/1285
f  1283/1283/1283 1291/1291/1291 1284/1284/1284
f  1291/1291/1291 1283/1283/1283 1292/1292/1292
f  1282/1282/1282 1293/1293/1293 1283/1283/1283
f  1292/1292/1292 1283/1283/1283 1293/1293/1293
f  1258/1258/1258 1294/1294/1294 1282/1282/1282
f  1293/1293/1293 1282/1282/1282 1294/1294/1294
f  1294/1294/1294 1258/1258/1258 1295/1295/1295
f  1257/1257/1257 1295/1295/1295 1258/1258/1258
f  1296/1296/1296 1295/1295/1295 1257/1257/1257
f  1297/1297/1297 1295/1295/1295 1296/1296/1296
f  1295/1295/1295 1297/1297/1297 1298/1298/1298
f  1299/1299/1299 1298/1298/1298 1297/1297/1297
f  1295/1295/1295 1300/1300/1300 1294/1294/1294
f  1298/1298/1298 1300/1300/1300 1295/1295/1295
f  1301/1301/1301 1294/1294/1294 1300/1300/1300
f  1294/1294/1294 1302/1302/1302 1293/1293/1293
f  1302/1302/1302 1294/1294/1294 1301/1301/1301
f  1293/1293/1293 1303/1303/1303 1292/1292/1292
f  1303/1303/1303 1293/1293/1293 1302/1302/1302
f  1304/1304/1304 1292/1292/1292 1303/1303/1303
f  1305/1305/1305 1292/1292/1292 1304/1304/1304
f  1292/1292/1292 1305/1305/1305 1291/1291/1291
f  1291/1291/1291 1305/1305/1305 1290/1290/1290
f  1290/1290/1290 1306/1306/1306 1288/1288/1288
f  1306/1306/1306 1290/1290/1290 1305/1305/1305
f  1288/1288/1288 1307/1307/1307 1289/1289/1289
f  1307/1307/1307 1288/1288/1288 1306/1306/1306
f  1289/1289/1289 1307/1307/1307 1308/1308/1308
f  1308/1308/1308 1307/1307/1307 1309/1309/1309
f  1310/1310/1310 1309/1309/1309 1307/1307/1307
f  1311/1311/1311 1309/1309/1309 1310/1310/1310
f  1309/1309/1309 1311/1311/1311 1312/1312/1312
f  1313/1313/1313 1312/1312/1312 1311/1311/1311
f  1312/1312/1312 1313/1313/1313 1314/1314/1314
f  1315/1315/1315 1314/1314/1314 1313/1313/1313
f  1314/1314/1314 1315/1315/1315 1316/1316/1316
f  1316/1316/1316 1315/1315/1315 1317/1317/1317
f  1318/1318/1318 1317/1317/1317 1315/1315/1315
f  1317/1317/1317 1318/1318/1318 1319/1319/1319
f  1313/1313/1313 1320/1320/1320 1315/1315/1315
f  1315/1315/1315 1320/1320/1320 1318/1318/1318
f  1311/1311/1311 1321/1321/1321 1313/1313/1313
f  1320/1320/1320 1313/1313/1313 1321/1321/1321
f  1321/1321/1321 1311/1311/1311 1322/1322/1322
f  1310/1310/1310 1322/1322/1322 1311/1311/1311
f  1307/1307/1307 1323/1323/1323 1310/1310/1310
f  1306/1306/1306 1323/1323/1323 1307/1307/1307
f  1305/1305/1305 1323/1323/1323 1306/1306/1306
f  1322/1322/1322 1310/1310/1310 1323/1323/1323
f  1304/1304/1304 1324/1324/1324 1305/1305/1305
f  1323/1323/1323 1305/1305/1305 1324/1324/1324
f  1324/1324/1324 1325/1325/1325 1323/1323/1323
f  1323/1323/1323 1325/1325/1325 1322/1322/1322
f  1322/1322/1322 1326/1326/1326 1321/1321/1321
f  1326/1326/1326 1322/1322/1322 1325/1325/1325
f  1321/1321/1321 1327/1327/1327 1320/1320/1320
f  1327/1327/1327 1321/1321/1321 1326/1326/1326
f  1326/1326/1326 1328/1328/1328 1327/1327/1327
f  1328/1328/1328 1326/1326/1326 1329/1329/1329
f  1325/1325/1325 1329/1329/1329 1326/1326/1326
f  1324/1324/1324 1330/1330/1330 1325/1325/1325
f  1329/1329/1329 1325/1325/1325 1330/1330/1330
f  1304/1304/1304 1331/1331/1331 1324/1324/1324
f  1330/1330/1330 1324/1324/1324 1331/1331/1331
f  1303/1303/1303 1332/1332/1332 1304/1304/1304
f  1331/1331/1331 1304/1304/1304 1332/1332/1332
f  1332/1332/1332 1303/1303/1303 1333/1333/1333
f  1302/1302/1302 1333/1333/1333 1303/1303/1303
f  1301/1301/1301 1334/1334/1334 1302/1302/1302
f  1333/1333/1333 1302/1302/1302 1334/1334/1334
f  1300/1300/1300 1335/1335/1335 1301/1301/1301
f  1334/1334/1334 1301/1301/1301 1335/1335/1335
f  1298/1298/1298 1336/1336/1336 1300/1300/1300
f  1335/1335/1335 1300/1300/1300 1336/1336/1336
f  1336/1336/1336 1298/1298/1298 1337/1337/1337
f  1299/1299/1299 1338/1338/1338 1298/1298/1298
f  1337/1337/1337 1298/1298/1298 1338/1338/1338
f  1339/1339/1339 1338/1338/1338 1299/1299/1299
f  1338/1338/1338 1339/1339/1339 1340/1340/1340
f  1340/1340/1340 1339/1339/1339 1341/1341/1341
f  1342/1342/1342 1341/1341/1341 1339/1339/1339
f  1343/1343/1343 1341/1341/1341 1342/1342/1342
f  1341/1341/1341 1343/1343/1343 1344/1344/1344
f  1345/1345/1345 1344/1344/1344 1343/1343/1343
f  1344/1344/1344 1345/1345/1345 1346/1346/1346
f  1347/1347/1347 1346/1346/1346 1345/1345/1345
f  1346/1346/1346 1348/1348/1348 1344/1344/1344
f  1346/1346/1346 1347/1347/1347 1348/1348/1348
f  1348/1348/1348 1347/1347/1347 1349/1349/1349
f  1349/1349/1349 1347/1347/1347 1350/1350/1350
f  1350/1350/1350 1347/1347/1347 1351/1351/1351
f  1345/1345/1345 1351/1351/1351 1347/1347/1347
f  1344/1344/1344 1352/1352/1352 1341/1341/1341
f  1352/1352/1352 1344/1344/1344 1348/1348/1348
f  1353/1353/1353 1341/1341/1341 1352/1352/1352
f  1354/1354/1354 1341/1341/1341 1353/1353/1353
f  1341/1341/1341 1354/1354/1354 1340/1340/1340
f  1340/1340/1340 1355/1355/1355 1338/1338/1338
f  1355/1355/1355 1340/1340/1340 1354/1354/1354
f  1338/1338/1338 1356/1356/1356 1337/1337/1337
f  1356/1356/1356 1338/1338/1338 1355/1355/1355
f  1357/1357/1357 1355/1355/1355 1354/1354/1354
f  1355/1355/1355 1358/1358/1358 1356/1356/1356
f  1355/1355/1355 1357/1357/1357 1358/1358/1358
f  1359/1359/1359 1358/1358/1358 1357/1357/1357
f  1360/1360/1360 1358/1358/1358 1359/1359/1359
f  1358/1358/1358 1360/1360/1360 1361/1361/1361
f  1362/1362/1362 1361/1361/1361 1360/1360/1360
f  1361/1361/1361 1363/1363/1363 1358/1358/1358
f  1363/1363/1363 1356/1356/1356 1358/1358/1358
f  1337/1337/1337 1356/1356/1356 1364/1364/1364
f  1356/1356/1356 1363/1363/1363 1364/1364/1364
f  1364/1364/1364 1363/1363/1363 1365/1365/1365
f  1361/1361/1361 1365/1365/1365 1363/1363/1363
f  1362/1362/1362 1366/1366/1366 1361/1361/1361
f  1365/1365/1365 1361/1361/1361 1366/1366/1366
f  1366/1366/1366 1362/1362/1362 1367/1367/1367
f  1368/1368/1368 1367/1367/1367 1362/1362/1362
f  1369/1369/1369 1367/1367/1367 1368/1368/1368
f  1367/1367/1367 1369/1369/1369 1370/1370/1370
f  1370/1370/1370 1369/1369/1369 1371/1371/1371
f  1372/1372/1372 1371/1371/1371 1369/1369/1369
f  1373/1373/1373 1371/1371/1371 1372/1372/1372
f  1371/1371/1371 1373/1373/1373 1374/1374/1374
f  1375/1375/1375 1374/1374/1374 1373/1373/1373
f  1374/1374/1374 1375/1375/1375 1376/1376/1376
f  1376/1376/1376 1375/1375/1375 1377/1377/1377
f  1378/1378/1378 1377/1377/1377 1375/1375/1375
f  1377/1377/1377 1378/1378/1378 1379/1379/1379
f  1380/1380/1380 1379/1379/1379 1378/1378/1378
f  1379/1379/1379 1380/1380/1380 1381/1381/1381
f  1382/1382/1382 1381/1381/1381 1380/1380/1380
f  1381/1381/1381 1383/1383/1383 1379/1379/1379
f  1379/1379/1379 1383/1383/1383 1377/1377/1377
f  1377/1377/1377 1383/1383/1383 1376/1376/1376
f  1376/1376/1376 1384/1384/1384 1374/1374/1374
f  1384/1384/1384 1376/1376/1376 1383/1383/1383
f  1383/1383/1383 1385/1385/1385 1384/1384/1384
f  1381/1381/1381 1385/1385/1385 1383/1383/1383
f  1382/1382/1382 1385/1385/1385 1381/1381/1381
f  1386/1386/1386 1385/1385/1385 1382/1382/1382
f  1385/1385/1385 1387/1387/1387 1384/1384/1384
f  1385/1385/1385 1386/1386/1386 1387/1387/1387
f  1388/1388/1388 1387/1387/1387 1386/1386/1386
f  1387/1387/1387 1388/1388/1388 1389/1389/1389
f  1389/1389/1389 1384/1384/1384 1387/1387/1387
f  1390/1390/1390 1389/1389/1389 1388/1388/1388
f  1391/1391/1391 1389/1389/1389 1390/1390/1390
f  1389/1389/1389 1391/1391/1391 1392/1392/1392
f  1393/1393/1393 1392/1392/1392 1391/1391/1391
f  1384/1384/1384 1389/1389/1389 1394/1394/1394
f  1392/1392/1392 1394/1394/1394 1389/1389/1389
f  1384/1384/1384 1394/1394/1394 1374/1374/1374
f  1374/1374/1374 1394/1394/1394 1371/1371/1371
f  1394/1394/1394 1392/1392/1392 1395/1395/1395
f  1395/1395/1395 1371/1371/1371 1394/1394/1394
f  1371/1371/1371 1395/1395/1395 1370/1370/1370
f  1395/1395/1395 1392/1392/1392 1396/1396/1396
f  1393/1393/1393 1397/1397/1397 1392/1392/1392
f  1396/1396/1396 1392/1392/1392 1397/1397/1397
f  1397/1397/1397 1393/1393/1393 1398/1398/1398
f  1399/1399/1399 1398/1398/1398 1393/1393/1393
f  1398/1398/1398 1399/1399/1399 1400/1400/1400
f  1401/1401/1401 1400/1400/1400 1399/1399/1399
f  1400/1400/1400 1401/1401/1401 1402/1402/1402
f  1403/1403/1403 1402/1402/1402 1401/1401/1401
f  1404/1404/1404 1402/1402/1402 1403/1403/1403
f  1402/1402/1402 1404/1404/1404 1405/1405/1405
f  1405/1405/1405 1404/1404/1404 1406/1406/1406
f  1407/1407/1407 1406/1406/1406 1404/1404/1404
f  1406/1406/1406 1407/1407/1407 1408/1408/1408
f  1409/1409/1409 1408/1408/1408 1407/1407/1407
f  1408/1408/1408 1409/1409/1409 1410/1410/1410
f  1411/1411/1411 1410/1410/1410 1409/1409/1409
f  1410/1410/1410 1411/1411/1411 1412/1412/1412
f  1413/1413/1413 1412/1412/1412 1411/1411/1411
f  1412/1412/1412 1413/1413/1413 1414/1414/1414
f  1415/1415/1415 1414/1414/1414 1413/1413/1413
f  1414/1414/1414 1415/1415/1415 1416/1416/1416
f  1417/1417/1417 1416/1416/1416 1415/1415/1415
f  1416/1416/1416 1417/1417/1417 1418/1418/1418
f  1419/1419/1419 1418/1418/1418 1417/1417/1417
f  1420/1420/1420 1418/1418/1418 1419/1419/1419
f  1418/1418/1418 1420/1420/1420 1421/1421/1421
f  1422/1422/1422 1421/1421/1421 1420/1420/1420
f  1421/1421/1421 1422/1422/1422 1423/1423/1423
f  1424/1424/1424 1423/1423/1423 1422/1422/1422
f  1423/1423/1423 1424/1424/1424 1425/1425/1425
f  1426/1426/1426 1425/1425/1425 1424/1424/1424
f  1425/1425/1425 1426/1426/1426 1427/1427/1427
f  1428/1428/1428 1427/1427/1427 1426/1426/1426
f  1427/1427/1427 1428/1428/1428 1429/1429/1429
f  1430/1430/1430 1429/1429/1429 1428/1428/1428
f  1429/1429/1429 1430/1430/1430 1431/1431/1431
f  1432/1432/1432 1431/1431/1431 1430/1430/1430
f  1431/1431/1431 1432/1432/1432 1433/1433/1433
f  1434/1434/1434 1433/1433/1433 1432/1432/1432
f  1435/1435/1435 1433/1433/1433 1434/1434/1434
f  1436/1436/1436 1433/1433/1433 1435/1435/1435
f  1433/1433/1433 1436/1436/1436 1437/1437/1437
f  1438/1438/1438 1437/1437/1437 1436/1436/1436
f  1437/1437/1437 1438/1438/1438 1439/1439/1439
f  1440/1440/1440 1439/1439/1439 1438/1438/1438
f  1437/1437/1437 1441/1441/1441 1433/1433/1433
f  1433/1433/1433 1441/1441/1441 1431/1431/1431
f  1431/1431/1431 1441/1441/1441 1429/1429/1429
f  1441/1441/1441 1437/1437/1437 1439/1439/1439
f  1442/1442/1442 1429/1429/1429 1441/1441/1441
f  1429/1429/1429 1442/1442/1442 1427/1427/1427
f  1441/1441/1441 1439/1439/1439 1442/1442/1442
f  1443/1443/1443 1427/1427/1427 1442/1442/1442
f  1427/1427/1427 1443/1443/1443 1425/1425/1425
f  1444/1444/1444 1425/1425/1425 1443/1443/1443
f  1423/1423/1423 1445/1445/1445 1421/1421/1421
f  1425/1425/1425 1445/1445/1445 1423/1423/1423
f  1445/1445/1445 1425/1425/1425 1444/1444/1444
f  1320/1320/1320 1446/1446/1446 1318/1318/1318
f  1421/1421/1421 1445/1445/1445 1446/1446/1446
f  1444/1444/1444 1447/1447/1447 1445/1445/1445
f  1447/1447/1447 1318/1318/1318 1446/1446/1446
f  1318/1318/1318 1447/1447/1447 1319/1319/1319
f  1446/1446/1446 1445/1445/1445 1447/1447/1447
f  1448/1448/1448 1319/1319/1319 1447/1447/1447
f  1443/1443/1443 1448/1448/1448 1444/1444/1444
f  1447/1447/1447 1444/1444/1444 1448/1448/1448
f  1449/1449/1449 1440/1440/1440 1448/1448/1448
f  1448/1448/1448 1443/1443/1443 1449/1449/1449
f  1449/1449/1449 1442/1442/1442 1439/1439/1439
f  1442/1442/1442 1449/1449/1449 1443/1443/1443
f  1439/1439/1439 1440/1440/1440 1449/1449/1449
f  1319/1319/1319 1448/1448/1448 1450/1450/1450
f  1450/1450/1450 1448/1448/1448 1440/1440/1440
f  1451/1451/1451 1446/1446/1446 1320/1320/1320
f  1446/1446/1446 1451/1451/1451 1421/1421/1421
f  1421/1421/1421 1451/1451/1451 1418/1418/1418
f  1418/1418/1418 1451/1451/1451 1416/1416/1416
f  1327/1327/1327 1451/1451/1451 1320/1320/1320
f  1452/1452/1452 1416/1416/1416 1451/1451/1451
f  1451/1451/1451 1327/1327/1327 1452/1452/1452
f  1328/1328/1328 1452/1452/1452 1327/1327/1327
f  1416/1416/1416 1452/1452/1452 1414/1414/1414
f  1452/1452/1452 1328/1328/1328 1453/1453/1453
f  1453/1453/1453 1414/1414/1414 1452/1452/1452
f  1414/1414/1414 1453/1453/1453 1412/1412/1412
f  1454/1454/1454 1412/1412/1412 1453/1453/1453
f  1412/1412/1412 1454/1454/1454 1410/1410/1410
f  1455/1455/1455 1410/1410/1410 1454/1454/1454
f  1410/1410/1410 1455/1455/1455 1408/1408/1408
f  1408/1408/1408 1456/1456/1456 1406/1406/1406
f  1456/1456/1456 1408/1408/1408 1455/1455/1455
f  1406/1406/1406 1457/1457/1457 1405/1405/1405
f  1457/1457/1457 1406/1406/1406 1456/1456/1456
f  1458/1458/1458 1405/1405/1405 1457/1457/1457
f  1405/1405/1405 1458/1458/1458 1402/1402/1402
f  1459/1459/1459 1402/1402/1402 1458/1458/1458
f  1402/1402/1402 1459/1459/1459 1400/1400/1400
f  1460/1460/1460 1400/1400/1400 1459/1459/1459
f  1400/1400/1400 1460/1460/1460 1398/1398/1398
f  1461/1461/1461 1398/1398/1398 1460/1460/1460
f  1397/1397/1397 1461/1461/1461 1396/1396/1396
f  1398/1398/1398 1461/1461/1461 1397/1397/1397
f  1396/1396/1396 1461/1461/1461 1462/1462/1462
f  1460/1460/1460 1463/1463/1463 1461/1461/1461
f  1462/1462/1462 1461/1461/1461 1463/1463/1463
f  1459/1459/1459 1464/1464/1464 1460/1460/1460
f  1463/1463/1463 1460/1460/1460 1464/1464/1464
f  1458/1458/1458 1465/1465/1465 1459/1459/1459
f  1464/1464/1464 1459/1459/1459 1465/1465/1465
f  1465/1465/1465 1458/1458/1458 1466/1466/1466
f  1457/1457/1457 1466/1466/1466 1458/1458/1458
f  1456/1456/1456 1467/1467/1467 1457/1457/1457
f  1455/1455/1455 1467/1467/1467 1456/1456/1456
f  1466/1466/1466 1457/1457/1457 1467/1467/1467
f  1467/1467/1467 1455/1455/1455 1468/1468/1468
f  1454/1454/1454 1469/1469/1469 1455/1455/1455
f  1468/1468/1468 1455/1455/1455 1469/1469/1469
f  1469/1469/1469 1454/1454/1454 1470/1470/1470
f  1453/1453/1453 1470/1470/1470 1454/1454/1454
f  1329/1329/1329 1470/1470/1470 1328/1328/1328
f  1470/1470/1470 1453/1453/1453 1328/1328/1328
f  1470/1470/1470 1329/1329/1329 1471/1471/1471
f  1469/1469/1469 1470/1470/1470 1471/1471/1471
f  1330/1330/1330 1472/1472/1472 1329/1329/1329
f  1471/1471/1471 1329/1329/1329 1472/1472/1472
f  1472/1472/1472 1330/1330/1330 1473/1473/1473
f  1331/1331/1331 1473/1473/1473 1330/1330/1330
f  1332/1332/1332 1474/1474/1474 1331/1331/1331
f  1473/1473/1473 1331/1331/1331 1474/1474/1474
f  1333/1333/1333 1475/1475/1475 1332/1332/1332
f  1474/1474/1474 1332/1332/1332 1475/1475/1475
f  1334/1334/1334 1476/1476/1476 1333/1333/1333
f  1475/1475/1475 1333/1333/1333 1476/1476/1476
f  1476/1476/1476 1334/1334/1334 1477/1477/1477
f  1477/1477/1477 1334/1334/1334 1478/1478/1478
f  1335/1335/1335 1478/1478/1478 1334/1334/1334
f  1478/1478/1478 1335/1335/1335 1479/1479/1479
f  1336/1336/1336 1479/1479/1479 1335/1335/1335
f  1364/1364/1364 1480/1480/1480 1337/1337/1337
f  1337/1337/1337 1480/1480/1480 1336/1336/1336
f  1479/1479/1479 1336/1336/1336 1480/1480/1480
f  1365/1365/1365 1481/1481/1481 1364/1364/1364
f  1480/1480/1480 1364/1364/1364 1481/1481/1481
f  1366/1366/1366 1482/1482/1482 1365/1365/1365
f  1367/1367/1367 1482/1482/1482 1366/1366/1366
f  1370/1370/1370 1482/1482/1482 1367/1367/1367
f  1481/1481/1481 1365/1365/1365 1482/1482/1482
f  1396/1396/1396 1483/1483/1483 1395/1395/1395
f  1462/1462/1462 1483/1483/1483 1396/1396/1396
f  1482/1482/1482 1370/1370/1370 1483/1483/1483
f  1395/1395/1395 1483/1483/1483 1370/1370/1370
f  1482/1482/1482 1484/1484/1484 1481/1481/1481
f  1483/1483/1483 1484/1484/1484 1482/1482/1482
f  1480/1480/1480 1481/1481/1481 1484/1484/1484
f  1483/1483/1483 1462/1462/1462 1484/1484/1484
f  1484/1484/1484 1485/1485/1485 1480/1480/1480
f  1480/1480/1480 1485/1485/1485 1479/1479/1479
f  1485/1485/1485 1484/1484/1484 1462/1462/1462
f  1486/1486/1486 1479/1479/1479 1485/1485/1485
f  1485/1485/1485 1462/1462/1462 1486/1486/1486
f  1463/1463/1463 1486/1486/1486 1462/1462/1462
f  1479/1479/1479 1486/1486/1486 1478/1478/1478
f  1486/1486/1486 1463/1463/1463 1487/1487/1487
f  1464/1464/1464 1487/1487/1487 1463/1463/1463
f  1465/1465/1465 1487/1487/1487 1464/1464/1464
f  1478/1478/1478 1487/1487/1487 1477/1477/1477
f  1486/1486/1486 1487/1487/1487 1478/1478/1478
f  1488/1488/1488 1477/1477/1477 1487/1487/1487
f  1487/1487/1487 1465/1465/1465 1488/1488/1488
f  1466/1466/1466 1488/1488/1488 1465/1465/1465
f  1488/1488/1488 1466/1466/1466 1489/1489/1489
f  1467/1467/1467 1489/1489/1489 1466/1466/1466
f  1489/1489/1489 1467/1467/1467 1490/1490/1490
f  1468/1468/1468 1491/1491/1491 1467/1467/1467
f  1490/1490/1490 1467/1467/1467 1491/1491/1491
f  1471/1471/1471 1492/1492/1492 1469/1469/1469
f  1469/1469/1469 1492/1492/1492 1468/1468/1468
f  1491/1491/1491 1468/1468/1468 1492/1492/1492
f  1492/1492/1492 1471/1471/1471 1493/1493/1493
f  1472/1472/1472 1493/1493/1493 1471/1471/1471
f  1494/1494/1494 1492/1492/1492 1493/1493/1493
f  1492/1492/1492 1494/1494/1494 1491/1491/1491
f  1491/1491/1491 1495/1495/1495 1490/1490/1490
f  1495/1495/1495 1491/1491/1491 1494/1494/1494
f  1490/1490/1490 1496/1496/1496 1489/1489/1489
f  1496/1496/1496 1490/1490/1490 1495/1495/1495
f  1477/1477/1477 1488/1488/1488 1497/1497/1497
f  1489/1489/1489 1497/1497/1497 1488/1488/1488
f  1477/1477/1477 1497/1497/1497 1476/1476/1476
f  1497/1497/1497 1489/1489/1489 1496/1496/1496
f  1498/1498/1498 1476/1476/1476 1497/1497/1497
f  1476/1476/1476 1498/1498/1498 1475/1475/1475
f  1496/1496/1496 1498/1498/1498 1497/1497/1497
f  1475/1475/1475 1499/1499/1499 1474/1474/1474
f  1499/1499/1499 1475/1475/1475 1498/1498/1498
f  1500/1500/1500 1474/1474/1474 1499/1499/1499
f  1474/1474/1474 1500/1500/1500 1473/1473/1473
f  1472/1472/1472 1501/1501/1501 1493/1493/1493
f  1473/1473/1473 1501/1501/1501 1472/1472/1472
f  1501/1501/1501 1473/1473/1473 1500/1500/1500
f  1493/1493/1493 1501/1501/1501 1494/1494/1494
f  1495/1495/1495 1502/1502/1502 1496/1496/1496
f  1498/1498/1498 1496/1496/1496 1502/1502/1502
f  1502/1502/1502 1494/1494/1494 1501/1501/1501
f  1494/1494/1494 1502/1502/1502 1495/1495/1495
f  1500/1500/1500 1502/1502/1502 1501/1501/1501
f  1499/1499/1499 1502/1502/1502 1500/1500/1500
f  1502/1502/1502 1499/1499/1499 1498/1498/1498
f  1503/1503/1503 1504/1504/1504 1505/1505/1505
f  1504/1504/1504 1503/1503/1503 1506/1506/1506
f  1507/1507/1507 1505/1505/1505 1504/1504/1504
f  1505/1505/1505 1507/1507/1507 1508/1508/1508
f  1509/1509/1509 1508/1508/1508 1507/1507/1507
f  1508/1508/1508 1509/1509/1509 1510/1510/1510
f  1510/1510/1510 1509/1509/1509 1511/1511/1511
f  1512/1512/1512 1511/1511/1511 1509/1509/1509
f  1511/1511/1511 1512/1512/1512 1513/1513/1513
f  1514/1514/1514 1513/1513/1513 1512/1512/1512
f  1515/1515/1515 1513/1513/1513 1514/1514/1514
f  1513/1513/1513 1515/1515/1515 1516/1516/1516
f  1517/1517/1517 1516/1516/1516 1515/1515/1515
f  1516/1516/1516 1518/1518/1518 1513/1513/1513
f  1513/1513/1513 1518/1518/1518 1511/1511/1511
f  1511/1511/1511 1518/1518/1518 1510/1510/1510
f  1510/1510/1510 1519/1519/1519 1508/1508/1508
f  1519/1519/1519 1510/1510/1510 1518/1518/1518
f  1516/1516/1516 1520/1520/1520 1518/1518/1518
f  1517/1517/1517 1520/1520/1520 1516/1516/1516
f  1518/1518/1518 1520/1520/1520 1519/1519/1519
f  1520/1520/1520 1517/1517/1517 1521/1521/1521
f  1520/1520/1520 1521/1521/1521 1519/1519/1519
f  1522/1522/1522 1521/1521/1521 1517/1517/1517
f  1521/1521/1521 1522/1522/1522 1523/1523/1523
f  1524/1524/1524 1523/1523/1523 1522/1522/1522
f  1523/1523/1523 1524/1524/1524 1525/1525/1525
f  1526/1526/1526 1525/1525/1525 1524/1524/1524
f  1525/1525/1525 1526/1526/1526 1527/1527/1527
f  1528/1528/1528 1527/1527/1527 1526/1526/1526
f  1527/1527/1527 1528/1528/1528 1529/1529/1529
f  1530/1530/1530 1529/1529/1529 1528/1528/1528
f  1531/1531/1531 1529/1529/1529 1530/1530/1530
f  1529/1529/1529 1531/1531/1531 1532/1532/1532
f  1532/1532/1532 1531/1531/1531 1533/1533/1533
f  1534/1534/1534 1533/1533/1533 1531/1531/1531
f  1533/1533/1533 1534/1534/1534 1535/1535/1535
f  1536/1536/1536 1535/1535/1535 1534/1534/1534
f  1535/1535/1535 1536/1536/1536 1537/1537/1537
f  1538/1538/1538 1537/1537/1537 1536/1536/1536
f  1539/1539/1539 1537/1537/1537 1538/1538/1538
f  1537/1537/1537 1539/1539/1539 1540/1540/1540
f  1541/1541/1541 1540/1540/1540 1539/1539/1539
f  1537/1537/1537 1542/1542/1542 1535/1535/1535
f  1542/1542/1542 1537/1537/1537 1540/1540/1540
f  1543/1543/1543 1535/1535/1535 1542/1542/1542
f  1535/1535/1535 1543/1543/1543 1533/1533/1533
f  1533/1533/1533 1544/1544/1544 1532/1532/1532
f  1544/1544/1544 1533/1533/1533 1543/1543/1543
f  1532/1532/1532 1545/1545/1545 1529/1529/1529
f  1545/1545/1545 1532/1532/1532 1544/1544/1544
f  1529/1529/1529 1546/1546/1546 1527/1527/1527
f  1546/1546/1546 1529/1529/1529 1545/1545/1545
f  1547/1547/1547 1527/1527/1527 1546/1546/1546
f  1527/1527/1527 1547/1547/1547 1525/1525/1525
f  1525/1525/1525 1548/1548/1548 1523/1523/1523
f  1548/1548/1548 1525/1525/1525 1547/1547/1547
f  1523/1523/1523 1549/1549/1549 1521/1521/1521
f  1521/1521/1521 1549/1549/1549 1519/1519/1519
f  1549/1549/1549 1523/1523/1523 1548/1548/1548
f  1550/1550/1550 1519/1519/1519 1549/1549/1549
f  1519/1519/1519 1550/1550/1550 1508/1508/1508
f  1508/1508/1508 1550/1550/1550 1505/1505/1505
f  1505/1505/1505 1550/1550/1550 1551/1551/1551
f  1549/1549/1549 1552/1552/1552 1550/1550/1550
f  1548/1548/1548 1552/1552/1552 1549/1549/1549
f  1551/1551/1551 1550/1550/1550 1552/1552/1552
f  1547/1547/1547 1553/1553/1553 1548/1548/1548
f  1552/1552/1552 1548/1548/1548 1553/1553/1553
f  1553/1553/1553 1547/1547/1547 1554/1554/1554
f  1546/1546/1546 1554/1554/1554 1547/1547/1547
f  1545/1545/1545 1554/1554/1554 1546/1546/1546
f  1554/1554/1554 1545/1545/1545 1555/1555/1555
f  1544/1544/1544 1556/1556/1556 1545/1545/1545
f  1555/1555/1555 1545/1545/1545 1556/1556/1556
f  1543/1543/1543 1557/1557/1557 1544/1544/1544
f  1556/1556/1556 1544/1544/1544 1557/1557/1557
f  1557/1557/1557 1543/1543/1543 1558/1558/1558
f  1542/1542/1542 1558/1558/1558 1543/1543/1543
f  1558/1558/1558 1542/1542/1542 1559/1559/1559
f  1540/1540/1540 1560/1560/1560 1542/1542/1542
f  1559/1559/1559 1542/1542/1542 1560/1560/1560
f  1541/1541/1541 1561/1561/1561 1540/1540/1540
f  1560/1560/1560 1540/1540/1540 1561/1561/1561
f  1561/1561/1561 1541/1541/1541 1562/1562/1562
f  1563/1563/1563 1562/1562/1562 1541/1541/1541
f  1564/1564/1564 1562/1562/1562 1563/1563/1563
f  1562/1562/1562 1564/1564/1564 1565/1565/1565
f  1565/1565/1565 1564/1564/1564 1566/1566/1566
f  1567/1567/1567 1566/1566/1566 1564/1564/1564
f  1566/1566/1566 1567/1567/1567 1568/1568/1568
f  1569/1569/1569 1568/1568/1568 1567/1567/1567
f  1568/1568/1568 1569/1569/1569 1570/1570/1570
f  1571/1571/1571 1570/1570/1570 1569/1569/1569
f  1572/1572/1572 1570/1570/1570 1571/1571/1571
f  1573/1573/1573 1570/1570/1570 1572/1572/1572
f  1570/1570/1570 1573/1573/1573 1574/1574/1574
f  1575/1575/1575 1574/1574/1574 1573/1573/1573
f  1574/1574/1574 1576/1576/1576 1570/1570/1570
f  1570/1570/1570 1576/1576/1576 1568/1568/1568
f  1568/1568/1568 1576/1576/1576 1566/1566/1566
f  1566/1566/1566 1577/1577/1577 1565/1565/1565
f  1577/1577/1577 1566/1566/1566 1576/1576/1576
f  1574/1574/1574 1578/1578/1578 1576/1576/1576
f  1575/1575/1575 1578/1578/1578 1574/1574/1574
f  1576/1576/1576 1578/1578/1578 1577/1577/1577
f  1579/1579/1579 1578/1578/1578 1575/1575/1575
f  1578/1578/1578 1579/1579/1579 1580/1580/1580
f  1578/1578/1578 1580/1580/1580 1577/1577/1577
f  1581/1581/1581 1580/1580/1580 1579/1579/1579
f  1577/1577/1577 1582/1582/1582 1565/1565/1565
f  1565/1565/1565 1582/1582/1582 1562/1562/1562
f  1582/1582/1582 1577/1577/1577 1580/1580/1580
f  1562/1562/1562 1583/1583/1583 1561/1561/1561
f  1583/1583/1583 1562/1562/1562 1582/1582/1582
f  1561/1561/1561 1584/1584/1584 1560/1560/1560
f  1584/1584/1584 1561/1561/1561 1583/1583/1583
f  1585/1585/1585 1560/1560/1560 1584/1584/1584
f  1560/1560/1560 1585/1585/1585 1559/1559/1559
f  1580/1580/1580 1586/1586/1586 1582/1582/1582
f  1581/1581/1581 1586/1586/1586 1580/1580/1580
f  1583/1583/1583 1582/1582/1582 1586/1586/1586
f  1586/1586/1586 1584/1584/1584 1583/1583/1583
f  1584/1584/1584 1587/1587/1587 1585/1585/1585
f  1584/1584/1584 1586/1586/1586 1587/1587/1587
f  1586/1586/1586 1581/1581/1581 1588/1588/1588
f  1588/1588/1588 1587/1587/1587 1586/1586/1586
f  1587/1587/1587 1589/1589/1589 1585/1585/1585
f  1589/1589/1589 1587/1587/1587 1588/1588/1588
f  1590/1590/1590 1585/1585/1585 1589/1589/1589
f  1585/1585/1585 1590/1590/1590 1591/1591/1591
f  1591/1591/1591 1559/1559/1559 1585/1585/1585
f  1592/1592/1592 1591/1591/1591 1590/1590/1590
f  1593/1593/1593 1591/1591/1591 1592/1592/1592
f  1594/1594/1594 1591/1591/1591 1593/1593/1593
f  1559/1559/1559 1591/1591/1591 1594/1594/1594
f  1595/1595/1595 1594/1594/1594 1593/1593/1593
f  1594/1594/1594 1595/1595/1595 1596/1596/1596
f  1597/1597/1597 1596/1596/1596 1595/1595/1595
f  1596/1596/1596 1598/1598/1598 1594/1594/1594
f  1594/1594/1594 1598/1598/1598 1559/1559/1559
f  1559/1559/1559 1598/1598/1598 1558/1558/1558
f  1558/1558/1558 1599/1599/1599 1557/1557/1557
f  1599/1599/1599 1558/1558/1558 1598/1598/1598
f  1598/1598/1598 1600/1600/1600 1599/1599/1599
f  1596/1596/1596 1600/1600/1600 1598/1598/1598
f  1597/1597/1597 1601/1601/1601 1596/1596/1596
f  1600/1600/1600 1596/1596/1596 1601/1601/1601
f  1602/1602/1602 1601/1601/1601 1597/1597/1597
f  1601/1601/1601 1602/1602/1602 1603/1603/1603
f  1604/1604/1604 1603/1603/1603 1602/1602/1602
f  1601/1601/1601 1605/1605/1605 1600/1600/1600
f  1603/1603/1603 1605/1605/1605 1601/1601/1601
f  1606/1606/1606 1600/1600/1600 1605/1605/1605
f  1600/1600/1600 1606/1606/1606 1599/1599/1599
f  1599/1599/1599 1607/1607/1607 1557/1557/1557
f  1557/1557/1557 1607/1607/1607 1556/1556/1556
f  1607/1607/1607 1599/1599/1599 1606/1606/1606
f  1556/1556/1556 1608/1608/1608 1555/1555/1555
f  1608/1608/1608 1556/1556/1556 1607/1607/1607
f  1607/1607/1607 1609/1609/1609 1608/1608/1608
f  1609/1609/1609 1607/1607/1607 1610/1610/1610
f  1606/1606/1606 1610/1610/1610 1607/1607/1607
f  1605/1605/1605 1611/1611/1611 1606/1606/1606
f  1610/1610/1610 1606/1606/1606 1611/1611/1611
f  1603/1603/1603 1612/1612/1612 1605/1605/1605
f  1611/1611/1611 1605/1605/1605 1612/1612/1612
f  1604/1604/1604 1613/1613/1613 1603/1603/1603
f  1612/1612/1612 1603/1603/1603 1613/1613/1613
f  1614/1614/1614 1613/1613/1613 1604/1604/1604
f  1613/1613/1613 1614/1614/1614 1615/1615/1615
f  1616/1616/1616 1615/1615/1615 1614/1614/1614
f  1615/1615/1615 1616/1616/1616 1617/1617/1617
f  1617/1617/1617 1616/1616/1616 1618/1618/1618
f  1619/1619/1619 1618/1618/1618 1616/1616/1616
f  1620/1620/1620 1618/1618/1618 1619/1619/1619
f  1618/1618/1618 1620/1620/1620 1621/1621/1621
f  1622/1622/1622 1621/1621/1621 1620/1620/1620
f  1621/1621/1621 1622/1622/1622 1623/1623/1623
f  1624/1624/1624 1623/1623/1623 1622/1622/1622
f  1623/1623/1623 1624/1624/1624 1625/1625/1625
f  1625/1625/1625 1624/1624/1624 1626/1626/1626
f  1627/1627/1627 1626/1626/1626 1624/1624/1624
f  1626/1626/1626 1627/1627/1627 1628/1628/1628
f  1629/1629/1629 1628/1628/1628 1627/1627/1627
f  1630/1630/1630 1628/1628/1628 1629/1629/1629
f  1628/1628/1628 1630/1630/1630 1631/1631/1631
f  1632/1632/1632 1631/1631/1631 1630/1630/1630
f  1631/1631/1631 1632/1632/1632 1633/1633/1633
f  1634/1634/1634 1633/1633/1633 1632/1632/1632
f  1633/1633/1633 1634/1634/1634 1635/1635/1635
f  1636/1636/1636 1635/1635/1635 1634/1634/1634
f  1635/1635/1635 1636/1636/1636 1637/1637/1637
f  1638/1638/1638 1637/1637/1637 1636/1636/1636
f  1637/1637/1637 1638/1638/1638 1639/1639/1639
f  1640/1640/1640 1639/1639/1639 1638/1638/1638
f  1612/1612/1612 1613/1613/1613 1641/1641/1641
f  1615/1615/1615 1641/1641/1641 1613/1613/1613
f  1617/1617/1617 1642/1642/1642 1615/1615/1615
f  1641/1641/1641 1615/1615/1615 1642/1642/1642
f  1639/1639/1639 1643/1643/1643 1637/1637/1637
f  1637/1637/1637 1643/1643/1643 1635/1635/1635
f  1635/1635/1635 1643/1643/1643 1633/1633/1633
f  1633/1633/1633 1644/1644/1644 1631/1631/1631
f  1631/1631/1631 1644/1644/1644 1628/1628/1628
f  1644/1644/1644 1633/1633/1633 1643/1643/1643
f  1628/1628/1628 1645/1645/1645 1626/1626/1626
f  1645/1645/1645 1628/1628/1628 1644/1644/1644
f  1646/1646/1646 1644/1644/1644 1643/1643/1643
f  1646/1646/1646 1639/1639/1639 1640/1640/1640
f  1639/1639/1639 1646/1646/1646 1643/1643/1643
f  1644/1644/1644 1646/1646/1646 1647/1647/1647
f  1640/1640/1640 1647/1647/1647 1646/1646/1646
f  1647/1647/1647 1645/1645/1645 1644/1644/1644
f  1648/1648/1648 1647/1647/1647 1640/1640/1640
f  1645/1645/1645 1647/1647/1647 1649/1649/1649
f  1647/1647/1647 1648/1648/1648 1649/1649/1649
f  1650/1650/1650 1649/1649/1649 1648/1648/1648
f  1651/1651/1651 1649/1649/1649 1650/1650/1650
f  1652/1652/1652 1649/1649/1649 1651/1651/1651
f  1645/1645/1645 1653/1653/1653 1626/1626/1626
f  1649/1649/1649 1653/1653/1653 1645/1645/1645
f  1653/1653/1653 1649/1649/1649 1652/1652/1652
f  1626/1626/1626 1654/1654/1654 1625/1625/1625
f  1654/1654/1654 1626/1626/1626 1653/1653/1653
f  1653/1653/1653 1655/1655/1655 1654/1654/1654
f  1652/1652/1652 1655/1655/1655 1653/1653/1653
f  1655/1655/1655 1652/1652/1652 1656/1656/1656
f  1652/1652/1652 1651/1651/1651 1657/1657/1657
f  1657/1657/1657 1656/1656/1656 1652/1652/1652
f  1656/1656/1656 1657/1657/1657 1658/1658/1658
f  1659/1659/1659 1658/1658/1658 1657/1657/1657
f  1658/1658/1658 1659/1659/1659 1660/1660/1660
f  1661/1661/1661 1660/1660/1660 1659/1659/1659
f  1657/1657/1657 1662/1662/1662 1659/1659/1659
f  1662/1662/1662 1657/1657/1657 1651/1651/1651
f  1658/1658/1658 1663/1663/1663 1656/1656/1656
f  1663/1663/1663 1658/1658/1658 1660/1660/1660
f  1664/1664/1664 1660/1660/1660 1661/1661/1661
f  1660/1660/1660 1664/1664/1664 1665/1665/1665
f  1665/1665/1665 1663/1663/1663 1660/1660/1660
f  1666/1666/1666 1665/1665/1665 1664/1664/1664
f  1665/1665/1665 1667/1667/1667 1663/1663/1663
f  1667/1667/1667 1665/1665/1665 1666/1666/1666
f  1663/1663/1663 1668/1668/1668 1656/1656/1656
f  1668/1668/1668 1663/1663/1663 1667/1667/1667
f  1656/1656/1656 1669/1669/1669 1655/1655/1655
f  1669/1669/1669 1656/1656/1656 1668/1668/1668
f  1670/1670/1670 1655/1655/1655 1669/1669/1669
f  1655/1655/1655 1670/1670/1670 1654/1654/1654
f  1625/1625/1625 1671/1671/1671 1623/1623/1623
f  1654/1654/1654 1671/1671/1671 1625/1625/1625
f  1671/1671/1671 1654/1654/1654 1670/1670/1670
f  1623/1623/1623 1672/1672/1672 1621/1621/1621
f  1672/1672/1672 1623/1623/1623 1671/1671/1671
f  1661/1661/1661 1673/1673/1673 1664/1664/1664
f  1674/1674/1674 1664/1664/1664 1673/1673/1673
f  1664/1664/1664 1675/1675/1675 1666/1666/1666
f  1664/1664/1664 1674/1674/1674 1675/1675/1675
f  1676/1676/1676 1675/1675/1675 1674/1674/1674
f  1677/1677/1677 1671/1671/1671 1670/1670/1670
f  1671/1671/1671 1677/1677/1677 1672/1672/1672
f  1672/1672/1672 1678/1678/1678 1621/1621/1621
f  1621/1621/1621 1678/1678/1678 1618/1618/1618
f  1678/1678/1678 1672/1672/1672 1679/1679/1679
f  1677/1677/1677 1679/1679/1679 1672/1672/1672
f  1618/1618/1618 1680/1680/1680 1617/1617/1617
f  1617/1617/1617 1680/1680/1680 1642/1642/1642
f  1680/1680/1680 1618/1618/1618 1678/1678/1678
f  1642/1642/1642 1680/1680/1680 1681/1681/1681
f  1682/1682/1682 1681/1681/1681 1680/1680/1680
f  1678/1678/1678 1682/1682/1682 1680/1680/1680
f  1682/1682/1682 1678/1678/1678 1679/1679/1679
f  1681/1681/1681 1682/1682/1682 1683/1683/1683
f  1684/1684/1684 1679/1679/1679 1677/1677/1677
f  1679/1679/1679 1684/1684/1684 1682/1682/1682
f  1683/1683/1683 1682/1682/1682 1684/1684/1684
f  1681/1681/1681 1685/1685/1685 1642/1642/1642
f  1641/1641/1641 1685/1685/1685 1612/1612/1612
f  1642/1642/1642 1685/1685/1685 1641/1641/1641
f  1685/1685/1685 1681/1681/1681 1686/1686/1686
f  1683/1683/1683 1686/1686/1686 1681/1681/1681
f  1612/1612/1612 1687/1687/1687 1611/1611/1611
f  1687/1687/1687 1612/1612/1612 1685/1685/1685
f  1611/1611/1611 1688/1688/1688 1610/1610/1610
f  1688/1688/1688 1611/1611/1611 1687/1687/1687
f  1689/1689/1689 1610/1610/1610 1688/1688/1688
f  1610/1610/1610 1689/1689/1689 1609/1609/1609
f  1685/1685/1685 1690/1690/1690 1687/1687/1687
f  1690/1690/1690 1688/1688/1688 1687/1687/1687
f  1688/1688/1688 1690/1690/1690 1691/1691/1691
f  1689/1689/1689 1688/1688/1688 1691/1691/1691
f  1691/1691/1691 1690/1690/1690 1692/1692/1692
f  1686/1686/1686 1693/1693/1693 1685/1685/1685
f  1690/1690/1690 1685/1685/1685 1693/1693/1693
f  1693/1693/1693 1692/1692/1692 1690/1690/1690
f  1686/1686/1686 1694/1694/1694 1693/1693/1693
f  1692/1692/1692 1693/1693/1693 1694/1694/1694
f  1683/1683/1683 1695/1695/1695 1686/1686/1686
f  1694/1694/1694 1686/1686/1686 1695/1695/1695
f  1695/1695/1695 1683/1683/1683 1696/1696/1696
f  1684/1684/1684 1696/1696/1696 1683/1683/1683
f  1692/1692/1692 1694/1694/1694 1697/1697/1697
f  1692/1692/1692 1697/1697/1697 1691/1691/1691
f  1697/1697/1697 1694/1694/1694 1698/1698/1698
f  1695/1695/1695 1698/1698/1698 1694/1694/1694
f  1696/1696/1696 1699/1699/1699 1695/1695/1695
f  1698/1698/1698 1695/1695/1695 1699/1699/1699
f  1691/1691/1691 1700/1700/1700 1689/1689/1689
f  1689/1689/1689 1700/1700/1700 1609/1609/1609
f  1700/1700/1700 1691/1691/1691 1697/1697/1697
f  1609/1609/1609 1701/1701/1701 1608/1608/1608
f  1701/1701/1701 1609/1609/1609 1700/1700/1700
f  1700/1700/1700 1702/1702/1702 1701/1701/1701
f  1697/1697/1697 1702/1702/1702 1700/1700/1700
f  1698/1698/1698 1703/1703/1703 1697/1697/1697
f  1702/1702/1702 1697/1697/1697 1703/1703/1703
f  1702/1702/1702 1704/1704/1704 1701/1701/1701
f  1703/1703/1703 1704/1704/1704 1702/1702/1702
f  1705/1705/1705 1701/1701/1701 1704/1704/1704
f  1701/1701/1701 1705/1705/1705 1608/1608/1608
f  1608/1608/1608 1705/1705/1705 1555/1555/1555
f  1555/1555/1555 1706/1706/1706 1554/1554/1554
f  1706/1706/1706 1555/1555/1555 1705/1705/1705
f  1704/1704/1704 1707/1707/1707 1705/1705/1705
f  1705/1705/1705 1707/1707/1707 1706/1706/1706
f  1707/1707/1707 1704/1704/1704 1708/1708/1708
f  1703/1703/1703 1708/1708/1708 1704/1704/1704
f  1698/1698/1698 1708/1708/1708 1703/1703/1703
f  1699/1699/1699 1708/1708/1708 1698/1698/1698
f  1708/1708/1708 1709/1709/1709 1707/1707/1707
f  1709/1709/1709 1708/1708/1708 1699/1699/1699
f  1707/1707/1707 1710/1710/1710 1706/1706/1706
f  1710/1710/1710 1707/1707/1707 1709/1709/1709
f  1711/1711/1711 1706/1706/1706 1710/1710/1710
f  1706/1706/1706 1711/1711/1711 1554/1554/1554
f  1554/1554/1554 1711/1711/1711 1553/1553/1553
f  1553/1553/1553 1712/1712/1712 1552/1552/1552
f  1552/1552/1552 1712/1712/1712 1551/1551/1551
f  1712/1712/1712 1553/1553/1553 1711/1711/1711
f  1551/1551/1551 1713/1713/1713 1505/1505/1505
f  1505/1505/1505 1713/1713/1713 1503/1503/1503
f  1713/1713/1713 1551/1551/1551 1712/1712/1712
f  1503/1503/1503 1713/1713/1713 1714/1714/1714
f  1715/1715/1715 1714/1714/1714 1713/1713/1713
f  1711/1711/1711 1715/1715/1715 1712/1712/1712
f  1713/1713/1713 1712/1712/1712 1715/1715/1715
f  1715/1715/1715 1711/1711/1711 1710/1710/1710
f  1714/1714/1714 1715/1715/1715 1716/1716/1716
f  1710/1710/1710 1716/1716/1716 1715/1715/1715
f  1709/1709/1709 1716/1716/1716 1710/1710/1710
f  1696/1696/1696 1717/1717/1717 1699/1699/1699
f  1699/1699/1699 1717/1717/1717 1709/1709/1709
f  1716/1716/1716 1709/1709/1709 1717/1717/1717
f  1684/1684/1684 1718/1718/1718 1696/1696/1696
f  1717/1717/1717 1696/1696/1696 1718/1718/1718
f  1677/1677/1677 1719/1719/1719 1684/1684/1684
f  1670/1670/1670 1719/1719/1719 1677/1677/1677
f  1718/1718/1718 1684/1684/1684 1719/1719/1719
f  1669/1669/1669 1720/1720/1720 1670/1670/1670
f  1719/1719/1719 1670/1670/1670 1720/1720/1720
f  1719/1719/1719 1721/1721/1721 1718/1718/1718
f  1721/1721/1721 1719/1719/1719 1720/1720/1720
f  1718/1718/1718 1722/1722/1722 1717/1717/1717
f  1722/1722/1722 1718/1718/1718 1721/1721/1721
f  1723/1723/1723 1717/1717/1717 1722/1722/1722
f  1717/1717/1717 1723/1723/1723 1716/1716/1716
f  1716/1716/1716 1723/1723/1723 1714/1714/1714
f  1722/1722/1722 1724/1724/1724 1723/1723/1723
f  1714/1714/1714 1723/1723/1723 1724/1724/1724
f  1721/1721/1721 1725/1725/1725 1722/1722/1722
f  1724/1724/1724 1722/1722/1722 1725/1725/1725
f  1725/1725/1725 1721/1721/1721 1726/1726/1726
f  1720/1720/1720 1726/1726/1726 1721/1721/1721
f  1669/1669/1669 1726/1726/1726 1720/1720/1720
f  1668/1668/1668 1726/1726/1726 1669/1669/1669
f  1667/1667/1667 1726/1726/1726 1668/1668/1668
f  1666/1666/1666 1727/1727/1727 1667/1667/1667
f  1725/1725/1725 1726/1726/1726 1727/1727/1727
f  1726/1726/1726 1667/1667/1667 1727/1727/1727
f  1675/1675/1675 1728/1728/1728 1666/1666/1666
f  1727/1727/1727 1666/1666/1666 1728/1728/1728
f  1676/1676/1676 1729/1729/1729 1675/1675/1675
f  1728/1728/1728 1675/1675/1675 1729/1729/1729
f  1729/1729/1729 1676/1676/1676 1730/1730/1730
f  1731/1731/1731 1730/1730/1730 1676/1676/1676
f  1732/1732/1732 1730/1730/1730 1731/1731/1731
f  1730/1730/1730 1732/1732/1732 1733/1733/1733
f  1734/1734/1734 1733/1733/1733 1732/1732/1732
f  1733/1733/1733 1734/1734/1734 1735/1735/1735
f  1736/1736/1736 1735/1735/1735 1734/1734/1734
f  1735/1735/1735 1736/1736/1736 1737/1737/1737
f  1737/1737/1737 1733/1733/1733 1735/1735/1735
f  1737/1737/1737 1736/1736/1736 1738/1738/1738
f  1738/1738/1738 1736/1736/1736 1739/1739/1739
f  1734/1734/1734 1740/1740/1740 1736/1736/1736
f  1739/1739/1739 1736/1736/1736 1740/1740/1740
f  1733/1733/1733 1741/1741/1741 1730/1730/1730
f  1741/1741/1741 1733/1733/1733 1737/1737/1737
f  1742/1742/1742 1730/1730/1730 1741/1741/1741
f  1743/1743/1743 1730/1730/1730 1742/1742/1742
f  1730/1730/1730 1743/1743/1743 1729/1729/1729
f  1729/1729/1729 1743/1743/1743 1728/1728/1728
f  1744/1744/1744 1728/1728/1728 1743/1743/1743
f  1728/1728/1728 1745/1745/1745 1727/1727/1727
f  1727/1727/1727 1745/1745/1745 1725/1725/1725
f  1725/1725/1725 1745/1745/1745 1724/1724/1724
f  1745/1745/1745 1728/1728/1728 1744/1744/1744
f  1746/1746/1746 1724/1724/1724 1745/1745/1745
f  1724/1724/1724 1746/1746/1746 1714/1714/1714
f  1714/1714/1714 1746/1746/1746 1503/1503/1503
f  1503/1503/1503 1746/1746/1746 1506/1506/1506
f  1506/1506/1506 1746/1746/1746 1747/1747/1747
f  1745/1745/1745 1748/1748/1748 1746/1746/1746
f  1748/1748/1748 1745/1745/1745 1744/1744/1744
f  1747/1747/1747 1746/1746/1746 1748/1748/1748
f  1749/1749/1749 1750/1750/1750 1751/1751/1751
f  1750/1750/1750 1749/1749/1749 1752/1752/1752
f  1753/1753/1753 1751/1751/1751 1750/1750/1750
f  1751/1751/1751 1753/1753/1753 1754/1754/1754
f  1755/1755/1755 1754/1754/1754 1753/1753/1753
f  1754/1754/1754 1755/1755/1755 1756/1756/1756
f  1756/1756/1756 1755/1755/1755 1757/1757/1757
f  1758/1758/1758 1757/1757/1757 1755/1755/1755
f  1757/1757/1757 1758/1758/1758 1759/1759/1759
f  1760/1760/1760 1759/1759/1759 1758/1758/1758
f  1761/1761/1761 1759/1759/1759 1760/1760/1760
f  1759/1759/1759 1761/1761/1761 1762/1762/1762
f  1763/1763/1763 1762/1762/1762 1761/1761/1761
f  1762/1762/1762 1764/1764/1764 1759/1759/1759
f  1759/1759/1759 1764/1764/1764 1757/1757/1757
f  1757/1757/1757 1764/1764/1764 1756/1756/1756
f  1756/1756/1756 1765/1765/1765 1754/1754/1754
f  1765/1765/1765 1756/1756/1756 1764/1764/1764
f  1762/1762/1762 1766/1766/1766 1764/1764/1764
f  1763/1763/1763 1766/1766/1766 1762/1762/1762
f  1764/1764/1764 1766/1766/1766 1765/1765/1765
f  1766/1766/1766 1763/1763/1763 1767/1767/1767
f  1766/1766/1766 1767/1767/1767 1765/1765/1765
f  1768/1768/1768 1767/1767/1767 1763/1763/1763
f  1767/1767/1767 1768/1768/1768 1769/1769/1769
f  1770/1770/1770 1769/1769/1769 1768/1768/1768
f  1769/1769/1769 1770/1770/1770 1771/1771/1771
f  1772/1772/1772 1771/1771/1771 1770/1770/1770
f  1771/1771/1771 1772/1772/1772 1773/1773/1773
f  1774/1774/1774 1773/1773/1773 1772/1772/1772
f  1773/1773/1773 1774/1774/1774 1775/1775/1775
f  1776/1776/1776 1775/1775/1775 1774/1774/1774
f  1777/1777/1777 1775/1775/1775 1776/1776/1776
f  1775/1775/1775 1777/1777/1777 1778/1778/1778
f  1778/1778/1778 1777/1777/1777 1779/1779/1779
f  1780/1780/1780 1779/1779/1779 1777/1777/1777
f  1779/1779/1779 1780/1780/1780 1781/1781/1781
f  1782/1782/1782 1781/1781/1781 1780/1780/1780
f  1781/1781/1781 1782/1782/1782 1783/1783/1783
f  1784/1784/1784 1783/1783/1783 1782/1782/1782
f  1785/1785/1785 1783/1783/1783 1784/1784/1784
f  1783/1783/1783 1785/1785/1785 1786/1786/1786
f  1787/1787/1787 1786/1786/1786 1785/1785/1785
f  1783/1783/1783 1788/1788/1788 1781/1781/1781
f  1788/1788/1788 1783/1783/1783 1786/1786/1786
f  1781/1781/1781 1789/1789/1789 1779/1779/1779
f  1789/1789/1789 1781/1781/1781 1788/1788/1788
f  1790/1790/1790 1779/1779/1779 1789/1789/1789
f  1779/1779/1779 1790/1790/1790 1778/1778/1778
f  1778/1778/1778 1791/1791/1791 1775/1775/1775
f  1791/1791/1791 1778/1778/1778 1790/1790/1790
f  1775/1775/1775 1792/1792/1792 1773/1773/1773
f  1792/1792/1792 1775/1775/1775 1791/1791/1791
f  1793/1793/1793 1773/1773/1773 1792/1792/1792
f  1773/1773/1773 1793/1793/1793 1771/1771/1771
f  1771/1771/1771 1794/1794/1794 1769/1769/1769
f  1794/1794/1794 1771/1771/1771 1793/1793/1793
f  1769/1769/1769 1795/1795/1795 1767/1767/1767
f  1767/1767/1767 1795/1795/1795 1765/1765/1765
f  1795/1795/1795 1769/1769/1769 1794/1794/1794
f  1796/1796/1796 1765/1765/1765 1795/1795/1795
f  1765/1765/1765 1796/1796/1796 1754/1754/1754
f  1754/1754/1754 1796/1796/1796 1751/1751/1751
f  1751/1751/1751 1796/1796/1796 1797/1797/1797
f  1795/1795/1795 1798/1798/1798 1796/1796/1796
f  1794/1794/1794 1798/1798/1798 1795/1795/1795
f  1797/1797/1797 1796/1796/1796 1798/1798/1798
f  1793/1793/1793 1799/1799/1799 1794/1794/1794
f  1798/1798/1798 1794/1794/1794 1799/1799/1799
f  1799/1799/1799 1793/1793/1793 1800/1800/1800
f  1792/1792/1792 1800/1800/1800 1793/1793/1793
f  1791/1791/1791 1800/1800/1800 1792/1792/1792
f  1800/1800/1800 1791/1791/1791 1801/1801/1801
f  1790/1790/1790 1802/1802/1802 1791/1791/1791
f  1801/1801/1801 1791/1791/1791 1802/1802/1802
f  1802/1802/1802 1790/1790/1790 1803/1803/1803
f  1789/1789/1789 1803/1803/1803 1790/1790/1790
f  1788/1788/1788 1804/1804/1804 1789/1789/1789
f  1803/1803/1803 1789/1789/1789 1804/1804/1804
f  1804/1804/1804 1788/1788/1788 1805/1805/1805
f  1786/1786/1786 1806/1806/1806 1788/1788/1788
f  1805/1805/1805 1788/1788/1788 1806/1806/1806
f  1806/1806/1806 1786/1786/1786 1807/1807/1807
f  1787/1787/1787 1807/1807/1807 1786/1786/1786
f  1807/1807/1807 1787/1787/1787 1808/1808/1808
f  1809/1809/1809 1808/1808/1808 1787/1787/1787
f  1810/1810/1810 1808/1808/1808 1809/1809/1809
f  1808/1808/1808 1810/1810/1810 1811/1811/1811
f  1811/1811/1811 1810/1810/1810 1812/1812/1812
f  1813/1813/1813 1812/1812/1812 1810/1810/1810
f  1812/1812/1812 1813/1813/1813 1814/1814/1814
f  1815/1815/1815 1814/1814/1814 1813/1813/1813
f  1814/1814/1814 1815/1815/1815 1816/1816/1816
f  1817/1817/1817 1816/1816/1816 1815/1815/1815
f  1818/1818/1818 1816/1816/1816 1817/1817/1817
f  1819/1819/1819 1816/1816/1816 1818/1818/1818
f  1816/1816/1816 1819/1819/1819 1820/1820/1820
f  1821/1821/1821 1820/1820/1820 1819/1819/1819
f  1816/1816/1816 1822/1822/1822 1814/1814/1814
f  1814/1814/1814 1822/1822/1822 1812/1812/1812
f  1820/1820/1820 1822/1822/1822 1816/1816/1816
f  1812/1812/1812 1823/1823/1823 1811/1811/1811
f  1823/1823/1823 1812/1812/1812 1822/1822/1822
f  1822/1822/1822 1824/1824/1824 1823/1823/1823
f  1820/1820/1820 1824/1824/1824 1822/1822/1822
f  1821/1821/1821 1824/1824/1824 1820/1820/1820
f  1825/1825/1825 1824/1824/1824 1821/1821/1821
f  1824/1824/1824 1826/1826/1826 1823/1823/1823
f  1824/1824/1824 1825/1825/1825 1826/1826/1826
f  1827/1827/1827 1826/1826/1826 1825/1825/1825
f  1828/1828/1828 1823/1823/1823 1826/1826/1826
f  1823/1823/1823 1828/1828/1828 1811/1811/1811
f  1811/1811/1811 1828/1828/1828 1808/1808/1808
f  1808/1808/1808 1829/1829/1829 1807/1807/1807
f  1829/1829/1829 1808/1808/1808 1828/1828/1828
f  1807/1807/1807 1830/1830/1830 1806/1806/1806
f  1830/1830/1830 1807/1807/1807 1829/1829/1829
f  1831/1831/1831 1806/1806/1806 1830/1830/1830
f  1806/1806/1806 1831/1831/1831 1805/1805/1805
f  1832/1832/1832 1830/1830/1830 1829/1829/1829
f  1827/1827/1827 1832/1832/1832 1826/1826/1826
f  1826/1826/1826 1832/1832/1832 1828/1828/1828
f  1829/1829/1829 1828/1828/1828 1832/1832/1832
f  1830/1830/1830 1833/1833/1833 1831/1831/1831
f  1830/1830/1830 1832/1832/1832 1833/1833/1833
f  1834/1834/1834 1833/1833/1833 1832/1832/1832
f  1832/1832/1832 1827/1827/1827 1834/1834/1834
f  1835/1835/1835 1833/1833/1833 1834/1834/1834
f  1833/1833/1833 1835/1835/1835 1831/1831/1831
f  1836/1836/1836 1831/1831/1831 1835/1835/1835
f  1831/1831/1831 1836/1836/1836 1837/1837/1837
f  1837/1837/1837 1805/1805/1805 1831/1831/1831
f  1838/1838/1838 1837/1837/1837 1836/1836/1836
f  1839/1839/1839 1837/1837/1837 1838/1838/1838
f  1840/1840/1840 1837/1837/1837 1839/1839/1839
f  1805/1805/1805 1837/1837/1837 1840/1840/1840
f  1841/1841/1841 1840/1840/1840 1839/1839/1839
f  1840/1840/1840 1841/1841/1841 1842/1842/1842
f  1843/1843/1843 1842/1842/1842 1841/1841/1841
f  1840/1840/1840 1844/1844/1844 1805/1805/1805
f  1805/1805/1805 1844/1844/1844 1804/1804/1804
f  1842/1842/1842 1844/1844/1844 1840/1840/1840
f  1804/1804/1804 1845/1845/1845 1803/1803/1803
f  1845/1845/1845 1804/1804/1804 1844/1844/1844
f  1842/1842/1842 1846/1846/1846 1844/1844/1844
f  1844/1844/1844 1846/1846/1846 1845/1845/1845
f  1846/1846/1846 1842/1842/1842 1847/1847/1847
f  1843/1843/1843 1847/1847/1847 1842/1842/1842
f  1848/1848/1848 1847/1847/1847 1843/1843/1843
f  1847/1847/1847 1848/1848/1848 1849/1849/1849
f  1850/1850/1850 1849/1849/1849 1848/1848/1848
f  1847/1847/1847 1851/1851/1851 1846/1846/1846
f  1849/1849/1849 1851/1851/1851 1847/1847/1847
f  1852/1852/1852 1846/1846/1846 1851/1851/1851
f  1846/1846/1846 1852/1852/1852 1845/1845/1845
f  1845/1845/1845 1853/1853/1853 1803/1803/1803
f  1803/1803/1803 1853/1853/1853 1802/1802/1802
f  1853/1853/1853 1845/1845/1845 1852/1852/1852
f  1802/1802/1802 1854/1854/1854 1801/1801/1801
f  1854/1854/1854 1802/1802/1802 1853/1853/1853
f  1853/1853/1853 1855/1855/1855 1854/1854/1854
f  1855/1855/1855 1853/1853/1853 1856/1856/1856
f  1852/1852/1852 1856/1856/1856 1853/1853/1853
f  1851/1851/1851 1857/1857/1857 1852/1852/1852
f  1856/1856/1856 1852/1852/1852 1857/1857/1857
f  1849/1849/1849 1858/1858/1858 1851/1851/1851
f  1857/1857/1857 1851/1851/1851 1858/1858/1858
f  1850/1850/1850 1859/1859/1859 1849/1849/1849
f  1858/1858/1858 1849/1849/1849 1859/1859/1859
f  1860/1860/1860 1859/1859/1859 1850/1850/1850
f  1859/1859/1859 1860/1860/1860 1861/1861/1861
f  1862/1862/1862 1861/1861/1861 1860/1860/1860
f  1861/1861/1861 1862/1862/1862 1863/1863/1863
f  1863/1863/1863 1862/1862/1862 1864/1864/1864
f  1865/1865/1865 1864/1864/1864 1862/1862/1862
f  1866/1866/1866 1864/1864/1864 1865/1865/1865
f  1864/1864/1864 1866/1866/1866 1867/1867/1867
f  1868/1868/1868 1867/1867/1867 1866/1866/1866
f  1867/1867/1867 1868/1868/1868 1869/1869/1869
f  1870/1870/1870 1869/1869/1869 1868/1868/1868
f  1869/1869/1869 1870/1870/1870 1871/1871/1871
f  1871/1871/1871 1870/1870/1870 1872/1872/1872
f  1873/1873/1873 1872/1872/1872 1870/1870/1870
f  1872/1872/1872 1873/1873/1873 1874/1874/1874
f  1875/1875/1875 1874/1874/1874 1873/1873/1873
f  1876/1876/1876 1874/1874/1874 1875/1875/1875
f  1874/1874/1874 1876/1876/1876 1877/1877/1877
f  1878/1878/1878 1877/1877/1877 1876/1876/1876
f  1877/1877/1877 1878/1878/1878 1879/1879/1879
f  1880/1880/1880 1879/1879/1879 1878/1878/1878
f  1879/1879/1879 1880/1880/1880 1881/1881/1881
f  1882/1882/1882 1881/1881/1881 1880/1880/1880
f  1881/1881/1881 1882/1882/1882 1883/1883/1883
f  1884/1884/1884 1883/1883/1883 1882/1882/1882
f  1883/1883/1883 1884/1884/1884 1885/1885/1885
f  1886/1886/1886 1885/1885/1885 1884/1884/1884
f  1861/1861/1861 1887/1887/1887 1859/1859/1859
f  1858/1858/1858 1859/1859/1859 1887/1887/1887
f  1863/1863/1863 1888/1888/1888 1861/1861/1861
f  1887/1887/1887 1861/1861/1861 1888/1888/1888
f  1883/1883/1883 1889/1889/1889 1881/1881/1881
f  1881/1881/1881 1889/1889/1889 1879/1879/1879
f  1885/1885/1885 1889/1889/1889 1883/1883/1883
f  1890/1890/1890 1879/1879/1879 1889/1889/1889
f  1879/1879/1879 1890/1890/1890 1877/1877/1877
f  1877/1877/1877 1890/1890/1890 1874/1874/1874
f  1874/1874/1874 1891/1891/1891 1872/1872/1872
f  1891/1891/1891 1874/1874/1874 1890/1890/1890
f  1892/1892/1892 1890/1890/1890 1889/1889/1889
f  1885/1885/1885 1892/1892/1892 1889/1889/1889
f  1892/1892/1892 1885/1885/1885 1886/1886/1886
f  1890/1890/1890 1892/1892/1892 1893/1893/1893
f  1893/1893/1893 1891/1891/1891 1890/1890/1890
f  1886/1886/1886 1893/1893/1893 1892/1892/1892
f  1894/1894/1894 1893/1893/1893 1886/1886/1886
f  1891/1891/1891 1893/1893/1893 1895/1895/1895
f  1893/1893/1893 1894/1894/1894 1895/1895/1895
f  1896/1896/1896 1895/1895/1895 1894/1894/1894
f  1897/1897/1897 1895/1895/1895 1896/1896/1896
f  1898/1898/1898 1895/1895/1895 1897/1897/1897
f  1899/1899/1899 1895/1895/1895 1898/1898/1898
f  1891/1891/1891 1899/1899/1899 1872/1872/1872
f  1895/1895/1895 1899/1899/1899 1891/1891/1891
f  1900/1900/1900 1872/1872/1872 1899/1899/1899
f  1872/1872/1872 1900/1900/1900 1871/1871/1871
f  1898/1898/1898 1901/1901/1901 1899/1899/1899
f  1899/1899/1899 1901/1901/1901 1900/1900/1900
f  1901/1901/1901 1898/1898/1898 1902/1902/1902
f  1903/1903/1903 1902/1902/1902 1898/1898/1898
f  1898/1898/1898 1897/1897/1897 1903/1903/1903
f  1902/1902/1902 1903/1903/1903 1904/1904/1904
f  1905/1905/1905 1904/1904/1904 1903/1903/1903
f  1904/1904/1904 1905/1905/1905 1906/1906/1906
f  1907/1907/1907 1906/1906/1906 1905/1905/1905
f  1908/1908/1908 1903/1903/1903 1897/1897/1897
f  1903/1903/1903 1908/1908/1908 1905/1905/1905
f  1904/1904/1904 1909/1909/1909 1902/1902/1902
f  1909/1909/1909 1904/1904/1904 1906/1906/1906
f  1910/1910/1910 1906/1906/1906 1907/1907/1907
f  1906/1906/1906 1910/1910/1910 1911/1911/1911
f  1911/1911/1911 1909/1909/1909 1906/1906/1906
f  1912/1912/1912 1911/1911/1911 1910/1910/1910
f  1911/1911/1911 1913/1913/1913 1909/1909/1909
f  1913/1913/1913 1911/1911/1911 1912/1912/1912
f  1909/1909/1909 1914/1914/1914 1902/1902/1902
f  1914/1914/1914 1909/1909/1909 1913/1913/1913
f  1902/1902/1902 1915/1915/1915 1901/1901/1901
f  1915/1915/1915 1902/1902/1902 1914/1914/1914
f  1901/1901/1901 1916/1916/1916 1900/1900/1900
f  1916/1916/1916 1901/1901/1901 1915/1915/1915
f  1871/1871/1871 1917/1917/1917 1869/1869/1869
f  1917/1917/1917 1900/1900/1900 1916/1916/1916
f  1900/1900/1900 1917/1917/1917 1871/1871/1871
f  1869/1869/1869 1918/1918/1918 1867/1867/1867
f  1918/1918/1918 1869/1869/1869 1917/1917/1917
f  1907/1907/1907 1919/1919/1919 1910/1910/1910
f  1920/1920/1920 1910/1910/1910 1919/1919/1919
f  1910/1910/1910 1921/1921/1921 1912/1912/1912
f  1910/1910/1910 1920/1920/1920 1921/1921/1921
f  1922/1922/1922 1921/1921/1921 1920/1920/1920
f  1917/1917/1917 1923/1923/1923 1918/1918/1918
f  1923/1923/1923 1917/1917/1917 1916/1916/1916
f  1867/1867/1867 1924/1924/1924 1864/1864/1864
f  1918/1918/1918 1924/1924/1924 1867/1867/1867
f  1923/1923/1923 1925/1925/1925 1918/1918/1918
f  1924/1924/1924 1918/1918/1918 1925/1925/1925
f  1864/1864/1864 1926/1926/1926 1863/1863/1863
f  1863/1863/1863 1926/1926/1926 1888/1888/1888
f  1926/1926/1926 1864/1864/1864 1924/1924/1924
f  1888/1888/1888 1926/1926/1926 1927/1927/1927
f  1928/1928/1928 1927/1927/1927 1926/1926/1926
f  1928/1928/1928 1924/1924/1924 1925/1925/1925
f  1924/1924/1924 1928/1928/1928 1926/1926/1926
f  1927/1927/1927 1928/1928/1928 1929/1929/1929
f  1929/1929/1929 1928/1928/1928 1930/1930/1930
f  1930/1930/1930 1925/1925/1925 1923/1923/1923
f  1925/1925/1925 1930/1930/1930 1928/1928/1928
f  1927/1927/1927 1931/1931/1931 1888/1888/1888
f  1888/1888/1888 1931/1931/1931 1887/1887/1887
f  1887/1887/1887 1931/1931/1931 1858/1858/1858
f  1931/1931/1931 1927/1927/1927 1932/1932/1932
f  1929/1929/1929 1932/1932/1932 1927/1927/1927
f  1933/1933/1933 1858/1858/1858 1931/1931/1931
f  1858/1858/1858 1933/1933/1933 1857/1857/1857
f  1857/1857/1857 1934/1934/1934 1856/1856/1856
f  1934/1934/1934 1857/1857/1857 1933/1933/1933
f  1856/1856/1856 1935/1935/1935 1855/1855/1855
f  1935/1935/1935 1856/1856/1856 1934/1934/1934
f  1931/1931/1931 1936/1936/1936 1933/1933/1933
f  1936/1936/1936 1934/1934/1934 1933/1933/1933
f  1934/1934/1934 1936/1936/1936 1937/1937/1937
f  1935/1935/1935 1934/1934/1934 1937/1937/1937
f  1937/1937/1937 1936/1936/1936 1938/1938/1938
f  1932/1932/1932 1939/1939/1939 1931/1931/1931
f  1936/1936/1936 1931/1931/1931 1939/1939/1939
f  1939/1939/1939 1938/1938/1938 1936/1936/1936
f  1938/1938/1938 1939/1939/1939 1940/1940/1940
f  1932/1932/1932 1940/1940/1940 1939/1939/1939
f  1929/1929/1929 1941/1941/1941 1932/1932/1932
f  1940/1940/1940 1932/1932/1932 1941/1941/1941
f  1941/1941/1941 1929/1929/1929 1942/1942/1942
f  1930/1930/1930 1942/1942/1942 1929/1929/1929
f  1938/1938/1938 1943/1943/1943 1937/1937/1937
f  1938/1938/1938 1940/1940/1940 1943/1943/1943
f  1941/1941/1941 1944/1944/1944 1940/1940/1940
f  1943/1943/1943 1940/1940/1940 1944/1944/1944
f  1944/1944/1944 1941/1941/1941 1945/1945/1945
f  1942/1942/1942 1945/1945/1945 1941/1941/1941
f  1937/1937/1937 1946/1946/1946 1935/1935/1935
f  1935/1935/1935 1946/1946/1946 1855/1855/1855
f  1946/1946/1946 1937/1937/1937 1943/1943/1943
f  1947/1947/1947 1855/1855/1855 1946/1946/1946
f  1855/1855/1855 1947/1947/1947 1854/1854/1854
f  1943/1943/1943 1948/1948/1948 1946/1946/1946
f  1946/1946/1946 1948/1948/1948 1947/1947/1947
f  1944/1944/1944 1949/1949/1949 1943/1943/1943
f  1948/1948/1948 1943/1943/1943 1949/1949/1949
f  1949/1949/1949 1950/1950/1950 1948/1948/1948
f  1948/1948/1948 1950/1950/1950 1947/1947/1947
f  1947/1947/1947 1951/1951/1951 1854/1854/1854
f  1854/1854/1854 1951/1951/1951 1801/1801/1801
f  1951/1951/1951 1947/1947/1947 1950/1950/1950
f  1801/1801/1801 1952/1952/1952 1800/1800/1800
f  1952/1952/1952 1801/1801/1801 1951/1951/1951
f  1950/1950/1950 1953/1953/1953 1951/1951/1951
f  1951/1951/1951 1953/1953/1953 1952/1952/1952
f  1953/1953/1953 1950/1950/1950 1954/1954/1954
f  1949/1949/1949 1954/1954/1954 1950/1950/1950
f  1944/1944/1944 1954/1954/1954 1949/1949/1949
f  1945/1945/1945 1954/1954/1954 1944/1944/1944
f  1954/1954/1954 1955/1955/1955 1953/1953/1953
f  1955/1955/1955 1954/1954/1954 1945/1945/1945
f  1953/1953/1953 1956/1956/1956 1952/1952/1952
f  1956/1956/1956 1953/1953/1953 1955/1955/1955
f  1957/1957/1957 1952/1952/1952 1956/1956/1956
f  1952/1952/1952 1957/1957/1957 1800/1800/1800
f  1800/1800/1800 1957/1957/1957 1799/1799/1799
f  1799/1799/1799 1958/1958/1958 1798/1798/1798
f  1798/1798/1798 1958/1958/1958 1797/1797/1797
f  1958/1958/1958 1799/1799/1799 1957/1957/1957
f  1797/1797/1797 1959/1959/1959 1751/1751/1751
f  1751/1751/1751 1959/1959/1959 1749/1749/1749
f  1959/1959/1959 1797/1797/1797 1958/1958/1958
f  1749/1749/1749 1959/1959/1959 1960/1960/1960
f  1961/1961/1961 1960/1960/1960 1959/1959/1959
f  1957/1957/1957 1961/1961/1961 1958/1958/1958
f  1961/1961/1961 1957/1957/1957 1956/1956/1956
f  1959/1959/1959 1958/1958/1958 1961/1961/1961
f  1960/1960/1960 1961/1961/1961 1962/1962/1962
f  1956/1956/1956 1962/1962/1962 1961/1961/1961
f  1955/1955/1955 1962/1962/1962 1956/1956/1956
f  1942/1942/1942 1963/1963/1963 1945/1945/1945
f  1945/1945/1945 1963/1963/1963 1955/1955/1955
f  1962/1962/1962 1955/1955/1955 1963/1963/1963
f  1930/1930/1930 1964/1964/1964 1942/1942/1942
f  1963/1963/1963 1942/1942/1942 1964/1964/1964
f  1964/1964/1964 1930/1930/1930 1965/1965/1965
f  1923/1923/1923 1965/1965/1965 1930/1930/1930
f  1916/1916/1916 1965/1965/1965 1923/1923/1923
f  1965/1965/1965 1916/1916/1916 1966/1966/1966
f  1915/1915/1915 1966/1966/1966 1916/1916/1916
f  1967/1967/1967 1965/1965/1965 1966/1966/1966
f  1965/1965/1965 1967/1967/1967 1964/1964/1964
f  1964/1964/1964 1968/1968/1968 1963/1963/1963
f  1968/1968/1968 1964/1964/1964 1967/1967/1967
f  1969/1969/1969 1963/1963/1963 1968/1968/1968
f  1963/1963/1963 1969/1969/1969 1962/1962/1962
f  1962/1962/1962 1969/1969/1969 1960/1960/1960
f  1968/1968/1968 1970/1970/1970 1969/1969/1969
f  1960/1960/1960 1969/1969/1969 1970/1970/1970
f  1967/1967/1967 1971/1971/1971 1968/1968/1968
f  1970/1970/1970 1968/1968/1968 1971/1971/1971
f  1971/1971/1971 1967/1967/1967 1972/1972/1972
f  1966/1966/1966 1972/1972/1972 1967/1967/1967
f  1915/1915/1915 1972/1972/1972 1966/1966/1966
f  1914/1914/1914 1972/1972/1972 1915/1915/1915
f  1913/1913/1913 1972/1972/1972 1914/1914/1914
f  1972/1972/1972 1913/1913/1913 1973/1973/1973
f  1912/1912/1912 1973/1973/1973 1913/1913/1913
f  1971/1971/1971 1972/1972/1972 1973/1973/1973
f  1973/1973/1973 1912/1912/1912 1974/1974/1974
f  1921/1921/1921 1974/1974/1974 1912/1912/1912
f  1922/1922/1922 1975/1975/1975 1921/1921/1921
f  1974/1974/1974 1921/1921/1921 1975/1975/1975
f  1975/1975/1975 1922/1922/1922 1976/1976/1976
f  1977/1977/1977 1976/1976/1976 1922/1922/1922
f  1978/1978/1978 1976/1976/1976 1977/1977/1977
f  1976/1976/1976 1978/1978/1978 1979/1979/1979
f  1980/1980/1980 1979/1979/1979 1978/1978/1978
f  1979/1979/1979 1980/1980/1980 1981/1981/1981
f  1982/1982/1982 1981/1981/1981 1980/1980/1980
f  1983/1983/1983 1979/1979/1979 1981/1981/1981
f  1981/1981/1981 1982/1982/1982 1983/1983/1983
f  1983/1983/1983 1982/1982/1982 1984/1984/1984
f  1984/1984/1984 1982/1982/1982 1985/1985/1985
f  1980/1980/1980 1986/1986/1986 1982/1982/1982
f  1985/1985/1985 1982/1982/1982 1986/1986/1986
f  1987/1987/1987 1979/1979/1979 1983/1983/1983
f  1979/1979/1979 1987/1987/1987 1976/1976/1976
f  1988/1988/1988 1976/1976/1976 1987/1987/1987
f  1976/1976/1976 1989/1989/1989 1975/1975/1975
f  1975/1975/1975 1989/1989/1989 1974/1974/1974
f  1989/1989/1989 1976/1976/1976 1988/1988/1988
f  1990/1990/1990 1974/1974/1974 1989/1989/1989
f  1991/1991/1991 1974/1974/1974 1990/1990/1990
f  1974/1974/1974 1991/1991/1991 1973/1973/1973
f  1973/1973/1973 1991/1991/1991 1971/1971/1971
f  1971/1971/1971 1991/1991/1991 1970/1970/1970
f  1970/1970/1970 1992/1992/1992 1960/1960/1960
f  1960/1960/1960 1992/1992/1992 1749/1749/1749
f  1749/1749/1749 1992/1992/1992 1752/1752/1752
f  1992/1992/1992 1970/1970/1970 1991/1991/1991
f  1752/1752/1752 1992/1992/1992 1993/1993/1993
f  1993/1993/1993 1992/1992/1992 1994/1994/1994
f  1991/1991/1991 1994/1994/1994 1992/1992/1992
f  1994/1994/1994 1991/1991/1991 1990/1990/1990
f  1995/1995/1995 1996/1996/1996 1997/1997/1997
f  1998/1998/1998 1996/1996/1996 1995/1995/1995
f  1996/1996/1996 1998/1998/1998 1999/1999/1999
f  2000/2000/2000 1999/1999/1999 1998/1998/1998
f  1999/1999/1999 2000/2000/2000 2001/2001/2001
f  2002/2002/2002 2001/2001/2001 2000/2000/2000
f  2003/2003/2003 2001/2001/2001 2002/2002/2002
f  2001/2001/2001 2003/2003/2003 2004/2004/2004
f  2005/2005/2005 2004/2004/2004 2003/2003/2003
f  2004/2004/2004 2005/2005/2005 2006/2006/2006
f  2006/2006/2006 2005/2005/2005 2007/2007/2007
f  2008/2008/2008 2007/2007/2007 2005/2005/2005
f  2007/2007/2007 2008/2008/2008 2009/2009/2009
f  2003/2003/2003 2010/2010/2010 2005/2005/2005
f  2002/2002/2002 2010/2010/2010 2003/2003/2003
f  2005/2005/2005 2010/2010/2010 2008/2008/2008
f  2010/2010/2010 2002/2002/2002 2011/2011/2011
f  2000/2000/2000 2011/2011/2011 2002/2002/2002
f  2010/2010/2010 2012/2012/2012 2008/2008/2008
f  2008/2008/2008 2012/2012/2012 2009/2009/2009
f  2011/2011/2011 2012/2012/2012 2010/2010/2010
f  2013/2013/2013 2009/2009/2009 2012/2012/2012
f  2011/2011/2011 2013/2013/2013 2012/2012/2012
f  2009/2009/2009 2013/2013/2013 2014/2014/2014
f  2015/2015/2015 2014/2014/2014 2013/2013/2013
f  2014/2014/2014 2015/2015/2015 2016/2016/2016
f  2013/2013/2013 2011/2011/2011 2017/2017/2017
f  2015/2015/2015 2013/2013/2013 2017/2017/2017
f  1998/1998/1998 2018/2018/2018 2000/2000/2000
f  2000/2000/2000 2018/2018/2018 2011/2011/2011
f  2017/2017/2017 2011/2011/2011 2018/2018/2018
f  2018/2018/2018 1998/1998/1998 2019/2019/2019
f  2020/2020/2020 2019/2019/2019 1998/1998/1998
f  2020/2020/2020 1998/1998/1998 1995/1995/1995
f  2021/2021/2021 2019/2019/2019 2020/2020/2020
f  2018/2018/2018 2022/2022/2022 2017/2017/2017
f  2019/2019/2019 2022/2022/2022 2018/2018/2018
f  2022/2022/2022 2019/2019/2019 2021/2021/2021
f  2017/2017/2017 2023/2023/2023 2015/2015/2015
f  2023/2023/2023 2017/2017/2017 2022/2022/2022
f  2015/2015/2015 2024/2024/2024 2016/2016/2016
f  2024/2024/2024 2015/2015/2015 2023/2023/2023
f  2016/2016/2016 2024/2024/2024 2025/2025/2025
f  2026/2026/2026 2025/2025/2025 2024/2024/2024
f  2025/2025/2025 2026/2026/2026 2027/2027/2027
f  2024/2024/2024 2028/2028/2028 2026/2026/2026
f  2023/2023/2023 2028/2028/2028 2024/2024/2024
f  2022/2022/2022 2029/2029/2029 2023/2023/2023
f  2021/2021/2021 2029/2029/2029 2022/2022/2022
f  2028/2028/2028 2023/2023/2023 2029/2029/2029
f  2029/2029/2029 2021/2021/2021 2030/2030/2030
f  2020/2020/2020 2031/2031/2031 2021/2021/2021
f  2030/2030/2030 2021/2021/2021 2031/2031/2031
f  2031/2031/2031 2020/2020/2020 2032/2032/2032
f  1995/1995/1995 2032/2032/2032 2020/2020/2020
f  1997/1997/1997 2033/2033/2033 1995/1995/1995
f  2032/2032/2032 1995/1995/1995 2033/2033/2033
f  2034/2034/2034 2033/2033/2033 1997/1997/1997
f  2035/2035/2035 2033/2033/2033 2034/2034/2034
f  2033/2033/2033 2035/2035/2035 2036/2036/2036
f  2037/2037/2037 2036/2036/2036 2035/2035/2035
f  2033/2033/2033 2038/2038/2038 2032/2032/2032
f  2036/2036/2036 2038/2038/2038 2033/2033/2033
f  2039/2039/2039 2032/2032/2032 2038/2038/2038
f  2032/2032/2032 2040/2040/2040 2031/2031/2031
f  2040/2040/2040 2032/2032/2032 2039/2039/2039
f  2041/2041/2041 2031/2031/2031 2040/2040/2040
f  2031/2031/2031 2041/2041/2041 2030/2030/2030
f  2042/2042/2042 2030/2030/2030 2041/2041/2041
f  2030/2030/2030 2043/2043/2043 2029/2029/2029
f  2029/2029/2029 2043/2043/2043 2028/2028/2028
f  2043/2043/2043 2030/2030/2030 2042/2042/2042
f  2044/2044/2044 2028/2028/2028 2043/2043/2043
f  2028/2028/2028 2044/2044/2044 2026/2026/2026
f  2026/2026/2026 2045/2045/2045 2027/2027/2027
f  2045/2045/2045 2026/2026/2026 2044/2044/2044
f  2027/2027/2027 2045/2045/2045 2046/2046/2046
f  2046/2046/2046 2045/2045/2045 2047/2047/2047
f  2048/2048/2048 2047/2047/2047 2045/2045/2045
f  2049/2049/2049 2047/2047/2047 2048/2048/2048
f  2047/2047/2047 2049/2049/2049 2050/2050/2050
f  2051/2051/2051 2050/2050/2050 2049/2049/2049
f  2050/2050/2050 2051/2051/2051 2052/2052/2052
f  2053/2053/2053 2052/2052/2052 2051/2051/2051
f  2052/2052/2052 2053/2053/2053 2054/2054/2054
f  2054/2054/2054 2053/2053/2053 2055/2055/2055
f  2056/2056/2056 2055/2055/2055 2053/2053/2053
f  2055/2055/2055 2056/2056/2056 2057/2057/2057
f  2053/2053/2053 2058/2058/2058 2056/2056/2056
f  2051/2051/2051 2058/2058/2058 2053/2053/2053
f  2049/2049/2049 2059/2059/2059 2051/2051/2051
f  2058/2058/2058 2051/2051/2051 2059/2059/2059
f  2048/2048/2048 2060/2060/2060 2049/2049/2049
f  2059/2059/2059 2049/2049/2049 2060/2060/2060
f  2060/2060/2060 2048/2048/2048 2061/2061/2061
f  2045/2045/2045 2061/2061/2061 2048/2048/2048
f  2044/2044/2044 2061/2061/2061 2045/2045/2045
f  2043/2043/2043 2061/2061/2061 2044/2044/2044
f  2042/2042/2042 2062/2062/2062 2043/2043/2043
f  2061/2061/2061 2043/2043/2043 2062/2062/2062
f  2061/2061/2061 2063/2063/2063 2060/2060/2060
f  2062/2062/2062 2063/2063/2063 2061/2061/2061
f  2064/2064/2064 2060/2060/2060 2063/2063/2063
f  2060/2060/2060 2064/2064/2064 2059/2059/2059
f  2059/2059/2059 2065/2065/2065 2058/2058/2058
f  2065/2065/2065 2059/2059/2059 2064/2064/2064
f  2064/2064/2064 2066/2066/2066 2065/2065/2065
f  2063/2063/2063 2067/2067/2067 2064/2064/2064
f  2066/2066/2066 2064/2064/2064 2067/2067/2067
f  2067/2067/2067 2063/2063/2063 2068/2068/2068
f  2062/2062/2062 2068/2068/2068 2063/2063/2063
f  2042/2042/2042 2069/2069/2069 2062/2062/2062
f  2068/2068/2068 2062/2062/2062 2069/2069/2069
f  2041/2041/2041 2070/2070/2070 2042/2042/2042
f  2069/2069/2069 2042/2042/2042 2070/2070/2070
f  2040/2040/2040 2071/2071/2071 2041/2041/2041
f  2070/2070/2070 2041/2041/2041 2071/2071/2071
f  2071/2071/2071 2040/2040/2040 2072/2072/2072
f  2039/2039/2039 2072/2072/2072 2040/2040/2040
f  2038/2038/2038 2073/2073/2073 2039/2039/2039
f  2072/2072/2072 2039/2039/2039 2073/2073/2073
f  2036/2036/2036 2074/2074/2074 2038/2038/2038
f  2073/2073/2073 2038/2038/2038 2074/2074/2074
f  2074/2074/2074 2036/2036/2036 2075/2075/2075
f  2075/2075/2075 2036/2036/2036 2076/2076/2076
f  2037/2037/2037 2076/2076/2076 2036/2036/2036
f  2077/2077/2077 2076/2076/2076 2037/2037/2037
f  2076/2076/2076 2077/2077/2077 2078/2078/2078
f  2078/2078/2078 2077/2077/2077 2079/2079/2079
f  2080/2080/2080 2079/2079/2079 2077/2077/2077
f  2081/2081/2081 2079/2079/2079 2080/2080/2080
f  2079/2079/2079 2081/2081/2081 2082/2082/2082
f  2083/2083/2083 2082/2082/2082 2081/2081/2081
f  2082/2082/2082 2083/2083/2083 2084/2084/2084
f  2085/2085/2085 2084/2084/2084 2083/2083/2083
f  2084/2084/2084 2085/2085/2085 2086/2086/2086
f  2084/2084/2084 2086/2086/2086 2082/2082/2082
f  2086/2086/2086 2085/2085/2085 2087/2087/2087
f  2087/2087/2087 2085/2085/2085 2088/2088/2088
f  2083/2083/2083 2089/2089/2089 2085/2085/2085
f  2088/2088/2088 2085/2085/2085 2089/2089/2089
f  2082/2082/2082 2090/2090/2090 2079/2079/2079
f  2090/2090/2090 2082/2082/2082 2086/2086/2086
f  2091/2091/2091 2079/2079/2079 2090/2090/2090
f  2079/2079/2079 2092/2092/2092 2078/2078/2078
f  2092/2092/2092 2079/2079/2079 2091/2091/2091
f  2093/2093/2093 2078/2078/2078 2092/2092/2092
f  2078/2078/2078 2093/2093/2093 2076/2076/2076
f  2076/2076/2076 2094/2094/2094 2075/2075/2075
f  2094/2094/2094 2076/2076/2076 2093/2093/2093
f  2095/2095/2095 2093/2093/2093 2092/2092/2092
f  2093/2093/2093 2096/2096/2096 2094/2094/2094
f  2093/2093/2093 2095/2095/2095 2096/2096/2096
f  2097/2097/2097 2096/2096/2096 2095/2095/2095
f  2098/2098/2098 2096/2096/2096 2097/2097/2097
f  2096/2096/2096 2098/2098/2098 2099/2099/2099
f  2100/2100/2100 2099/2099/2099 2098/2098/2098
f  2099/2099/2099 2101/2101/2101 2096/2096/2096
f  2101/2101/2101 2094/2094/2094 2096/2096/2096
f  2075/2075/2075 2094/2094/2094 2102/2102/2102
f  2094/2094/2094 2101/2101/2101 2102/2102/2102
f  2102/2102/2102 2101/2101/2101 2103/2103/2103
f  2099/2099/2099 2103/2103/2103 2101/2101/2101
f  2100/2100/2100 2104/2104/2104 2099/2099/2099
f  2103/2103/2103 2099/2099/2099 2104/2104/2104
f  2104/2104/2104 2100/2100/2100 2105/2105/2105
f  2106/2106/2106 2105/2105/2105 2100/2100/2100
f  2107/2107/2107 2105/2105/2105 2106/2106/2106
f  2105/2105/2105 2107/2107/2107 2108/2108/2108
f  2108/2108/2108 2107/2107/2107 2109/2109/2109
f  2110/2110/2110 2109/2109/2109 2107/2107/2107
f  2111/2111/2111 2109/2109/2109 2110/2110/2110
f  2109/2109/2109 2111/2111/2111 2112/2112/2112
f  2113/2113/2113 2112/2112/2112 2111/2111/2111
f  2112/2112/2112 2113/2113/2113 2114/2114/2114
f  2114/2114/2114 2113/2113/2113 2115/2115/2115
f  2116/2116/2116 2115/2115/2115 2113/2113/2113
f  2115/2115/2115 2116/2116/2116 2117/2117/2117
f  2118/2118/2118 2117/2117/2117 2116/2116/2116
f  2117/2117/2117 2118/2118/2118 2119/2119/2119
f  2120/2120/2120 2119/2119/2119 2118/2118/2118
f  2119/2119/2119 2121/2121/2121 2117/2117/2117
f  2117/2117/2117 2121/2121/2121 2115/2115/2115
f  2115/2115/2115 2121/2121/2121 2114/2114/2114
f  2114/2114/2114 2122/2122/2122 2112/2112/2112
f  2122/2122/2122 2114/2114/2114 2121/2121/2121
f  2121/2121/2121 2123/2123/2123 2122/2122/2122
f  2119/2119/2119 2123/2123/2123 2121/2121/2121
f  2120/2120/2120 2123/2123/2123 2119/2119/2119
f  2124/2124/2124 2123/2123/2123 2120/2120/2120
f  2123/2123/2123 2125/2125/2125 2122/2122/2122
f  2123/2123/2123 2124/2124/2124 2125/2125/2125
f  2126/2126/2126 2125/2125/2125 2124/2124/2124
f  2125/2125/2125 2126/2126/2126 2127/2127/2127
f  2127/2127/2127 2122/2122/2122 2125/2125/2125
f  2128/2128/2128 2127/2127/2127 2126/2126/2126
f  2129/2129/2129 2127/2127/2127 2128/2128/2128
f  2127/2127/2127 2129/2129/2129 2130/2130/2130
f  2131/2131/2131 2130/2130/2130 2129/2129/2129
f  2122/2122/2122 2127/2127/2127 2132/2132/2132
f  2130/2130/2130 2132/2132/2132 2127/2127/2127
f  2112/2112/2112 2132/2132/2132 2109/2109/2109
f  2122/2122/2122 2132/2132/2132 2112/2112/2112
f  2132/2132/2132 2130/2130/2130 2133/2133/2133
f  2133/2133/2133 2109/2109/2109 2132/2132/2132
f  2109/2109/2109 2133/2133/2133 2108/2108/2108
f  2133/2133/2133 2130/2130/2130 2134/2134/2134
f  2131/2131/2131 2135/2135/2135 2130/2130/2130
f  2134/2134/2134 2130/2130/2130 2135/2135/2135
f  2135/2135/2135 2131/2131/2131 2136/2136/2136
f  2137/2137/2137 2136/2136/2136 2131/2131/2131
f  2136/2136/2136 2137/2137/2137 2138/2138/2138
f  2139/2139/2139 2138/2138/2138 2137/2137/2137
f  2138/2138/2138 2139/2139/2139 2140/2140/2140
f  2141/2141/2141 2140/2140/2140 2139/2139/2139
f  2142/2142/2142 2140/2140/2140 2141/2141/2141
f  2140/2140/2140 2142/2142/2142 2143/2143/2143
f  2143/2143/2143 2142/2142/2142 2144/2144/2144
f  2145/2145/2145 2144/2144/2144 2142/2142/2142
f  2144/2144/2144 2145/2145/2145 2146/2146/2146
f  2147/2147/2147 2146/2146/2146 2145/2145/2145
f  2146/2146/2146 2147/2147/2147 2148/2148/2148
f  2149/2149/2149 2148/2148/2148 2147/2147/2147
f  2148/2148/2148 2149/2149/2149 2150/2150/2150
f  2151/2151/2151 2150/2150/2150 2149/2149/2149
f  2150/2150/2150 2151/2151/2151 2152/2152/2152
f  2153/2153/2153 2152/2152/2152 2151/2151/2151
f  2152/2152/2152 2153/2153/2153 2154/2154/2154
f  2155/2155/2155 2154/2154/2154 2153/2153/2153
f  2154/2154/2154 2155/2155/2155 2156/2156/2156
f  2157/2157/2157 2156/2156/2156 2155/2155/2155
f  2158/2158/2158 2156/2156/2156 2157/2157/2157
f  2156/2156/2156 2158/2158/2158 2159/2159/2159
f  2160/2160/2160 2159/2159/2159 2158/2158/2158
f  2159/2159/2159 2160/2160/2160 2161/2161/2161
f  2162/2162/2162 2161/2161/2161 2160/2160/2160
f  2161/2161/2161 2162/2162/2162 2163/2163/2163
f  2164/2164/2164 2163/2163/2163 2162/2162/2162
f  2163/2163/2163 2164/2164/2164 2165/2165/2165
f  2166/2166/2166 2165/2165/2165 2164/2164/2164
f  2165/2165/2165 2166/2166/2166 2167/2167/2167
f  2168/2168/2168 2167/2167/2167 2166/2166/2166
f  2167/2167/2167 2168/2168/2168 2169/2169/2169
f  2170/2170/2170 2169/2169/2169 2168/2168/2168
f  2169/2169/2169 2170/2170/2170 2171/2171/2171
f  2172/2172/2172 2171/2171/2171 2170/2170/2170
f  2173/2173/2173 2171/2171/2171 2172/2172/2172
f  2174/2174/2174 2171/2171/2171 2173/2173/2173
f  2171/2171/2171 2174/2174/2174 2175/2175/2175
f  2176/2176/2176 2175/2175/2175 2174/2174/2174
f  2175/2175/2175 2176/2176/2176 2177/2177/2177
f  2178/2178/2178 2177/2177/2177 2176/2176/2176
f  2179/2179/2179 2175/2175/2175 2177/2177/2177
f  2175/2175/2175 2179/2179/2179 2171/2171/2171
f  2171/2171/2171 2179/2179/2179 2169/2169/2169
f  2169/2169/2169 2179/2179/2179 2167/2167/2167
f  2180/2180/2180 2167/2167/2167 2179/2179/2179
f  2167/2167/2167 2180/2180/2180 2165/2165/2165
f  2179/2179/2179 2177/2177/2177 2180/2180/2180
f  2181/2181/2181 2165/2165/2165 2180/2180/2180
f  2165/2165/2165 2181/2181/2181 2163/2163/2163
f  2182/2182/2182 2163/2163/2163 2181/2181/2181
f  2161/2161/2161 2183/2183/2183 2159/2159/2159
f  2183/2183/2183 2163/2163/2163 2182/2182/2182
f  2163/2163/2163 2183/2183/2183 2161/2161/2161
f  2159/2159/2159 2183/2183/2183 2184/2184/2184
f  2058/2058/2058 2184/2184/2184 2056/2056/2056
f  2182/2182/2182 2185/2185/2185 2183/2183/2183
f  2185/2185/2185 2056/2056/2056 2184/2184/2184
f  2056/2056/2056 2185/2185/2185 2057/2057/2057
f  2184/2184/2184 2183/2183/2183 2185/2185/2185
f  2186/2186/2186 2057/2057/2057 2185/2185/2185
f  2185/2185/2185 2182/2182/2182 2186/2186/2186
f  2181/2181/2181 2186/2186/2186 2182/2182/2182
f  2187/2187/2187 2178/2178/2178 2186/2186/2186
f  2186/2186/2186 2181/2181/2181 2187/2187/2187
f  2187/2187/2187 2180/2180/2180 2177/2177/2177
f  2180/2180/2180 2187/2187/2187 2181/2181/2181
f  2177/2177/2177 2178/2178/2178 2187/2187/2187
f  2057/2057/2057 2186/2186/2186 2188/2188/2188
f  2188/2188/2188 2186/2186/2186 2178/2178/2178
f  2189/2189/2189 2184/2184/2184 2058/2058/2058
f  2184/2184/2184 2189/2189/2189 2159/2159/2159
f  2159/2159/2159 2189/2189/2189 2156/2156/2156
f  2156/2156/2156 2189/2189/2189 2154/2154/2154
f  2065/2065/2065 2189/2189/2189 2058/2058/2058
f  2190/2190/2190 2154/2154/2154 2189/2189/2189
f  2189/2189/2189 2065/2065/2065 2190/2190/2190
f  2066/2066/2066 2190/2190/2190 2065/2065/2065
f  2154/2154/2154 2190/2190/2190 2152/2152/2152
f  2152/2152/2152 2191/2191/2191 2150/2150/2150
f  2191/2191/2191 2152/2152/2152 2190/2190/2190
f  2190/2190/2190 2066/2066/2066 2191/2191/2191
f  2192/2192/2192 2150/2150/2150 2191/2191/2191
f  2150/2150/2150 2192/2192/2192 2148/2148/2148
f  2148/2148/2148 2193/2193/2193 2146/2146/2146
f  2193/2193/2193 2148/2148/2148 2192/2192/2192
f  2146/2146/2146 2194/2194/2194 2144/2144/2144
f  2194/2194/2194 2146/2146/2146 2193/2193/2193
f  2195/2195/2195 2144/2144/2144 2194/2194/2194
f  2144/2144/2144 2195/2195/2195 2143/2143/2143
f  2196/2196/2196 2143/2143/2143 2195/2195/2195
f  2143/2143/2143 2196/2196/2196 2140/2140/2140
f  2197/2197/2197 2140/2140/2140 2196/2196/2196
f  2140/2140/2140 2197/2197/2197 2138/2138/2138
f  2138/2138/2138 2198/2198/2198 2136/2136/2136
f  2198/2198/2198 2138/2138/2138 2197/2197/2197
f  2135/2135/2135 2199/2199/2199 2134/2134/2134
f  2136/2136/2136 2199/2199/2199 2135/2135/2135
f  2199/2199/2199 2136/2136/2136 2198/2198/2198
f  2134/2134/2134 2199/2199/2199 2200/2200/2200
f  2198/2198/2198 2201/2201/2201 2199/2199/2199
f  2200/2200/2200 2199/2199/2199 2201/2201/2201
f  2197/2197/2197 2202/2202/2202 2198/2198/2198
f  2201/2201/2201 2198/2198/2198 2202/2202/2202
f  2196/2196/2196 2203/2203/2203 2197/2197/2197
f  2202/2202/2202 2197/2197/2197 2203/2203/2203
f  2195/2195/2195 2204/2204/2204 2196/2196/2196
f  2203/2203/2203 2196/2196/2196 2204/2204/2204
f  2193/2193/2193 2205/2205/2205 2194/2194/2194
f  2204/2204/2204 2195/2195/2195 2205/2205/2205
f  2194/2194/2194 2205/2205/2205 2195/2195/2195
f  2205/2205/2205 2193/2193/2193 2206/2206/2206
f  2206/2206/2206 2193/2193/2193 2207/2207/2207
f  2192/2192/2192 2207/2207/2207 2193/2193/2193
f  2207/2207/2207 2192/2192/2192 2208/2208/2208
f  2208/2208/2208 2191/2191/2191 2066/2066/2066
f  2191/2191/2191 2208/2208/2208 2192/2192/2192
f  2067/2067/2067 2208/2208/2208 2066/2066/2066
f  2208/2208/2208 2067/2067/2067 2209/2209/2209
f  2207/2207/2207 2208/2208/2208 2209/2209/2209
f  2209/2209/2209 2067/2067/2067 2210/2210/2210
f  2068/2068/2068 2210/2210/2210 2067/2067/2067
f  2069/2069/2069 2211/2211/2211 2068/2068/2068
f  2210/2210/2210 2068/2068/2068 2211/2211/2211
f  2211/2211/2211 2069/2069/2069 2212/2212/2212
f  2070/2070/2070 2212/2212/2212 2069/2069/2069
f  2071/2071/2071 2213/2213/2213 2070/2070/2070
f  2212/2212/2212 2070/2070/2070 2213/2213/2213
f  2072/2072/2072 2214/2214/2214 2071/2071/2071
f  2213/2213/2213 2071/2071/2071 2214/2214/2214
f  2214/2214/2214 2072/2072/2072 2215/2215/2215
f  2073/2073/2073 2216/2216/2216 2072/2072/2072
f  2215/2215/2215 2072/2072/2072 2216/2216/2216
f  2074/2074/2074 2217/2217/2217 2073/2073/2073
f  2216/2216/2216 2073/2073/2073 2217/2217/2217
f  2075/2075/2075 2218/2218/2218 2074/2074/2074
f  2217/2217/2217 2074/2074/2074 2218/2218/2218
f  2102/2102/2102 2218/2218/2218 2075/2075/2075
f  2218/2218/2218 2102/2102/2102 2219/2219/2219
f  2103/2103/2103 2219/2219/2219 2102/2102/2102
f  2105/2105/2105 2220/2220/2220 2104/2104/2104
f  2108/2108/2108 2220/2220/2220 2105/2105/2105
f  2104/2104/2104 2220/2220/2220 2103/2103/2103
f  2219/2219/2219 2103/2103/2103 2220/2220/2220
f  2134/2134/2134 2221/2221/2221 2133/2133/2133
f  2200/2200/2200 2221/2221/2221 2134/2134/2134
f  2220/2220/2220 2108/2108/2108 2221/2221/2221
f  2133/2133/2133 2221/2221/2221 2108/2108/2108
f  2221/2221/2221 2200/2200/2200 2222/2222/2222
f  2221/2221/2221 2222/2222/2222 2220/2220/2220
f  2220/2220/2220 2222/2222/2222 2219/2219/2219
f  2218/2218/2218 2219/2219/2219 2222/2222/2222
f  2223/2223/2223 2222/2222/2222 2200/2200/2200
f  2222/2222/2222 2223/2223/2223 2218/2218/2218
f  2218/2218/2218 2223/2223/2223 2217/2217/2217
f  2224/2224/2224 2217/2217/2217 2223/2223/2223
f  2223/2223/2223 2200/2200/2200 2224/2224/2224
f  2201/2201/2201 2224/2224/2224 2200/2200/2200
f  2217/2217/2217 2224/2224/2224 2216/2216/2216
f  2224/2224/2224 2201/2201/2201 2225/2225/2225
f  2202/2202/2202 2225/2225/2225 2201/2201/2201
f  2203/2203/2203 2225/2225/2225 2202/2202/2202
f  2216/2216/2216 2225/2225/2225 2215/2215/2215
f  2224/2224/2224 2225/2225/2225 2216/2216/2216
f  2225/2225/2225 2203/2203/2203 2226/2226/2226
f  2204/2204/2204 2226/2226/2226 2203/2203/2203
f  2226/2226/2226 2215/2215/2215 2225/2225/2225
f  2205/2205/2205 2227/2227/2227 2204/2204/2204
f  2226/2226/2226 2204/2204/2204 2227/2227/2227
f  2227/2227/2227 2205/2205/2205 2228/2228/2228
f  2206/2206/2206 2229/2229/2229 2205/2205/2205
f  2228/2228/2228 2205/2205/2205 2229/2229/2229
f  2229/2229/2229 2206/2206/2206 2230/2230/2230
f  2209/2209/2209 2230/2230/2230 2207/2207/2207
f  2207/2207/2207 2230/2230/2230 2206/2206/2206
f  2230/2230/2230 2209/2209/2209 2231/2231/2231
f  2210/2210/2210 2231/2231/2231 2209/2209/2209
f  2232/2232/2232 2230/2230/2230 2231/2231/2231
f  2230/2230/2230 2232/2232/2232 2229/2229/2229
f  2229/2229/2229 2233/2233/2233 2228/2228/2228
f  2233/2233/2233 2229/2229/2229 2232/2232/2232
f  2228/2228/2228 2234/2234/2234 2227/2227/2227
f  2234/2234/2234 2228/2228/2228 2233/2233/2233
f  2227/2227/2227 2235/2235/2235 2226/2226/2226
f  2235/2235/2235 2227/2227/2227 2234/2234/2234
f  2215/2215/2215 2235/2235/2235 2214/2214/2214
f  2215/2215/2215 2226/2226/2226 2235/2235/2235
f  2236/2236/2236 2214/2214/2214 2235/2235/2235
f  2214/2214/2214 2236/2236/2236 2213/2213/2213
f  2234/2234/2234 2236/2236/2236 2235/2235/2235
f  2213/2213/2213 2237/2237/2237 2212/2212/2212
f  2237/2237/2237 2213/2213/2213 2236/2236/2236
f  2212/2212/2212 2238/2238/2238 2211/2211/2211
f  2238/2238/2238 2212/2212/2212 2237/2237/2237
f  2210/2210/2210 2239/2239/2239 2231/2231/2231
f  2231/2231/2231 2239/2239/2239 2232/2232/2232
f  2211/2211/2211 2239/2239/2239 2210/2210/2210
f  2239/2239/2239 2211/2211/2211 2238/2238/2238
f  2233/2233/2233 2240/2240/2240 2234/2234/2234
f  2236/2236/2236 2234/2234/2234 2240/2240/2240
f  2240/2240/2240 2232/2232/2232 2239/2239/2239
f  2238/2238/2238 2240/2240/2240 2239/2239/2239
f  2237/2237/2237 2240/2240/2240 2238/2238/2238
f  2240/2240/2240 2237/2237/2237 2236/2236/2236
f  2232/2232/2232 2240/2240/2240 2233/2233/2233

g
