# Noesis .obj export.
#
mtllib model.mtl
g
v  0.014373 0.296246 -0.000065
v  -0.014373 0.296246 -0.000065
v  0.013768 0.293958 0.017193
v  -0.013768 0.293958 0.017193
v  -0.012558 0.282515 0.025628
v  -0.037371 0.278224 0.020827
v  -0.034042 0.271358 0.030040
v  -0.038279 0.279654 -0.000065
v  -0.057645 0.257626 -0.000065
v  0.038279 0.279654 -0.000065
v  0.037371 0.278224 0.020827
v  0.057645 0.257626 -0.000065
v  0.056435 0.256768 0.026407
v  0.073985 0.232451 -0.000065
v  0.072170 0.231879 0.032765
v  0.087602 0.206133 -0.000065
v  0.085484 0.205560 0.038734
v  0.099101 0.182102 -0.000065
v  0.096983 0.181244 0.043665
v  0.107876 0.162935 -0.000065
v  0.105455 0.162077 0.047299
v  0.114231 0.150348 -0.000065
v  0.112113 0.148917 0.049245
v  0.119980 0.142338 -0.000065
v  0.118165 0.140335 0.050283
v  0.126032 0.134614 0.050153
v  0.127545 0.136902 -0.000065
v  0.136018 0.131181 0.049245
v  0.136926 0.133755 -0.000065
v  0.149937 0.128892 0.047169
v  0.150240 0.131467 -0.000065
v  0.170514 0.126603 0.043665
v  0.170514 0.128892 -0.000065
v  0.196235 0.123457 0.038734
v  0.196235 0.125745 -0.000065
v  0.224679 0.118879 0.032895
v  0.224679 0.120596 -0.000065
v  0.252821 0.111727 0.026666
v  0.253123 0.113444 -0.000065
v  0.278239 0.100570 0.021216
v  0.279147 0.101715 -0.000065
v  0.299723 0.083406 0.017712
v  0.301842 0.084550 -0.000065
v  0.307288 0.059089 0.017842
v  0.309709 0.059662 -0.000065
v  0.300934 0.032198 -0.000065
v  0.299421 0.032484 0.021475
v  0.285804 0.007024 -0.000065
v  0.284896 0.008168 0.027055
v  0.266740 -0.015862 -0.000065
v  0.265832 -0.014432 0.033154
v  0.246164 -0.036746 -0.000065
v  0.245256 -0.035030 0.038994
v  0.226797 -0.054769 -0.000065
v  0.225587 -0.053052 0.043795
v  0.211365 -0.068787 -0.000065
v  0.209852 -0.066784 0.047299
v  0.201682 -0.078227 -0.000065
v  0.199563 -0.076797 0.049245
v  0.195932 -0.086237 -0.000065
v  0.193511 -0.085093 0.050153
v  0.190485 -0.094247 0.050153
v  0.192906 -0.094819 -0.000065
v  0.190183 -0.104260 0.049245
v  0.192906 -0.104260 -0.000065
v  0.192604 -0.117992 0.047428
v  0.194722 -0.117419 -0.000065
v  0.196840 -0.137731 0.044054
v  0.198958 -0.137159 -0.000065
v  0.201682 -0.162905 0.039513
v  0.203497 -0.162333 -0.000065
v  0.205918 -0.190941 0.033933
v  0.207734 -0.190369 -0.000065
v  0.208036 -0.219549 0.028093
v  0.209549 -0.219262 -0.000065
v  0.205313 -0.247012 0.022903
v  0.206826 -0.247298 -0.000065
v  0.195932 -0.272187 0.019529
v  0.197748 -0.273903 -0.000065
v  0.175658 -0.287062 0.019659
v  0.176566 -0.289065 -0.000065
v  0.148424 -0.289351 -0.000065
v  0.148122 -0.287635 0.023162
v  0.120283 -0.283057 -0.000065
v  0.121191 -0.281627 0.028483
v  0.093352 -0.272187 -0.000065
v  0.094259 -0.270756 0.034452
v  0.067631 -0.259599 -0.000065
v  0.068841 -0.257883 0.040032
v  0.044936 -0.247012 -0.000065
v  0.046146 -0.245295 0.044573
v  0.027385 -0.236999 -0.000065
v  0.028596 -0.234997 0.047818
v  0.015584 -0.230992 -0.000065
v  0.016189 -0.228703 0.049764
v  0.005901 -0.228131 -0.000065
v  0.006203 -0.225556 0.050672
v  -0.006203 -0.225556 0.050672
v  -0.005901 -0.228131 -0.000065
v  -0.016189 -0.228703 0.049764
v  -0.015584 -0.230992 -0.000065
v  -0.028595 -0.234997 0.047818
v  -0.027385 -0.236999 -0.000065
v  -0.046146 -0.245295 0.044573
v  -0.044936 -0.247012 -0.000065
v  -0.068841 -0.257883 0.040032
v  -0.067631 -0.259599 -0.000065
v  -0.094259 -0.270756 0.034452
v  -0.093351 -0.272187 -0.000065
v  -0.121190 -0.281627 0.028483
v  -0.120283 -0.283057 -0.000065
v  -0.148122 -0.287635 0.023162
v  -0.148424 -0.289351 -0.000065
v  -0.175658 -0.287062 0.019659
v  -0.176566 -0.289065 -0.000065
v  -0.195932 -0.272187 0.019529
v  -0.197748 -0.273903 -0.000065
v  -0.206826 -0.247298 -0.000065
v  -0.205313 -0.247012 0.022903
v  -0.209549 -0.219262 -0.000065
v  -0.208036 -0.219549 0.028093
v  -0.207733 -0.190369 -0.000065
v  -0.205918 -0.190941 0.033933
v  -0.203497 -0.162333 -0.000065
v  -0.201682 -0.162905 0.039513
v  -0.198958 -0.137159 -0.000065
v  -0.196840 -0.137731 0.044054
v  -0.194722 -0.117419 -0.000065
v  -0.192604 -0.117992 0.047428
v  -0.192906 -0.104260 -0.000065
v  -0.190183 -0.104260 0.049245
v  -0.192906 -0.094819 -0.000065
v  -0.182618 -0.121138 0.071435
v  -0.187762 -0.142594 0.065465
v  -0.193814 -0.168055 0.057550
v  -0.199261 -0.194946 0.048466
v  -0.179289 -0.178926 0.068320
v  -0.170211 -0.153465 0.079091
v  -0.162344 -0.129149 0.087915
v  -0.179592 -0.104832 0.075198
v  -0.190485 -0.094247 0.050153
v  -0.193511 -0.085093 0.050153
v  -0.195932 -0.086237 -0.000065
v  -0.199563 -0.076797 0.049245
v  -0.201682 -0.078227 -0.000065
v  -0.209852 -0.066784 0.047299
v  -0.211365 -0.068787 -0.000065
v  -0.225587 -0.053052 0.043795
v  -0.226797 -0.054769 -0.000065
v  -0.245256 -0.035030 0.038994
v  -0.246163 -0.036746 -0.000065
v  -0.265832 -0.014432 0.033154
v  -0.266740 -0.015862 -0.000065
v  -0.284896 0.008168 0.027055
v  -0.285804 0.007024 -0.000065
v  -0.299421 0.032484 0.021475
v  -0.300934 0.032198 -0.000065
v  -0.307288 0.059089 0.017842
v  -0.309709 0.059662 -0.000065
v  -0.299723 0.083406 0.017712
v  -0.301841 0.084550 -0.000065
v  -0.279147 0.101715 -0.000065
v  -0.278239 0.100570 0.021216
v  -0.253123 0.113444 -0.000065
v  -0.252821 0.111727 0.026666
v  -0.224679 0.120596 -0.000065
v  -0.224679 0.118879 0.032895
v  -0.196235 0.125745 -0.000065
v  -0.196235 0.123457 0.038734
v  -0.170514 0.128892 -0.000065
v  -0.170514 0.126603 0.043665
v  -0.150240 0.131467 -0.000065
v  -0.149937 0.128892 0.047169
v  -0.136926 0.133755 -0.000065
v  -0.136018 0.131181 0.049245
v  -0.127545 0.136902 -0.000065
v  -0.149937 0.118021 0.071175
v  -0.172330 0.116305 0.064817
v  -0.198656 0.114302 0.056252
v  -0.226495 0.111155 0.046650
v  -0.204707 0.096565 0.066893
v  -0.177171 0.095993 0.078312
v  -0.151148 0.095707 0.087785
v  -0.132992 0.120310 0.075198
v  -0.126032 0.134614 0.050153
v  -0.118164 0.140335 0.050283
v  -0.119980 0.142338 -0.000065
v  -0.112112 0.148917 0.049245
v  -0.114231 0.150348 -0.000065
v  -0.105455 0.162077 0.047299
v  -0.107876 0.162935 -0.000065
v  -0.096983 0.181244 0.043665
v  -0.099101 0.182102 -0.000065
v  -0.085484 0.205560 0.038734
v  -0.087602 0.206133 -0.000065
v  -0.072170 0.231879 0.032765
v  -0.073985 0.232451 -0.000065
v  -0.056434 0.256768 0.026407
v  -0.050988 0.254193 0.037177
v  -0.063999 0.231021 0.046520
v  -0.076103 0.205274 0.056252
v  -0.086392 0.180100 0.064946
v  -0.095167 0.158644 0.071305
v  -0.102732 0.142910 0.075328
v  -0.110902 0.132039 0.077144
v  -0.120585 0.124887 0.077144
v  -0.127545 0.097138 0.094792
v  -0.119980 0.063095 0.106601
v  -0.154174 0.067386 0.094792
v  -0.184131 0.071677 0.082594
v  -0.212878 0.076540 0.069229
v  -0.230731 0.097138 0.054955
v  -0.251610 0.106006 0.037566
v  -0.272792 0.095421 0.030689
v  -0.249189 0.097424 0.045612
v  -0.260688 0.087411 0.042367
v  -0.239506 0.081689 0.055344
v  -0.248584 0.063667 0.054436
v  -0.221350 0.055657 0.069488
v  -0.192604 0.047360 0.083762
v  -0.162949 0.039064 0.096739
v  -0.131781 0.029910 0.108547
v  -0.140557 0.000730 0.108417
v  -0.171119 0.011887 0.096739
v  -0.199866 0.023330 0.083762
v  -0.227705 0.034201 0.069618
v  -0.254636 0.044214 0.054565
v  -0.271884 0.071677 0.039772
v  -0.289435 0.078829 0.026277
v  -0.296395 0.056801 0.026407
v  -0.291856 0.033343 0.030948
v  -0.277936 0.051938 0.039902
v  -0.277634 0.032484 0.042757
v  -0.109692 0.104862 0.097647
v  -0.280660 0.012173 0.038085
v  -0.274002 0.017608 0.046001
v  -0.257057 0.024474 0.055603
v  -0.262806 -0.006994 0.047169
v  -0.241927 -0.026161 0.056771
v  -0.221350 -0.043612 0.065076
v  -0.204102 -0.058488 0.071175
v  -0.191393 -0.069931 0.075068
v  -0.183828 -0.080802 0.076885
v  -0.179894 -0.091959 0.076885
v  -0.156594 -0.107121 0.094403
v  -0.122401 -0.110840 0.105822
v  -0.137228 -0.140878 0.094792
v  -0.149937 -0.167483 0.083373
v  -0.162949 -0.192943 0.070786
v  -0.187762 -0.203242 0.057031
v  -0.202287 -0.220121 0.039772
v  -0.198656 -0.243293 0.033154
v  -0.193511 -0.220693 0.048077
v  -0.187762 -0.234424 0.045093
v  -0.175961 -0.216402 0.057550
v  -0.162041 -0.230133 0.056771
v  -0.146306 -0.207247 0.071045
v  -0.129966 -0.182931 0.084541
v  -0.113323 -0.157756 0.096868
v  -0.096075 -0.132009 0.107769
v  -0.071867 -0.148888 0.107898
v  -0.090628 -0.173776 0.096868
v  -0.109692 -0.197235 0.084671
v  -0.128150 -0.219835 0.071175
v  -0.145398 -0.241862 0.056901
v  -0.176263 -0.249873 0.042627
v  -0.188367 -0.264176 0.029132
v  -0.169909 -0.277336 0.029261
v  -0.146911 -0.280483 0.033673
v  -0.159923 -0.261602 0.042757
v  -0.141465 -0.267323 0.045482
v  -0.158410 -0.087954 0.096998
v  -0.123611 -0.276478 0.040421
v  -0.126637 -0.268468 0.048596
v  -0.127848 -0.250731 0.057939
v  -0.100311 -0.265893 0.049115
v  -0.076103 -0.252161 0.058199
v  -0.053711 -0.238430 0.066244
v  -0.034647 -0.226700 0.072083
v  -0.020123 -0.218690 0.075847
v  -0.007111 -0.215257 0.077534
v  0.007111 -0.215257 0.077534
v  0.020123 -0.218690 0.075847
v  0.034648 -0.226700 0.072083
v  0.053711 -0.238430 0.066244
v  0.076103 -0.252161 0.058199
v  0.100311 -0.265893 0.049115
v  0.091233 -0.242149 0.068969
v  0.069144 -0.225556 0.079740
v  0.048264 -0.210394 0.088563
v  0.028898 -0.198093 0.094922
v  0.009834 -0.193802 0.097517
v  0.042818 -0.167197 0.105952
v  0.067328 -0.190655 0.095052
v  0.088813 -0.211252 0.083762
v  0.109692 -0.197235 0.084671
v  0.090628 -0.173776 0.096868
v  0.071867 -0.148888 0.107898
v  0.113323 -0.157756 0.096868
v  0.129966 -0.182931 0.084541
v  0.128150 -0.219835 0.071175
v  0.109389 -0.231278 0.071175
v  0.111810 -0.257597 0.057680
v  0.123611 -0.276478 0.040421
v  0.146911 -0.280483 0.033673
v  0.126637 -0.268468 0.048596
v  0.141465 -0.267323 0.045482
v  0.127848 -0.250731 0.057939
v  0.145398 -0.241862 0.056901
v  0.146306 -0.207247 0.071045
v  0.149937 -0.167483 0.083373
v  0.137228 -0.140878 0.094792
v  0.096075 -0.132009 0.107769
v  0.079735 -0.111984 0.115944
v  0.062184 -0.123713 0.116203
v  0.039489 -0.133440 0.116333
v  0.013163 -0.165480 0.108547
v  -0.009834 -0.193802 0.097517
v  -0.028898 -0.198093 0.094922
v  -0.048264 -0.210394 0.088563
v  -0.069144 -0.225556 0.079740
v  -0.091233 -0.242149 0.068969
v  -0.111810 -0.257597 0.057680
v  -0.109389 -0.231278 0.071175
v  -0.088812 -0.211252 0.083762
v  -0.067328 -0.190655 0.095052
v  -0.042818 -0.167197 0.105952
v  -0.039489 -0.133440 0.116333
v  -0.013163 -0.165480 0.108547
v  -0.013466 -0.136587 0.117112
v  0.013466 -0.136587 0.117112
v  0.039186 -0.110840 0.121783
v  0.013768 -0.114559 0.122562
v  -0.013768 -0.114559 0.122562
v  -0.039186 -0.110840 0.121783
v  -0.062184 -0.123713 0.116203
v  -0.079735 -0.111984 0.115944
v  -0.093957 -0.096536 0.115814
v  -0.070051 -0.099969 0.120096
v  -0.058250 -0.104832 0.120875
v  -0.059763 -0.090242 0.123340
v  -0.075196 -0.089098 0.121004
v  -0.080945 -0.072792 0.122172
v  -0.102429 -0.076511 0.116982
v  -0.129966 -0.082804 0.108417
v  -0.163857 -0.071647 0.096998
v  -0.174448 -0.055055 0.094403
v  -0.192604 -0.040179 0.087655
v  -0.214088 -0.024731 0.078572
v  -0.237085 -0.008711 0.067282
v  -0.258570 0.006451 0.055344
v  -0.232546 0.012459 0.069488
v  -0.206523 -0.001273 0.082594
v  -0.179894 -0.016149 0.094533
v  -0.148727 -0.033027 0.106082
v  -0.112718 -0.030452 0.117501
v  -0.137531 -0.060490 0.108547
v  -0.108481 -0.055055 0.117501
v  -0.085484 -0.052766 0.123210
v  -0.087905 -0.029880 0.123730
v  -0.109994 -0.004133 0.118020
v  -0.103942 0.020183 0.117890
v  -0.094562 0.042211 0.117371
v  -0.095470 0.079115 0.109585
v  -0.095470 0.115446 0.097777
v  -0.082458 0.130895 0.095052
v  -0.073985 0.153208 0.088174
v  -0.065512 0.178669 0.078572
v  -0.057342 0.205846 0.067023
v  -0.049475 0.231307 0.054695
v  -0.043725 0.249330 0.045222
v  -0.030411 0.257340 0.041978
v  -0.031924 0.235026 0.055084
v  -0.011347 0.263348 0.039123
v  -0.011347 0.238459 0.054176
v  -0.035555 0.207849 0.069358
v  -0.040397 0.178383 0.082984
v  -0.012558 0.209851 0.069618
v  0.011347 0.238459 0.054176
v  0.011347 0.263348 0.039123
v  0.012558 0.282515 0.025628
v  0.034042 0.271358 0.030040
v  0.030411 0.257340 0.041978
v  0.031924 0.235026 0.055084
v  0.035555 0.207849 0.069358
v  0.012558 0.209851 0.069618
v  0.040397 0.178383 0.082984
v  0.013768 0.179527 0.084281
v  -0.013768 0.179527 0.084281
v  -0.046146 0.148059 0.095441
v  -0.053106 0.112586 0.107379
v  -0.076709 0.093132 0.109845
v  -0.065210 0.067958 0.118409
v  -0.080945 0.057087 0.117760
v  -0.071867 0.043355 0.122043
v  -0.060066 0.048219 0.123210
v  -0.041002 0.054512 0.124378
v  -0.061579 0.032770 0.125416
v  -0.077011 0.032198 0.122821
v  -0.082458 0.015034 0.123470
v  -0.086392 -0.006422 0.123859
v  -0.067328 -0.006136 0.127622
v  -0.064605 0.015034 0.126714
v  -0.043423 0.017322 0.129439
v  -0.041607 0.036489 0.127363
v  0.043725 0.249330 0.045222
v  -0.043725 0.078257 0.118669
v  -0.015281 0.082548 0.119707
v  -0.014676 0.058517 0.125416
v  0.014676 0.058517 0.125416
v  -0.014979 0.039350 0.128790
v  0.014979 0.039350 0.128790
v  0.015584 0.019325 0.131256
v  -0.015584 0.019325 0.131256
v  -0.015886 -0.004419 0.132683
v  -0.044936 -0.005278 0.130607
v  -0.045238 -0.029880 0.130737
v  -0.067933 -0.029880 0.127622
v  -0.066420 -0.053052 0.126714
v  -0.063394 -0.073650 0.125157
v  -0.042212 -0.075938 0.127363
v  -0.040397 -0.093961 0.124897
v  -0.014373 -0.096822 0.126065
v  0.014373 -0.096822 0.126065
v  0.040397 -0.093961 0.124897
v  0.059763 -0.090242 0.123340
v  0.042212 -0.075938 0.127363
v  0.014979 -0.077941 0.128920
v  -0.014979 -0.077941 0.128920
v  -0.015886 -0.055341 0.131386
v  -0.044331 -0.054197 0.129439
v  0.015886 -0.055341 0.131386
v  0.016189 -0.030166 0.132813
v  -0.016189 -0.030166 0.132813
v  0.044331 -0.054197 0.129439
v  0.045238 -0.029880 0.130737
v  0.015886 -0.004419 0.132683
v  0.043423 0.017322 0.129439
v  0.044936 -0.005278 0.130607
v  0.067328 -0.006136 0.127622
v  0.067933 -0.029880 0.127622
v  0.066420 -0.053052 0.126714
v  0.063394 -0.073650 0.125157
v  0.080945 -0.072792 0.122172
v  0.085484 -0.052766 0.123210
v  0.087905 -0.029880 0.123730
v  0.086392 -0.006422 0.123859
v  0.082458 0.015034 0.123470
v  0.109994 -0.004133 0.118020
v  0.064605 0.015034 0.126714
v  0.061579 0.032770 0.125416
v  0.041607 0.036489 0.127363
v  0.041002 0.054512 0.124378
v  0.015281 0.082548 0.119707
v  -0.016794 0.114588 0.109845
v  -0.015584 0.148059 0.097647
v  0.015584 0.148059 0.097647
v  0.016794 0.114588 0.109845
v  0.043725 0.078257 0.118669
v  0.065210 0.067958 0.118409
v  0.060066 0.048219 0.123210
v  0.071867 0.043355 0.122043
v  0.077011 0.032198 0.122821
v  0.094562 0.042211 0.117371
v  0.103942 0.020183 0.117890
v  0.131781 0.029910 0.108547
v  0.140557 0.000730 0.108417
v  0.112718 -0.030452 0.117501
v  0.108481 -0.055055 0.117501
v  0.102429 -0.076511 0.116982
v  0.129966 -0.082804 0.108417
v  0.137531 -0.060490 0.108547
v  0.148727 -0.033027 0.106082
v  0.163857 -0.071647 0.096998
v  0.158410 -0.087954 0.096998
v  0.122401 -0.110840 0.105822
v  0.156595 -0.107121 0.094403
v  0.179895 -0.091959 0.076885
v  0.183828 -0.080802 0.076885
v  0.174448 -0.055055 0.094403
v  0.093957 -0.096536 0.115814
v  0.075196 -0.089098 0.121004
v  0.070051 -0.099969 0.120096
v  0.058250 -0.104832 0.120875
v  0.162344 -0.129149 0.087915
v  0.170211 -0.153465 0.079091
v  0.179289 -0.178926 0.068320
v  0.162949 -0.192943 0.070786
v  0.162041 -0.230133 0.056771
v  0.175961 -0.216402 0.057550
v  0.187762 -0.203242 0.057031
v  0.193511 -0.220693 0.048077
v  0.187762 -0.234424 0.045093
v  0.176263 -0.249873 0.042627
v  0.198656 -0.243293 0.033154
v  0.202287 -0.220121 0.039772
v  0.199261 -0.194946 0.048466
v  0.193814 -0.168055 0.057550
v  0.187762 -0.142594 0.065465
v  0.182618 -0.121138 0.071435
v  0.179592 -0.104832 0.075198
v  0.188367 -0.264176 0.029132
v  0.159923 -0.261602 0.042757
v  0.169909 -0.277336 0.029261
v  0.064000 0.231021 0.046520
v  0.076103 0.205274 0.056252
v  0.086392 0.180100 0.064946
v  0.095167 0.158644 0.071305
v  0.102732 0.142910 0.075328
v  0.110902 0.132039 0.077144
v  0.057342 0.205846 0.067023
v  0.065513 0.178669 0.078572
v  0.073985 0.153208 0.088174
v  0.082458 0.130895 0.095052
v  0.049475 0.231307 0.054695
v  0.050988 0.254193 0.037177
v  0.046146 0.148059 0.095441
v  0.053106 0.112586 0.107379
v  0.076709 0.093132 0.109845
v  0.095470 0.079115 0.109585
v  0.080945 0.057087 0.117760
v  0.119980 0.063095 0.106601
v  0.095470 0.115446 0.097777
v  0.120585 0.124887 0.077144
v  0.109692 0.104862 0.097647
v  0.127545 0.097138 0.094792
v  0.132992 0.120310 0.075198
v  0.149937 0.118021 0.071175
v  0.151148 0.095707 0.087785
v  0.154174 0.067386 0.094792
v  0.162949 0.039064 0.096739
v  0.171119 0.011887 0.096739
v  0.179895 -0.016149 0.094533
v  0.192604 -0.040179 0.087655
v  0.191393 -0.069931 0.075068
v  0.204102 -0.058488 0.071175
v  0.214088 -0.024731 0.078572
v  0.221350 -0.043612 0.065076
v  0.241927 -0.026161 0.056771
v  0.262806 -0.006994 0.047169
v  0.237086 -0.008711 0.067282
v  0.206523 -0.001273 0.082594
v  0.199866 0.023330 0.083762
v  0.192604 0.047360 0.083762
v  0.184131 0.071677 0.082594
v  0.177171 0.095993 0.078312
v  0.172330 0.116305 0.064817
v  0.198656 0.114302 0.056252
v  0.226495 0.111155 0.046650
v  0.204708 0.096565 0.066893
v  0.212878 0.076540 0.069229
v  0.221350 0.055657 0.069488
v  0.227705 0.034201 0.069618
v  0.232547 0.012459 0.069488
v  0.258570 0.006451 0.055344
v  0.280660 0.012173 0.038085
v  0.291856 0.033343 0.030948
v  0.274003 0.017608 0.046001
v  0.277634 0.032484 0.042757
v  0.257057 0.024474 0.055603
v  0.254636 0.044214 0.054565
v  0.248584 0.063667 0.054436
v  0.239506 0.081689 0.055344
v  0.230731 0.097138 0.054955
v  0.251610 0.106006 0.037566
v  0.272792 0.095421 0.030689
v  0.249190 0.097424 0.045612
v  0.260688 0.087411 0.042367
v  0.271884 0.071677 0.039772
v  0.289435 0.078829 0.026277
v  0.296395 0.056801 0.026407
v  0.277936 0.051938 0.039902
v  -0.038279 0.279654 -0.000065
v  -0.013768 0.293958 -0.017194
v  -0.037371 0.278224 -0.020828
v  -0.012558 0.282515 -0.025629
v  -0.034042 0.271358 -0.030041
v  -0.014373 0.296246 -0.000065
v  -0.057645 0.257626 -0.000065
v  -0.056434 0.256768 -0.026407
v  -0.073985 0.232451 -0.000065
v  -0.072170 0.231879 -0.032766
v  -0.087602 0.206133 -0.000065
v  -0.085484 0.205560 -0.038735
v  -0.099101 0.182102 -0.000065
v  -0.096983 0.181244 -0.043666
v  -0.107876 0.162935 -0.000065
v  -0.105455 0.162077 -0.047299
v  -0.114231 0.150348 -0.000065
v  -0.112112 0.148917 -0.049246
v  -0.119980 0.142338 -0.000065
v  -0.118164 0.140335 -0.050284
v  -0.127545 0.136902 -0.000065
v  -0.102732 0.142910 -0.075328
v  -0.095167 0.158644 -0.071306
v  -0.086392 0.180100 -0.064947
v  -0.076103 0.205274 -0.056253
v  -0.063999 0.231021 -0.046521
v  -0.057342 0.205846 -0.067024
v  -0.065512 0.178669 -0.078573
v  -0.073985 0.153208 -0.088175
v  -0.082458 0.130895 -0.095053
v  -0.110902 0.132039 -0.077145
v  -0.126032 0.134614 -0.050154
v  -0.136018 0.131181 -0.049246
v  -0.136926 0.133755 -0.000065
v  -0.149937 0.128892 -0.047170
v  -0.150240 0.131467 -0.000065
v  -0.170514 0.126603 -0.043666
v  -0.170514 0.128892 -0.000065
v  -0.196235 0.123457 -0.038735
v  -0.196235 0.125745 -0.000065
v  -0.224679 0.118879 -0.032896
v  -0.224679 0.120596 -0.000065
v  -0.252821 0.111727 -0.026667
v  -0.253123 0.113444 -0.000065
v  -0.278239 0.100570 -0.021217
v  -0.279147 0.101715 -0.000065
v  -0.251610 0.106006 -0.037567
v  -0.226495 0.111155 -0.046651
v  -0.198656 0.114302 -0.056253
v  -0.172330 0.116305 -0.064818
v  -0.149937 0.118021 -0.071176
v  -0.132992 0.120310 -0.075199
v  -0.120585 0.124887 -0.077145
v  -0.095470 0.115446 -0.097778
v  -0.053106 0.112586 -0.107380
v  -0.046146 0.148059 -0.095442
v  -0.040397 0.178383 -0.082985
v  -0.013768 0.179527 -0.084282
v  -0.015584 0.148059 -0.097648
v  -0.016794 0.114588 -0.109846
v  0.015584 0.148059 -0.097648
v  0.013768 0.179527 -0.084282
v  -0.012558 0.209852 -0.069619
v  -0.035555 0.207849 -0.069359
v  -0.049475 0.231307 -0.054696
v  -0.050988 0.254193 -0.037178
v  -0.043725 0.249330 -0.045223
v  -0.030411 0.257340 -0.041979
v  -0.031924 0.235026 -0.055085
v  -0.011347 0.238459 -0.054177
v  0.011347 0.238459 -0.054177
v  0.012558 0.209852 -0.069619
v  0.040397 0.178383 -0.082985
v  0.035555 0.207849 -0.069359
v  0.031924 0.235026 -0.055085
v  0.030411 0.257340 -0.041979
v  0.011347 0.263348 -0.039124
v  -0.011347 0.263348 -0.039124
v  0.012558 0.282515 -0.025629
v  0.034042 0.271358 -0.030041
v  0.043725 0.249330 -0.045223
v  0.049475 0.231307 -0.054696
v  0.057342 0.205846 -0.067024
v  0.050988 0.254193 -0.037178
v  0.064000 0.231021 -0.046521
v  0.037371 0.278224 -0.020828
v  0.013768 0.293958 -0.017194
v  0.014373 0.296246 -0.000065
v  0.038279 0.279654 -0.000065
v  0.057645 0.257626 -0.000065
v  0.056435 0.256768 -0.026407
v  0.073985 0.232451 -0.000065
v  0.072170 0.231879 -0.032766
v  0.087602 0.206133 -0.000065
v  0.085484 0.205560 -0.038735
v  0.099101 0.182102 -0.000065
v  0.096983 0.181244 -0.043666
v  0.107876 0.162935 -0.000065
v  0.105455 0.162077 -0.047299
v  0.114231 0.150348 -0.000065
v  0.112113 0.148917 -0.049246
v  0.119980 0.142338 -0.000065
v  0.118165 0.140335 -0.050284
v  0.126032 0.134614 -0.050154
v  0.127545 0.136902 -0.000065
v  0.136018 0.131181 -0.049246
v  0.136926 0.133755 -0.000065
v  0.149937 0.128892 -0.047170
v  0.150240 0.131467 -0.000065
v  0.170514 0.126603 -0.043666
v  0.170514 0.128892 -0.000065
v  0.196235 0.123457 -0.038735
v  0.196235 0.125745 -0.000065
v  0.224679 0.118879 -0.032896
v  0.224679 0.120596 -0.000065
v  0.252821 0.111727 -0.026667
v  0.253123 0.113444 -0.000065
v  0.278239 0.100570 -0.021217
v  0.279147 0.101715 -0.000065
v  0.299723 0.083406 -0.017713
v  0.301842 0.084550 -0.000065
v  0.307288 0.059089 -0.017843
v  0.309709 0.059662 -0.000065
v  0.300934 0.032198 -0.000065
v  0.299421 0.032484 -0.021476
v  0.285804 0.007024 -0.000065
v  0.284896 0.008168 -0.027056
v  0.266740 -0.015862 -0.000065
v  0.265832 -0.014432 -0.033155
v  0.246164 -0.036746 -0.000065
v  0.245256 -0.035030 -0.038995
v  0.226797 -0.054769 -0.000065
v  0.225587 -0.053052 -0.043796
v  0.211365 -0.068787 -0.000065
v  0.209852 -0.066784 -0.047299
v  0.201682 -0.078227 -0.000065
v  0.199563 -0.076797 -0.049246
v  0.195932 -0.086237 -0.000065
v  0.193511 -0.085093 -0.050154
v  0.190485 -0.094247 -0.050154
v  0.192906 -0.094819 -0.000065
v  0.190183 -0.104260 -0.049246
v  0.192906 -0.104260 -0.000065
v  0.192604 -0.117992 -0.047429
v  0.194722 -0.117419 -0.000065
v  0.196840 -0.137731 -0.044055
v  0.198958 -0.137159 -0.000065
v  0.201682 -0.162905 -0.039514
v  0.203497 -0.162333 -0.000065
v  0.205918 -0.190941 -0.033934
v  0.207734 -0.190369 -0.000065
v  0.208036 -0.219549 -0.028094
v  0.209549 -0.219262 -0.000065
v  0.205313 -0.247012 -0.022904
v  0.206826 -0.247298 -0.000065
v  0.195932 -0.272187 -0.019530
v  0.197748 -0.273903 -0.000065
v  0.175658 -0.287062 -0.019660
v  0.176566 -0.289065 -0.000065
v  0.148424 -0.289351 -0.000065
v  0.148122 -0.287635 -0.023163
v  0.120283 -0.283057 -0.000065
v  0.121191 -0.281627 -0.028484
v  0.093352 -0.272187 -0.000065
v  0.094259 -0.270756 -0.034453
v  0.067631 -0.259599 -0.000065
v  0.068841 -0.257883 -0.040033
v  0.044936 -0.247012 -0.000065
v  0.046146 -0.245295 -0.044574
v  0.027385 -0.236999 -0.000065
v  0.028596 -0.234997 -0.047818
v  0.015584 -0.230992 -0.000065
v  0.016189 -0.228703 -0.049765
v  0.005901 -0.228131 -0.000065
v  0.006203 -0.225556 -0.050673
v  -0.006203 -0.225556 -0.050673
v  -0.005901 -0.228131 -0.000065
v  -0.016189 -0.228703 -0.049765
v  -0.015584 -0.230992 -0.000065
v  -0.028595 -0.234997 -0.047818
v  -0.027385 -0.236999 -0.000065
v  -0.046146 -0.245295 -0.044574
v  -0.044936 -0.247012 -0.000065
v  -0.068841 -0.257883 -0.040033
v  -0.067631 -0.259599 -0.000065
v  -0.094259 -0.270756 -0.034453
v  -0.093351 -0.272187 -0.000065
v  -0.121190 -0.281627 -0.028484
v  -0.120283 -0.283057 -0.000065
v  -0.148122 -0.287635 -0.023163
v  -0.148424 -0.289351 -0.000065
v  -0.175658 -0.287062 -0.019660
v  -0.176566 -0.289065 -0.000065
v  -0.195932 -0.272187 -0.019530
v  -0.197748 -0.273903 -0.000065
v  -0.206826 -0.247298 -0.000065
v  -0.205313 -0.247012 -0.022904
v  -0.209549 -0.219262 -0.000065
v  -0.208036 -0.219549 -0.028094
v  -0.207733 -0.190369 -0.000065
v  -0.205918 -0.190941 -0.033934
v  -0.203497 -0.162333 -0.000065
v  -0.201682 -0.162905 -0.039514
v  -0.198958 -0.137159 -0.000065
v  -0.196840 -0.137731 -0.044055
v  -0.194722 -0.117419 -0.000065
v  -0.192604 -0.117992 -0.047429
v  -0.192906 -0.104260 -0.000065
v  -0.190183 -0.104260 -0.049246
v  -0.192906 -0.094819 -0.000065
v  -0.190485 -0.094247 -0.050154
v  -0.193511 -0.085093 -0.050154
v  -0.195932 -0.086237 -0.000065
v  -0.199563 -0.076797 -0.049246
v  -0.201682 -0.078227 -0.000065
v  -0.209852 -0.066784 -0.047299
v  -0.211365 -0.068787 -0.000065
v  -0.225587 -0.053052 -0.043796
v  -0.226797 -0.054769 -0.000065
v  -0.245256 -0.035030 -0.038995
v  -0.246163 -0.036746 -0.000065
v  -0.265832 -0.014432 -0.033155
v  -0.266740 -0.015862 -0.000065
v  -0.284896 0.008168 -0.027056
v  -0.285804 0.007024 -0.000065
v  -0.299421 0.032484 -0.021476
v  -0.300934 0.032198 -0.000065
v  -0.307288 0.059089 -0.017843
v  -0.309709 0.059662 -0.000065
v  -0.299723 0.083406 -0.017713
v  -0.301841 0.084550 -0.000065
v  -0.289435 0.078829 -0.026278
v  -0.272792 0.095421 -0.030690
v  -0.249189 0.097424 -0.045612
v  -0.230731 0.097138 -0.054955
v  -0.204707 0.096565 -0.066894
v  -0.177171 0.095993 -0.078313
v  -0.151148 0.095707 -0.087786
v  -0.127545 0.097138 -0.094793
v  -0.109692 0.104862 -0.097648
v  -0.119980 0.063095 -0.106602
v  -0.154174 0.067386 -0.094793
v  -0.184131 0.071677 -0.082595
v  -0.212878 0.076540 -0.069230
v  -0.239506 0.081689 -0.055345
v  -0.260688 0.087411 -0.042368
v  -0.271884 0.071677 -0.039773
v  -0.248584 0.063667 -0.054436
v  -0.221350 0.055657 -0.069489
v  -0.192604 0.047360 -0.083763
v  -0.162949 0.039064 -0.096740
v  -0.131781 0.029910 -0.108548
v  -0.094562 0.042211 -0.117372
v  -0.095470 0.079115 -0.109586
v  -0.076709 0.093133 -0.109846
v  -0.043725 0.078257 -0.118670
v  -0.065210 0.067958 -0.118410
v  -0.080945 0.057087 -0.117761
v  -0.071867 0.043355 -0.122043
v  -0.060066 0.048219 -0.123211
v  -0.041002 0.054512 -0.124379
v  -0.015281 0.082548 -0.119708
v  0.015281 0.082548 -0.119708
v  0.016794 0.114588 -0.109846
v  0.046146 0.148059 -0.095442
v  0.065513 0.178669 -0.078573
v  0.086392 0.180100 -0.064947
v  0.076103 0.205274 -0.056253
v  0.095167 0.158644 -0.071306
v  0.073985 0.153208 -0.088175
v  0.053106 0.112586 -0.107380
v  0.043725 0.078257 -0.118670
v  0.041002 0.054512 -0.124379
v  0.065210 0.067958 -0.118410
v  0.060066 0.048219 -0.123211
v  0.071867 0.043355 -0.122043
v  0.061579 0.032770 -0.125417
v  0.077011 0.032198 -0.122822
v  0.041607 0.036489 -0.127364
v  0.014979 0.039350 -0.128791
v  0.014676 0.058517 -0.125417
v  -0.014676 0.058517 -0.125417
v  -0.014979 0.039350 -0.128791
v  -0.041607 0.036489 -0.127364
v  -0.061579 0.032770 -0.125417
v  -0.077011 0.032198 -0.122822
v  -0.082458 0.015034 -0.123471
v  -0.103942 0.020183 -0.117891
v  -0.140557 0.000730 -0.108418
v  -0.171119 0.011887 -0.096740
v  -0.199866 0.023330 -0.083763
v  -0.227705 0.034201 -0.069619
v  -0.254636 0.044214 -0.054566
v  -0.277936 0.051938 -0.039903
v  -0.296395 0.056801 -0.026407
v  -0.291856 0.033343 -0.030949
v  -0.277634 0.032484 -0.042758
v  -0.257057 0.024474 -0.055604
v  -0.274002 0.017608 -0.046002
v  0.076709 0.093133 -0.109846
v  -0.232546 0.012459 -0.069489
v  -0.258570 0.006451 -0.055345
v  -0.280660 0.012173 -0.038086
v  -0.262806 -0.006994 -0.047170
v  -0.241927 -0.026161 -0.056772
v  -0.221350 -0.043612 -0.065077
v  -0.204102 -0.058488 -0.071176
v  -0.191393 -0.069931 -0.075069
v  -0.183828 -0.080802 -0.076886
v  -0.237085 -0.008711 -0.067283
v  -0.214088 -0.024731 -0.078573
v  -0.192604 -0.040179 -0.087656
v  -0.174448 -0.055055 -0.094404
v  -0.206523 -0.001273 -0.082595
v  -0.179894 -0.016149 -0.094534
v  -0.148727 -0.033027 -0.106083
v  -0.163857 -0.071647 -0.096999
v  -0.179894 -0.091959 -0.076886
v  -0.179592 -0.104832 -0.075199
v  -0.182618 -0.121138 -0.071436
v  -0.187762 -0.142594 -0.065466
v  -0.193814 -0.168055 -0.057551
v  -0.199261 -0.194946 -0.048467
v  -0.179289 -0.178926 -0.068321
v  -0.170211 -0.153465 -0.079092
v  -0.162344 -0.129149 -0.087916
v  -0.156594 -0.107121 -0.094404
v  -0.158410 -0.087954 -0.096999
v  -0.122401 -0.110840 -0.105823
v  -0.137228 -0.140878 -0.094793
v  -0.149937 -0.167483 -0.083374
v  -0.162949 -0.192943 -0.070787
v  -0.187762 -0.203242 -0.057032
v  -0.202287 -0.220121 -0.039773
v  -0.198656 -0.243293 -0.033155
v  -0.193511 -0.220693 -0.048078
v  -0.187762 -0.234424 -0.045093
v  -0.175961 -0.216402 -0.057551
v  -0.162041 -0.230133 -0.056772
v  -0.176263 -0.249873 -0.042628
v  -0.188367 -0.264176 -0.029132
v  -0.169909 -0.277336 -0.029262
v  -0.146911 -0.280483 -0.033674
v  -0.159923 -0.261602 -0.042758
v  -0.141465 -0.267323 -0.045483
v  -0.145398 -0.241862 -0.056902
v  -0.127848 -0.250731 -0.057940
v  -0.126637 -0.268468 -0.048597
v  -0.123611 -0.276478 -0.040422
v  -0.100311 -0.265893 -0.049116
v  -0.076103 -0.252161 -0.058200
v  -0.053711 -0.238430 -0.066245
v  -0.034647 -0.226700 -0.072084
v  -0.020123 -0.218690 -0.075848
v  -0.091233 -0.242149 -0.068970
v  -0.069144 -0.225556 -0.079740
v  -0.048264 -0.210394 -0.088564
v  -0.111810 -0.257597 -0.057681
v  -0.109389 -0.231278 -0.071176
v  -0.128150 -0.219835 -0.071176
v  -0.146306 -0.207247 -0.071046
v  -0.129966 -0.182931 -0.084542
v  -0.088812 -0.211252 -0.083763
v  -0.067328 -0.190655 -0.095053
v  -0.042818 -0.167197 -0.105953
v  -0.028898 -0.198093 -0.094923
v  -0.007111 -0.215257 -0.077534
v  -0.109692 -0.197235 -0.084671
v  -0.009834 -0.193802 -0.097518
v  -0.013163 -0.165480 -0.108548
v  -0.039489 -0.133440 -0.116334
v  -0.071867 -0.148888 -0.107899
v  -0.090628 -0.173776 -0.096869
v  -0.113323 -0.157756 -0.096869
v  -0.096075 -0.132009 -0.107769
v  -0.079735 -0.111984 -0.115945
v  -0.093957 -0.096536 -0.115815
v  -0.070051 -0.099969 -0.120097
v  -0.062184 -0.123713 -0.116204
v  -0.129966 -0.082804 -0.108418
v  -0.137531 -0.060490 -0.108548
v  -0.112718 -0.030452 -0.117502
v  -0.109994 -0.004133 -0.118021
v  -0.086392 -0.006422 -0.123860
v  -0.087905 -0.029880 -0.123730
v  -0.108481 -0.055055 -0.117502
v  -0.102429 -0.076511 -0.116983
v  -0.080945 -0.072792 -0.122173
v  -0.085484 -0.052766 -0.123211
v  -0.066420 -0.053052 -0.126715
v  -0.067933 -0.029880 -0.127623
v  -0.067328 -0.006136 -0.127623
v  -0.064605 0.015034 -0.126715
v  -0.043423 0.017322 -0.129440
v  -0.015584 0.019325 -0.131257
v  0.015584 0.019325 -0.131257
v  -0.015886 -0.004419 -0.132684
v  -0.044936 -0.005278 -0.130608
v  -0.045238 -0.029880 -0.130738
v  -0.044331 -0.054197 -0.129440
v  -0.042212 -0.075938 -0.127364
v  -0.015886 -0.055341 -0.131386
v  -0.063394 -0.073650 -0.125158
v  -0.059763 -0.090242 -0.123341
v  -0.075196 -0.089098 -0.121005
v  -0.058250 -0.104832 -0.120876
v  -0.039186 -0.110840 -0.121784
v  -0.040397 -0.093961 -0.124898
v  -0.014373 -0.096822 -0.126066
v  -0.014979 -0.077941 -0.128921
v  0.014979 -0.077941 -0.128921
v  -0.013768 -0.114559 -0.122563
v  -0.013466 -0.136586 -0.117112
v  0.013768 -0.114559 -0.122563
v  0.014373 -0.096822 -0.126066
v  0.013163 -0.165480 -0.108548
v  0.013466 -0.136586 -0.117112
v  0.039186 -0.110840 -0.121784
v  0.039489 -0.133440 -0.116334
v  0.040397 -0.093961 -0.124898
v  0.059763 -0.090242 -0.123341
v  0.058250 -0.104832 -0.120876
v  0.070051 -0.099969 -0.120097
v  0.062184 -0.123713 -0.116204
v  0.042212 -0.075938 -0.127364
v  0.015886 -0.055341 -0.131386
v  0.016189 -0.030166 -0.132814
v  -0.016189 -0.030166 -0.132814
v  0.015886 -0.004419 -0.132684
v  0.043423 0.017322 -0.129440
v  0.064605 0.015034 -0.126715
v  0.082458 0.015034 -0.123471
v  0.067328 -0.006136 -0.127623
v  0.044936 -0.005278 -0.130608
v  0.045238 -0.029880 -0.130738
v  0.044331 -0.054197 -0.129440
v  0.066420 -0.053052 -0.126715
v  0.067933 -0.029880 -0.127623
v  0.087905 -0.029880 -0.123730
v  0.086392 -0.006422 -0.123860
v  0.109994 -0.004133 -0.118021
v  0.103942 0.020183 -0.117891
v  0.094562 0.042211 -0.117372
v  0.080945 0.057087 -0.117761
v  0.095470 0.079115 -0.109586
v  0.095470 0.115446 -0.097778
v  0.082458 0.130895 -0.095053
v  0.102732 0.142910 -0.075328
v  0.110902 0.132039 -0.077145
v  0.120585 0.124887 -0.077145
v  0.109692 0.104862 -0.097648
v  0.119980 0.063095 -0.106602
v  0.132992 0.120310 -0.075199
v  0.127545 0.097138 -0.094793
v  0.151148 0.095707 -0.087786
v  0.154174 0.067386 -0.094793
v  0.177171 0.095993 -0.078313
v  0.149937 0.118021 -0.071176
v  0.172330 0.116305 -0.064818
v  0.198656 0.114302 -0.056253
v  0.226495 0.111155 -0.046651
v  0.204708 0.096565 -0.066894
v  0.184131 0.071677 -0.082595
v  0.251610 0.106006 -0.037567
v  0.230731 0.097138 -0.054955
v  0.212878 0.076540 -0.069230
v  0.272792 0.095421 -0.030690
v  0.249190 0.097424 -0.045612
v  0.260688 0.087411 -0.042368
v  0.239506 0.081689 -0.055345
v  0.248584 0.063667 -0.054436
v  0.221350 0.055657 -0.069489
v  0.192604 0.047360 -0.083763
v  0.162949 0.039064 -0.096740
v  0.131781 0.029910 -0.108548
v  0.140557 0.000730 -0.108418
v  0.171119 0.011887 -0.096740
v  0.199866 0.023330 -0.083763
v  0.227705 0.034201 -0.069619
v  0.254636 0.044214 -0.054566
v  0.271884 0.071677 -0.039773
v  0.289435 0.078829 -0.026278
v  0.296395 0.056801 -0.026407
v  0.291856 0.033343 -0.030949
v  0.277936 0.051938 -0.039903
v  0.277634 0.032484 -0.042758
v  0.257057 0.024474 -0.055604
v  0.274003 0.017608 -0.046002
v  0.280660 0.012173 -0.038086
v  0.262806 -0.006994 -0.047170
v  0.241927 -0.026161 -0.056772
v  0.221350 -0.043612 -0.065077
v  0.204102 -0.058488 -0.071176
v  0.191393 -0.069931 -0.075069
v  0.183828 -0.080802 -0.076886
v  0.237086 -0.008711 -0.067283
v  0.214088 -0.024731 -0.078573
v  0.192604 -0.040179 -0.087656
v  0.174448 -0.055055 -0.094404
v  0.258570 0.006451 -0.055345
v  0.232547 0.012459 -0.069489
v  0.206523 -0.001273 -0.082595
v  0.179895 -0.016149 -0.094534
v  0.148727 -0.033027 -0.106083
v  0.163857 -0.071647 -0.096999
v  0.179895 -0.091959 -0.076886
v  0.179592 -0.104832 -0.075199
v  0.182618 -0.121138 -0.071436
v  0.187762 -0.142594 -0.065466
v  0.193814 -0.168055 -0.057551
v  0.199261 -0.194946 -0.048467
v  0.179289 -0.178926 -0.068321
v  0.170211 -0.153465 -0.079092
v  0.162344 -0.129149 -0.087916
v  0.156595 -0.107121 -0.094404
v  0.158410 -0.087954 -0.096999
v  0.122401 -0.110840 -0.105823
v  0.137228 -0.140878 -0.094793
v  0.149937 -0.167483 -0.083374
v  0.162949 -0.192943 -0.070787
v  0.187762 -0.203242 -0.057032
v  0.202287 -0.220121 -0.039773
v  0.198656 -0.243293 -0.033155
v  0.193511 -0.220693 -0.048078
v  0.187762 -0.234424 -0.045093
v  0.175961 -0.216402 -0.057551
v  0.162041 -0.230133 -0.056772
v  0.146306 -0.207247 -0.071046
v  0.129966 -0.182931 -0.084542
v  0.113323 -0.157756 -0.096869
v  0.096075 -0.132009 -0.107769
v  0.071867 -0.148888 -0.107899
v  0.090628 -0.173776 -0.096869
v  0.109692 -0.197235 -0.084671
v  0.128150 -0.219835 -0.071176
v  0.145398 -0.241862 -0.056902
v  0.176263 -0.249873 -0.042628
v  0.188367 -0.264176 -0.029132
v  0.169909 -0.277336 -0.029262
v  0.146911 -0.280483 -0.033674
v  0.159923 -0.261602 -0.042758
v  0.141465 -0.267323 -0.045483
v  0.127848 -0.250731 -0.057940
v  0.126637 -0.268468 -0.048597
v  0.123611 -0.276478 -0.040422
v  0.100311 -0.265893 -0.049116
v  0.076103 -0.252161 -0.058200
v  0.053711 -0.238430 -0.066245
v  0.034648 -0.226700 -0.072084
v  0.020123 -0.218690 -0.075848
v  0.007111 -0.215257 -0.077534
v  0.009834 -0.193802 -0.097518
v  0.042818 -0.167197 -0.105953
v  0.028898 -0.198093 -0.094923
v  0.048264 -0.210394 -0.088564
v  0.069144 -0.225556 -0.079740
v  0.067328 -0.190655 -0.095053
v  0.079735 -0.111984 -0.115945
v  0.093957 -0.096536 -0.115815
v  0.075196 -0.089098 -0.121005
v  0.080945 -0.072792 -0.122173
v  0.063394 -0.073650 -0.125158
v  0.085484 -0.052766 -0.123211
v  0.108481 -0.055055 -0.117502
v  0.102429 -0.076511 -0.116983
v  0.129966 -0.082804 -0.108418
v  0.137531 -0.060490 -0.108548
v  0.112718 -0.030452 -0.117502
v  0.109389 -0.231278 -0.071176
v  0.111810 -0.257597 -0.057681
v  0.091233 -0.242149 -0.068970
v  0.088813 -0.211252 -0.083763

vt  0.363029 -0.405165 0.000000
vt  0.336075 -0.402573 0.000000
vt  0.361062 -0.412471 0.000000
vt  0.336653 -0.410115 0.000000
vt  0.336769 -0.421309 0.000000
vt  0.315831 -0.423077 0.000000
vt  0.318260 -0.431090 0.000000
vt  0.311088 -0.409290 0.000000
vt  0.286679 -0.421192 0.000000
vt  0.386281 -0.416360 0.000000
vt  0.379108 -0.428969 0.000000
vt  0.408029 -0.432386 0.000000
vt  0.392759 -0.452184 0.000000
vt  0.428273 -0.451241 0.000000
vt  0.404095 -0.478108 0.000000
vt  0.446550 -0.470567 0.000000
vt  0.414391 -0.503915 0.000000
vt  0.462399 -0.488125 0.000000
vt  0.423646 -0.527248 0.000000
vt  0.474429 -0.501323 0.000000
vt  0.431280 -0.545631 0.000000
vt  0.482064 -0.509100 0.000000
vt  0.436833 -0.557061 0.000000
vt  0.487386 -0.514285 0.000000
vt  0.442039 -0.564603 0.000000
vt  0.448517 -0.570377 0.000000
vt  0.492591 -0.518763 0.000000
vt  0.456615 -0.574502 0.000000
vt  0.498375 -0.523359 0.000000
vt  0.468761 -0.578508 0.000000
vt  0.507167 -0.529840 0.000000
vt  0.487733 -0.583693 0.000000
vt  0.521743 -0.540092 0.000000
vt  0.512142 -0.589821 0.000000
vt  0.541062 -0.553290 0.000000
vt  0.538864 -0.596655 0.000000
vt  0.562578 -0.568845 0.000000
vt  0.565702 -0.604433 0.000000
vt  0.583748 -0.586403 0.000000
vt  0.590226 -0.615038 0.000000
vt  0.602488 -0.605965 0.000000
vt  0.608504 -0.630829 0.000000
vt  0.616370 -0.627765 0.000000
vt  0.613131 -0.652394 0.000000
vt  0.621691 -0.651922 0.000000
vt  0.618568 -0.677611 0.000000
vt  0.603067 -0.674548 0.000000
vt  0.610123 -0.703301 0.000000
vt  0.585368 -0.694580 0.000000
vt  0.598671 -0.728283 0.000000
vt  0.564429 -0.713317 0.000000
vt  0.586177 -0.751615 0.000000
vt  0.543260 -0.730875 0.000000
vt  0.574494 -0.772001 0.000000
vt  0.524057 -0.746901 0.000000
vt  0.565817 -0.787438 0.000000
vt  0.509134 -0.759746 0.000000
vt  0.560843 -0.797101 0.000000
vt  0.499995 -0.768584 0.000000
vt  0.557604 -0.803818 0.000000
vt  0.494442 -0.775654 0.000000
vt  0.490972 -0.783550 0.000000
vt  0.554944 -0.810064 0.000000
vt  0.489584 -0.792506 0.000000
vt  0.552399 -0.817016 0.000000
vt  0.489352 -0.805114 0.000000
vt  0.548928 -0.827268 0.000000
vt  0.490162 -0.824558 0.000000
vt  0.543838 -0.844237 0.000000
vt  0.491666 -0.849304 0.000000
vt  0.537129 -0.866509 0.000000
vt  0.493170 -0.876408 0.000000
vt  0.528915 -0.891609 0.000000
vt  0.493633 -0.903864 0.000000
vt  0.518735 -0.917062 0.000000
vt  0.490856 -0.929907 0.000000
vt  0.505663 -0.940748 0.000000
vt  0.481370 -0.951472 0.000000
vt  0.488774 -0.960663 0.000000
vt  0.462630 -0.962431 0.000000
vt  0.467026 -0.973390 0.000000
vt  0.441576 -0.978811 0.000000
vt  0.439031 -0.960074 0.000000
vt  0.414507 -0.979046 0.000000
vt  0.414969 -0.949940 0.000000
vt  0.387206 -0.975982 0.000000
vt  0.391023 -0.936270 0.000000
vt  0.361293 -0.971387 0.000000
vt  0.367887 -0.922130 0.000000
vt  0.338504 -0.966673 0.000000
vt  0.346949 -0.909049 0.000000
vt  0.321152 -0.963138 0.000000
vt  0.330291 -0.899033 0.000000
vt  0.310510 -0.961252 0.000000
vt  0.319186 -0.893141 0.000000
vt  0.303222 -0.960192 0.000000
vt  0.310625 -0.890195 0.000000
vt  0.298826 -0.889134 0.000000
vt  0.293504 -0.959367 0.000000
vt  0.289918 -0.890548 0.000000
vt  0.286101 -0.959131 0.000000
vt  0.277887 -0.894319 0.000000
vt  0.275342 -0.959013 0.000000
vt  0.259726 -0.901036 0.000000
vt  0.257643 -0.959367 0.000000
vt  0.236705 -0.910110 0.000000
vt  0.234276 -0.959838 0.000000
vt  0.211487 -0.920008 0.000000
vt  0.207900 -0.959720 0.000000
vt  0.185458 -0.929082 0.000000
vt  0.180484 -0.957717 0.000000
vt  0.159777 -0.934503 0.000000
vt  0.153762 -0.952532 0.000000
vt  0.136178 -0.932382 0.000000
vt  0.129584 -0.942516 0.000000
vt  0.119752 -0.918241 0.000000
vt  0.110844 -0.925665 0.000000
vt  0.097888 -0.903157 0.000000
vt  0.114546 -0.895262 0.000000
vt  0.089443 -0.877586 0.000000
vt  0.116512 -0.869219 0.000000
vt  0.084006 -0.850718 0.000000
vt  0.121949 -0.842234 0.000000
vt  0.080536 -0.824558 0.000000
vt  0.128312 -0.815838 0.000000
vt  0.077991 -0.801344 0.000000
vt  0.134327 -0.791916 0.000000
vt  0.076024 -0.783785 0.000000
vt  0.138608 -0.772826 0.000000
vt  0.074520 -0.773062 0.000000
vt  0.140690 -0.760453 0.000000
vt  0.073248 -0.765874 0.000000
vt  0.148903 -0.775654 0.000000
vt  0.143350 -0.796159 0.000000
vt  0.136063 -0.820551 0.000000
vt  0.128543 -0.845887 0.000000
vt  0.149019 -0.829625 0.000000
vt  0.159314 -0.805232 0.000000
vt  0.167991 -0.782607 0.000000
vt  0.152489 -0.760924 0.000000
vt  0.140921 -0.751379 0.000000
vt  0.139070 -0.743013 0.000000
vt  0.071744 -0.759157 0.000000
vt  0.134790 -0.735000 0.000000
vt  0.069777 -0.751969 0.000000
vt  0.127386 -0.724630 0.000000
vt  0.066654 -0.741599 0.000000
vt  0.115124 -0.709310 0.000000
vt  0.060870 -0.724747 0.000000
vt  0.099045 -0.690103 0.000000
vt  0.053235 -0.702711 0.000000
vt  0.081461 -0.668773 0.000000
vt  0.045137 -0.677376 0.000000
vt  0.064340 -0.646620 0.000000
vt  0.038428 -0.650626 0.000000
vt  0.050574 -0.623641 0.000000
vt  0.034842 -0.623759 0.000000
vt  0.044790 -0.600073 0.000000
vt  0.036461 -0.597834 0.000000
vt  0.053351 -0.579686 0.000000
vt  0.046294 -0.575091 0.000000
vt  0.063878 -0.556354 0.000000
vt  0.074289 -0.567549 0.000000
vt  0.085741 -0.540681 0.000000
vt  0.100201 -0.561657 0.000000
vt  0.109803 -0.527248 0.000000
vt  0.128081 -0.558829 0.000000
vt  0.133749 -0.515817 0.000000
vt  0.155613 -0.556943 0.000000
vt  0.155266 -0.506390 0.000000
vt  0.180600 -0.555411 0.000000
vt  0.171461 -0.498966 0.000000
vt  0.200266 -0.553762 0.000000
vt  0.181294 -0.494252 0.000000
vt  0.212875 -0.551994 0.000000
vt  0.187772 -0.490717 0.000000
vt  0.200844 -0.564485 0.000000
vt  0.179327 -0.565428 0.000000
vt  0.153530 -0.565899 0.000000
vt  0.126577 -0.566253 0.000000
vt  0.148787 -0.581101 0.000000
vt  0.175510 -0.583457 0.000000
vt  0.200034 -0.584989 0.000000
vt  0.216114 -0.563425 0.000000
vt  0.221667 -0.549402 0.000000
vt  0.229070 -0.545041 0.000000
vt  0.193672 -0.487182 0.000000
vt  0.235548 -0.538560 0.000000
vt  0.199918 -0.483175 0.000000
vt  0.243068 -0.528190 0.000000
vt  0.208826 -0.476812 0.000000
vt  0.253942 -0.511693 0.000000
vt  0.223055 -0.465971 0.000000
vt  0.267361 -0.490246 0.000000
vt  0.241795 -0.451712 0.000000
vt  0.282168 -0.466796 0.000000
vt  0.263312 -0.435922 0.000000
vt  0.298016 -0.443346 0.000000
vt  0.302759 -0.447352 0.000000
vt  0.289456 -0.468917 0.000000
vt  0.276152 -0.492603 0.000000
vt  0.263312 -0.515228 0.000000
vt  0.252322 -0.533847 0.000000
vt  0.243993 -0.546809 0.000000
vt  0.236242 -0.555294 0.000000
vt  0.227219 -0.560714 0.000000
vt  0.220972 -0.585696 0.000000
vt  0.227566 -0.618927 0.000000
vt  0.196448 -0.611150 0.000000
vt  0.168685 -0.605022 0.000000
vt  0.141037 -0.598187 0.000000
vt  0.122875 -0.577919 0.000000
vt  0.101474 -0.567667 0.000000
vt  0.080073 -0.573559 0.000000
vt  0.104019 -0.575326 0.000000
vt  0.092798 -0.582397 0.000000
vt  0.114662 -0.590528 0.000000
vt  0.105638 -0.604904 0.000000
vt  0.132592 -0.615510 0.000000
vt  0.159893 -0.625880 0.000000
vt  0.186962 -0.636014 0.000000
vt  0.214957 -0.647091 0.000000
vt  0.204546 -0.671248 0.000000
vt  0.177361 -0.658639 0.000000
vt  0.151332 -0.645795 0.000000
vt  0.125189 -0.633068 0.000000
vt  0.098929 -0.620813 0.000000
vt  0.081114 -0.594299 0.000000
vt  0.062952 -0.585107 0.000000
vt  0.055317 -0.603254 0.000000
vt  0.058903 -0.623759 0.000000
vt  0.074405 -0.610207 0.000000
vt  0.073942 -0.626940 0.000000
vt  0.237052 -0.580983 0.000000
vt  0.069430 -0.643438 0.000000
vt  0.076718 -0.640020 0.000000
vt  0.094880 -0.637192 0.000000
vt  0.085741 -0.662646 0.000000
vt  0.104019 -0.682443 0.000000
vt  0.121371 -0.701533 0.000000
vt  0.135484 -0.717677 0.000000
vt  0.145201 -0.729461 0.000000
vt  0.150870 -0.739360 0.000000
vt  0.153183 -0.749494 0.000000
vt  0.175047 -0.763163 0.000000
vt  0.208363 -0.767170 0.000000
vt  0.191705 -0.794037 0.000000
vt  0.177592 -0.818312 0.000000
vt  0.162901 -0.842116 0.000000
vt  0.138492 -0.852957 0.000000
vt  0.122528 -0.869809 0.000000
vt  0.121834 -0.891609 0.000000
vt  0.130394 -0.869691 0.000000
vt  0.133749 -0.882417 0.000000
vt  0.147862 -0.864506 0.000000
vt  0.158736 -0.877232 0.000000
vt  0.176782 -0.855314 0.000000
vt  0.194713 -0.832925 0.000000
vt  0.212412 -0.810653 0.000000
vt  0.231384 -0.787792 0.000000
vt  0.251049 -0.804996 0.000000
vt  0.230805 -0.826679 0.000000
vt  0.210908 -0.847183 0.000000
vt  0.191127 -0.867805 0.000000
vt  0.171808 -0.888545 0.000000
vt  0.141615 -0.896912 0.000000
vt  0.127618 -0.911053 0.000000
vt  0.142309 -0.923779 0.000000
vt  0.162438 -0.926843 0.000000
vt  0.154456 -0.908107 0.000000
vt  0.169957 -0.913763 0.000000
vt  0.175394 -0.746548 0.000000
vt  0.183955 -0.923190 0.000000
vt  0.183029 -0.915413 0.000000
vt  0.185805 -0.897501 0.000000
vt  0.206859 -0.913999 0.000000
vt  0.231152 -0.903157 0.000000
vt  0.254289 -0.892787 0.000000
vt  0.273839 -0.884539 0.000000
vt  0.287952 -0.879118 0.000000
vt  0.299057 -0.876879 0.000000
vt  0.312592 -0.878057 0.000000
vt  0.323234 -0.882300 0.000000
vt  0.336075 -0.890195 0.000000
vt  0.353774 -0.901861 0.000000
vt  0.374712 -0.916237 0.000000
vt  0.396461 -0.931321 0.000000
vt  0.387322 -0.906928 0.000000
vt  0.367309 -0.889606 0.000000
vt  0.348569 -0.874404 0.000000
vt  0.332142 -0.861678 0.000000
vt  0.316525 -0.856375 0.000000
vt  0.346255 -0.831511 0.000000
vt  0.366730 -0.855550 0.000000
vt  0.385471 -0.876525 0.000000
vt  0.404790 -0.864977 0.000000
vt  0.388941 -0.841173 0.000000
vt  0.372977 -0.816191 0.000000
vt  0.409995 -0.828800 0.000000
vt  0.423299 -0.853900 0.000000
vt  0.420522 -0.888781 0.000000
vt  0.403517 -0.897737 0.000000
vt  0.406293 -0.924133 0.000000
vt  0.417399 -0.944519 0.000000
vt  0.437874 -0.952061 0.000000
vt  0.419712 -0.936977 0.000000
vt  0.432900 -0.937802 0.000000
vt  0.420291 -0.918948 0.000000
vt  0.435792 -0.912702 0.000000
vt  0.436833 -0.879236 0.000000
vt  0.442849 -0.842587 0.000000
vt  0.433247 -0.816191 0.000000
vt  0.395535 -0.802875 0.000000
vt  0.382579 -0.783078 0.000000
vt  0.366730 -0.791563 0.000000
vt  0.346718 -0.798515 0.000000
vt  0.321615 -0.827622 0.000000
vt  0.299173 -0.854725 0.000000
vt  0.282862 -0.857200 0.000000
vt  0.264468 -0.866745 0.000000
vt  0.243183 -0.878293 0.000000
vt  0.220394 -0.891609 0.000000
vt  0.198646 -0.905161 0.000000
vt  0.206165 -0.879707 0.000000
vt  0.227798 -0.862031 0.000000
vt  0.250008 -0.844944 0.000000
vt  0.274533 -0.824911 0.000000
vt  0.280085 -0.792388 0.000000
vt  0.299520 -0.825501 0.000000
vt  0.301833 -0.797337 0.000000
vt  0.324507 -0.799458 0.000000
vt  0.348684 -0.778011 0.000000
vt  0.326821 -0.779779 0.000000
vt  0.302990 -0.777540 0.000000
vt  0.281936 -0.771883 0.000000
vt  0.261692 -0.781900 0.000000
vt  0.247695 -0.770587 0.000000
vt  0.236821 -0.756446 0.000000
vt  0.257875 -0.759982 0.000000
vt  0.266782 -0.765167 0.000000
vt  0.266666 -0.753147 0.000000
vt  0.254173 -0.750908 0.000000
vt  0.250702 -0.737121 0.000000
vt  0.231499 -0.738888 0.000000
vt  0.204546 -0.742541 0.000000
vt  0.172155 -0.732643 0.000000
vt  0.164520 -0.717795 0.000000
vt  0.149597 -0.703183 0.000000
vt  0.131667 -0.686449 0.000000
vt  0.111538 -0.668538 0.000000
vt  0.091525 -0.651922 0.000000
vt  0.118479 -0.651215 0.000000
vt  0.142425 -0.666652 0.000000
vt  0.165908 -0.682561 0.000000
vt  0.192862 -0.699883 0.000000
vt  0.227219 -0.699648 0.000000
vt  0.200266 -0.723805 0.000000
vt  0.228376 -0.720387 0.000000
vt  0.248736 -0.719798 0.000000
vt  0.249083 -0.700472 0.000000
vt  0.232425 -0.677729 0.000000
vt  0.239713 -0.657814 0.000000
vt  0.249083 -0.640138 0.000000
vt  0.250008 -0.607615 0.000000
vt  0.249430 -0.573559 0.000000
vt  0.261229 -0.561775 0.000000
vt  0.270600 -0.542920 0.000000
vt  0.281011 -0.520531 0.000000
vt  0.291769 -0.495667 0.000000
vt  0.301486 -0.471274 0.000000
vt  0.308196 -0.453244 0.000000
vt  0.319880 -0.446527 0.000000
vt  0.316641 -0.469860 0.000000
vt  0.336075 -0.441931 0.000000
vt  0.333530 -0.468799 0.000000
vt  0.310510 -0.497081 0.000000
vt  0.303222 -0.524773 0.000000
vt  0.329944 -0.497905 0.000000
vt  0.353196 -0.470684 0.000000
vt  0.355741 -0.443699 0.000000
vt  0.358748 -0.423313 0.000000
vt  0.375291 -0.436393 0.000000
vt  0.370664 -0.451241 0.000000
vt  0.369738 -0.474809 0.000000
vt  0.370664 -0.502619 0.000000
vt  0.351461 -0.499909 0.000000
vt  0.372746 -0.531136 0.000000
vt  0.350072 -0.529251 0.000000
vt  0.325895 -0.527012 0.000000
vt  0.295355 -0.552230 0.000000
vt  0.287142 -0.583339 0.000000
vt  0.266551 -0.597716 0.000000
vt  0.274880 -0.621755 0.000000
vt  0.261114 -0.629061 0.000000
vt  0.268517 -0.642495 0.000000
vt  0.277887 -0.639196 0.000000
vt  0.293736 -0.635543 0.000000
vt  0.275805 -0.651215 0.000000
vt  0.263427 -0.650862 0.000000
vt  0.257528 -0.664178 0.000000
vt  0.252322 -0.681265 0.000000
vt  0.268055 -0.682325 0.000000
vt  0.271872 -0.665120 0.000000
vt  0.289340 -0.664885 0.000000
vt  0.292116 -0.649683 0.000000
vt  0.380959 -0.459961 0.000000
vt  0.293273 -0.615274 0.000000
vt  0.317335 -0.614331 0.000000
vt  0.315947 -0.634129 0.000000
vt  0.340355 -0.636367 0.000000
vt  0.314443 -0.649330 0.000000
vt  0.339083 -0.651569 0.000000
vt  0.338042 -0.667831 0.000000
vt  0.312476 -0.665474 0.000000
vt  0.310278 -0.684564 0.000000
vt  0.286217 -0.683150 0.000000
vt  0.283787 -0.703536 0.000000
vt  0.265278 -0.701887 0.000000
vt  0.264353 -0.721330 0.000000
vt  0.265163 -0.738888 0.000000
vt  0.282283 -0.742306 0.000000
vt  0.282399 -0.757743 0.000000
vt  0.304147 -0.762338 0.000000
vt  0.328556 -0.764577 0.000000
vt  0.350767 -0.763988 0.000000
vt  0.367078 -0.762338 0.000000
vt  0.353659 -0.748905 0.000000
vt  0.330522 -0.748433 0.000000
vt  0.305073 -0.746077 0.000000
vt  0.306345 -0.726869 0.000000
vt  0.282515 -0.723923 0.000000
vt  0.332836 -0.729343 0.000000
vt  0.334918 -0.708250 0.000000
vt  0.308080 -0.705775 0.000000
vt  0.356782 -0.730757 0.000000
vt  0.359211 -0.710489 0.000000
vt  0.336653 -0.687039 0.000000
vt  0.360946 -0.671484 0.000000
vt  0.360599 -0.689985 0.000000
vt  0.378646 -0.692577 0.000000
vt  0.377836 -0.712139 0.000000
vt  0.375060 -0.731582 0.000000
vt  0.371126 -0.748669 0.000000
vt  0.385702 -0.749494 0.000000
vt  0.390792 -0.732878 0.000000
vt  0.394031 -0.713788 0.000000
vt  0.394263 -0.694227 0.000000
vt  0.392180 -0.676551 0.000000
vt  0.414507 -0.694463 0.000000
vt  0.377952 -0.674901 0.000000
vt  0.376679 -0.660407 0.000000
vt  0.360946 -0.656047 0.000000
vt  0.361872 -0.641788 0.000000
vt  0.342553 -0.616688 0.000000
vt  0.318029 -0.585814 0.000000
vt  0.321731 -0.555765 0.000000
vt  0.348916 -0.558357 0.000000
vt  0.347065 -0.588407 0.000000
vt  0.366036 -0.621991 0.000000
vt  0.382926 -0.631654 0.000000
vt  0.376795 -0.648269 0.000000
vt  0.385471 -0.653336 0.000000
vt  0.388941 -0.662410 0.000000
vt  0.405021 -0.654515 0.000000
vt  0.410921 -0.673605 0.000000
vt  0.437296 -0.667595 0.000000
vt  0.443080 -0.693166 0.000000
vt  0.415548 -0.716970 0.000000
vt  0.410689 -0.737239 0.000000
vt  0.404211 -0.754797 0.000000
vt  0.430124 -0.763281 0.000000
vt  0.437759 -0.745605 0.000000
vt  0.449327 -0.723451 0.000000
vt  0.463787 -0.759392 0.000000
vt  0.458003 -0.772473 0.000000
vt  0.421795 -0.786731 0.000000
vt  0.455342 -0.788852 0.000000
vt  0.479288 -0.779543 0.000000
vt  0.483453 -0.769998 0.000000
vt  0.473967 -0.746194 0.000000
vt  0.395766 -0.770941 0.000000
vt  0.379687 -0.762456 0.000000
vt  0.374365 -0.770587 0.000000
vt  0.364648 -0.774240 0.000000
vt  0.458697 -0.809357 0.000000
vt  0.463208 -0.833160 0.000000
vt  0.468877 -0.858967 0.000000
vt  0.452913 -0.868630 0.000000
vt  0.450599 -0.903982 0.000000
vt  0.463555 -0.893494 0.000000
vt  0.475008 -0.883832 0.000000
vt  0.479867 -0.901861 0.000000
vt  0.474198 -0.913645 0.000000
vt  0.463903 -0.926490 0.000000
vt  0.484378 -0.924958 0.000000
vt  0.487617 -0.903393 0.000000
vt  0.485998 -0.878764 0.000000
vt  0.483221 -0.852368 0.000000
vt  0.480561 -0.827150 0.000000
vt  0.478710 -0.805939 0.000000
vt  0.477900 -0.790856 0.000000
vt  0.475008 -0.942987 0.000000
vt  0.449211 -0.935092 0.000000
vt  0.458234 -0.952768 0.000000
vt  0.396576 -0.478815 0.000000
vt  0.405252 -0.504622 0.000000
vt  0.413697 -0.529133 0.000000
vt  0.421216 -0.549402 0.000000
vt  0.427000 -0.563660 0.000000
vt  0.433131 -0.573441 0.000000
vt  0.389404 -0.504740 0.000000
vt  0.395419 -0.531136 0.000000
vt  0.401550 -0.554940 0.000000
vt  0.407335 -0.575209 0.000000
vt  0.384314 -0.478933 0.000000
vt  0.387437 -0.455130 0.000000
vt  0.375522 -0.559654 0.000000
vt  0.377836 -0.591706 0.000000
vt  0.395535 -0.609618 0.000000
vt  0.409995 -0.622344 0.000000
vt  0.395188 -0.641435 0.000000
vt  0.430008 -0.637546 0.000000
vt  0.416820 -0.588996 0.000000
vt  0.440998 -0.580393 0.000000
vt  0.427579 -0.598541 0.000000
vt  0.442502 -0.606200 0.000000
vt  0.451409 -0.585107 0.000000
vt  0.466216 -0.588996 0.000000
vt  0.463208 -0.609146 0.000000
vt  0.462052 -0.635543 0.000000
vt  0.466795 -0.661703 0.000000
vt  0.472116 -0.685742 0.000000
vt  0.478941 -0.711314 0.000000
vt  0.491319 -0.734528 0.000000
vt  0.490856 -0.761278 0.000000
vt  0.502540 -0.751379 0.000000
vt  0.511910 -0.721330 0.000000
vt  0.519314 -0.738063 0.000000
vt  0.539905 -0.722509 0.000000
vt  0.561422 -0.706364 0.000000
vt  0.534931 -0.707543 0.000000
vt  0.505085 -0.700001 0.000000
vt  0.499995 -0.677847 0.000000
vt  0.495252 -0.656754 0.000000
vt  0.490509 -0.634600 0.000000
vt  0.487617 -0.612092 0.000000
vt  0.487270 -0.593709 0.000000
vt  0.512489 -0.598894 0.000000
vt  0.538979 -0.604197 0.000000
vt  0.514455 -0.614685 0.000000
vt  0.518851 -0.632950 0.000000
vt  0.523941 -0.651569 0.000000
vt  0.528105 -0.670188 0.000000
vt  0.531345 -0.689160 0.000000
vt  0.557720 -0.694816 0.000000
vt  0.580972 -0.690456 0.000000
vt  0.594969 -0.673134 0.000000
vt  0.574494 -0.685860 0.000000
vt  0.579584 -0.673487 0.000000
vt  0.557141 -0.679733 0.000000
vt  0.556100 -0.662881 0.000000
vt  0.552399 -0.645913 0.000000
vt  0.546267 -0.630240 0.000000
vt  0.540483 -0.616335 0.000000
vt  0.563388 -0.610089 0.000000
vt  0.583285 -0.619870 0.000000
vt  0.559455 -0.617160 0.000000
vt  0.569288 -0.626233 0.000000
vt  0.578542 -0.640020 0.000000
vt  0.598092 -0.634364 0.000000
vt  0.602257 -0.653572 0.000000
vt  0.582244 -0.656989 0.000000
vt  0.918760 -0.089590 0.000000
vt  0.900598 -0.071678 0.000000
vt  0.905573 -0.095600 0.000000
vt  0.892385 -0.079220 0.000000
vt  0.898053 -0.099371 0.000000
vt  0.906382 -0.066847 0.000000
vt  0.926974 -0.115397 0.000000
vt  0.903028 -0.122467 0.000000
vt  0.932295 -0.142618 0.000000
vt  0.897012 -0.150160 0.000000
vt  0.935765 -0.169014 0.000000
vt  0.890187 -0.177027 0.000000
vt  0.938310 -0.192464 0.000000
vt  0.883940 -0.201538 0.000000
vt  0.940277 -0.210258 0.000000
vt  0.879313 -0.220746 0.000000
vt  0.941896 -0.221099 0.000000
vt  0.877115 -0.233355 0.000000
vt  0.943169 -0.228405 0.000000
vt  0.876768 -0.242546 0.000000
vt  0.944673 -0.235122 0.000000
vt  0.865316 -0.232883 0.000000
vt  0.869017 -0.217918 0.000000
vt  0.874801 -0.197178 0.000000
vt  0.882436 -0.172314 0.000000
vt  0.890418 -0.146389 0.000000
vt  0.869480 -0.163122 0.000000
vt  0.858837 -0.187986 0.000000
vt  0.849814 -0.210965 0.000000
vt  0.842526 -0.230762 0.000000
vt  0.864390 -0.244432 0.000000
vt  0.878735 -0.250913 0.000000
vt  0.882899 -0.259044 0.000000
vt  0.946639 -0.242193 0.000000
vt  0.890303 -0.269414 0.000000
vt  0.949878 -0.252563 0.000000
vt  0.902681 -0.284851 0.000000
vt  0.955778 -0.269414 0.000000
vt  0.918760 -0.304059 0.000000
vt  0.963644 -0.291568 0.000000
vt  0.936344 -0.325270 0.000000
vt  0.971858 -0.316668 0.000000
vt  0.953580 -0.347424 0.000000
vt  0.978683 -0.343417 0.000000
vt  0.967115 -0.370285 0.000000
vt  0.982385 -0.370049 0.000000
vt  0.948375 -0.350605 0.000000
vt  0.932064 -0.331515 0.000000
vt  0.913786 -0.311600 0.000000
vt  0.896318 -0.292628 0.000000
vt  0.882205 -0.276484 0.000000
vt  0.872488 -0.264582 0.000000
vt  0.866704 -0.254566 0.000000
vt  0.842179 -0.247495 0.000000
vt  0.808979 -0.226873 0.000000
vt  0.825984 -0.199417 0.000000
vt  0.840444 -0.174788 0.000000
vt  0.823208 -0.159940 0.000000
vt  0.805161 -0.182801 0.000000
vt  0.785958 -0.206134 0.000000
vt  0.784686 -0.164772 0.000000
vt  0.804930 -0.143914 0.000000
vt  0.841601 -0.136962 0.000000
vt  0.855483 -0.150395 0.000000
vt  0.880470 -0.139201 0.000000
vt  0.897012 -0.121760 0.000000
vt  0.888915 -0.121878 0.000000
vt  0.885675 -0.108798 0.000000
vt  0.870984 -0.127299 0.000000
vt  0.860110 -0.114336 0.000000
vt  0.845187 -0.101374 0.000000
vt  0.825290 -0.122703 0.000000
vt  0.787925 -0.128831 0.000000
vt  0.810136 -0.110683 0.000000
vt  0.830843 -0.092300 0.000000
vt  0.847269 -0.075331 0.000000
vt  0.863118 -0.080988 0.000000
vt  0.877925 -0.093950 0.000000
vt  0.875727 -0.064608 0.000000
vt  0.854904 -0.061780 0.000000
vt  0.833850 -0.073799 0.000000
vt  0.817886 -0.084523 0.000000
vt  0.795676 -0.098546 0.000000
vt  0.832925 -0.065786 0.000000
vt  0.809442 -0.075567 0.000000
vt  0.857681 -0.053767 0.000000
vt  0.882089 -0.055534 0.000000
vt  0.886023 -0.049171 0.000000
vt  0.861961 -0.039979 0.000000
vt  0.835239 -0.035266 0.000000
vt  0.831421 -0.059894 0.000000
vt  0.807591 -0.033498 0.000000
vt  0.804814 -0.069557 0.000000
vt  0.780984 -0.033498 0.000000
vt  0.779018 -0.079809 0.000000
vt  0.757501 -0.034205 0.000000
vt  0.755650 -0.089236 0.000000
vt  0.739570 -0.034559 0.000000
vt  0.737141 -0.096307 0.000000
vt  0.728696 -0.034441 0.000000
vt  0.724995 -0.100195 0.000000
vt  0.721293 -0.034087 0.000000
vt  0.715971 -0.101727 0.000000
vt  0.707295 -0.100902 0.000000
vt  0.714468 -0.033380 0.000000
vt  0.698735 -0.097839 0.000000
vt  0.707064 -0.032438 0.000000
vt  0.687514 -0.091829 0.000000
vt  0.696306 -0.030552 0.000000
vt  0.670624 -0.081577 0.000000
vt  0.678838 -0.026899 0.000000
vt  0.649455 -0.068143 0.000000
vt  0.655933 -0.022068 0.000000
vt  0.626087 -0.053531 0.000000
vt  0.629905 -0.017236 0.000000
vt  0.601910 -0.039390 0.000000
vt  0.602488 -0.013937 0.000000
vt  0.577386 -0.029020 0.000000
vt  0.575535 -0.013819 0.000000
vt  0.553324 -0.026545 0.000000
vt  0.550201 -0.018768 0.000000
vt  0.534468 -0.038094 0.000000
vt  0.528915 -0.031495 0.000000
vt  0.512489 -0.051410 0.000000
vt  0.525329 -0.060601 0.000000
vt  0.499648 -0.075213 0.000000
vt  0.523015 -0.087233 0.000000
vt  0.489352 -0.100785 0.000000
vt  0.523941 -0.115279 0.000000
vt  0.481139 -0.126002 0.000000
vt  0.525676 -0.142736 0.000000
vt  0.474429 -0.148392 0.000000
vt  0.527296 -0.167718 0.000000
vt  0.469108 -0.165361 0.000000
vt  0.528337 -0.187397 0.000000
vt  0.465638 -0.175731 0.000000
vt  0.528221 -0.200006 0.000000
vt  0.462977 -0.182566 0.000000
vt  0.526833 -0.209080 0.000000
vt  0.523478 -0.216975 0.000000
vt  0.460201 -0.188811 0.000000
vt  0.518041 -0.224163 0.000000
vt  0.456962 -0.195410 0.000000
vt  0.509018 -0.232883 0.000000
vt  0.451872 -0.205073 0.000000
vt  0.494327 -0.245728 0.000000
vt  0.443196 -0.220392 0.000000
vt  0.475471 -0.261636 0.000000
vt  0.431512 -0.240661 0.000000
vt  0.454764 -0.279312 0.000000
vt  0.419018 -0.263875 0.000000
vt  0.434404 -0.297931 0.000000
vt  0.407682 -0.288857 0.000000
vt  0.417630 -0.317846 0.000000
vt  0.399468 -0.314664 0.000000
vt  0.408376 -0.339646 0.000000
vt  0.396692 -0.340589 0.000000
vt  0.413350 -0.360622 0.000000
vt  0.402360 -0.364982 0.000000
vt  0.416011 -0.387254 0.000000
vt  0.431396 -0.376177 0.000000
vt  0.434404 -0.407051 0.000000
vt  0.455226 -0.386665 0.000000
vt  0.455458 -0.424727 0.000000
vt  0.481602 -0.394678 0.000000
vt  0.476627 -0.440282 0.000000
vt  0.507861 -0.401630 0.000000
vt  0.495830 -0.453598 0.000000
vt  0.531807 -0.407758 0.000000
vt  0.510291 -0.463732 0.000000
vt  0.550548 -0.412943 0.000000
vt  0.518967 -0.470213 0.000000
vt  0.562347 -0.417067 0.000000
vt  0.524751 -0.474691 0.000000
vt  0.570445 -0.421074 0.000000
vt  0.579352 -0.428969 0.000000
vt  0.532039 -0.481290 0.000000
vt  0.584442 -0.436393 0.000000
vt  0.537360 -0.486357 0.000000
vt  0.589995 -0.447706 0.000000
vt  0.544879 -0.494135 0.000000
vt  0.597630 -0.465499 0.000000
vt  0.556794 -0.507215 0.000000
vt  0.606884 -0.488478 0.000000
vt  0.572527 -0.524419 0.000000
vt  0.617180 -0.513578 0.000000
vt  0.590805 -0.543510 0.000000
vt  0.628517 -0.538678 0.000000
vt  0.611164 -0.562010 0.000000
vt  0.642167 -0.561068 0.000000
vt  0.633260 -0.577801 0.000000
vt  0.659982 -0.576740 0.000000
vt  0.657205 -0.588407 0.000000
vt  0.681498 -0.578862 0.000000
vt  0.682308 -0.590410 0.000000
vt  0.707527 -0.584282 0.000000
vt  0.701858 -0.566842 0.000000
vt  0.731935 -0.572852 0.000000
vt  0.719326 -0.547516 0.000000
vt  0.755187 -0.558240 0.000000
vt  0.735174 -0.524891 0.000000
vt  0.776473 -0.542803 0.000000
vt  0.749866 -0.502148 0.000000
vt  0.794982 -0.528662 0.000000
vt  0.763169 -0.481290 0.000000
vt  0.809095 -0.517938 0.000000
vt  0.774043 -0.465028 0.000000
vt  0.818002 -0.511575 0.000000
vt  0.781563 -0.455012 0.000000
vt  0.824133 -0.507568 0.000000
vt  0.787925 -0.448530 0.000000
vt  0.795329 -0.444170 0.000000
vt  0.829917 -0.504033 0.000000
vt  0.804120 -0.441696 0.000000
vt  0.836511 -0.500498 0.000000
vt  0.816614 -0.439928 0.000000
vt  0.846228 -0.495667 0.000000
vt  0.836280 -0.438278 0.000000
vt  0.862308 -0.488243 0.000000
vt  0.861267 -0.436629 0.000000
vt  0.883709 -0.478580 0.000000
vt  0.888799 -0.434743 0.000000
vt  0.907539 -0.467031 0.000000
vt  0.916678 -0.431915 0.000000
vt  0.931601 -0.453480 0.000000
vt  0.942822 -0.426023 0.000000
vt  0.953580 -0.437571 0.000000
vt  0.963876 -0.414003 0.000000
vt  0.971279 -0.418599 0.000000
vt  0.972783 -0.393735 0.000000
vt  0.980881 -0.395738 0.000000
vt  0.962256 -0.390553 0.000000
vt  0.958786 -0.370167 0.000000
vt  0.941087 -0.354023 0.000000
vt  0.926164 -0.342121 0.000000
vt  0.906035 -0.325506 0.000000
vt  0.885907 -0.307830 0.000000
vt  0.867861 -0.291096 0.000000
vt  0.852822 -0.276366 0.000000
vt  0.845303 -0.261518 0.000000
vt  0.824365 -0.294514 0.000000
vt  0.851318 -0.311718 0.000000
vt  0.875033 -0.327627 0.000000
vt  0.898979 -0.342946 0.000000
vt  0.922693 -0.356851 0.000000
vt  0.943632 -0.367103 0.000000
vt  0.943053 -0.383718 0.000000
vt  0.918413 -0.373231 0.000000
vt  0.892154 -0.360975 0.000000
vt  0.865894 -0.348366 0.000000
vt  0.839866 -0.335758 0.000000
vt  0.812565 -0.323149 0.000000
vt  0.794172 -0.293571 0.000000
vt  0.817077 -0.270474 0.000000
vt  0.812796 -0.251620 0.000000
vt  0.781678 -0.244314 0.000000
vt  0.789660 -0.262108 0.000000
vt  0.793825 -0.277191 0.000000
vt  0.779018 -0.281080 0.000000
vt  0.774969 -0.271888 0.000000
vt  0.766640 -0.257983 0.000000
vt  0.765830 -0.226284 0.000000
vt  0.746743 -0.209551 0.000000
vt  0.764095 -0.186926 0.000000
vt  0.765367 -0.146389 0.000000
vt  0.772424 -0.112333 0.000000
vt  0.761203 -0.097721 0.000000
vt  0.784802 -0.086880 0.000000
vt  0.741306 -0.106205 0.000000
vt  0.750791 -0.124353 0.000000
vt  0.740496 -0.166893 0.000000
vt  0.726730 -0.196235 0.000000
vt  0.715277 -0.212851 0.000000
vt  0.708105 -0.190579 0.000000
vt  0.700239 -0.206487 0.000000
vt  0.690637 -0.203777 0.000000
vt  0.691563 -0.214972 0.000000
vt  0.681730 -0.207430 0.000000
vt  0.705560 -0.223338 0.000000
vt  0.723838 -0.236183 0.000000
vt  0.734018 -0.224752 0.000000
vt  0.752411 -0.240896 0.000000
vt  0.742462 -0.252445 0.000000
vt  0.757617 -0.268942 0.000000
vt  0.767681 -0.281787 0.000000
vt  0.776473 -0.290507 0.000000
vt  0.770804 -0.303941 0.000000
vt  0.787694 -0.312543 0.000000
vt  0.802154 -0.347188 0.000000
vt  0.830149 -0.358265 0.000000
vt  0.857334 -0.368281 0.000000
vt  0.884519 -0.378534 0.000000
vt  0.911472 -0.389021 0.000000
vt  0.936112 -0.399509 0.000000
vt  0.954390 -0.408583 0.000000
vt  0.936922 -0.420131 0.000000
vt  0.924313 -0.411411 0.000000
vt  0.902449 -0.403280 0.000000
vt  0.912976 -0.418481 0.000000
vt  0.715393 -0.166304 0.000000
vt  0.875958 -0.395856 0.000000
vt  0.894120 -0.415889 0.000000
vt  0.915521 -0.426023 0.000000
vt  0.890303 -0.427437 0.000000
vt  0.863349 -0.427909 0.000000
vt  0.837552 -0.428380 0.000000
vt  0.816151 -0.429205 0.000000
vt  0.800881 -0.430383 0.000000
vt  0.789776 -0.433093 0.000000
vt  0.868208 -0.412825 0.000000
vt  0.841485 -0.410468 0.000000
vt  0.816961 -0.409054 0.000000
vt  0.796023 -0.408229 0.000000
vt  0.848426 -0.389139 0.000000
vt  0.820663 -0.383011 0.000000
vt  0.789545 -0.375352 0.000000
vt  0.780059 -0.412943 0.000000
vt  0.780868 -0.438396 0.000000
vt  0.773118 -0.446763 0.000000
vt  0.764789 -0.459490 0.000000
vt  0.753915 -0.477637 0.000000
vt  0.741190 -0.499673 0.000000
vt  0.728002 -0.522652 0.000000
vt  0.725689 -0.496609 0.000000
vt  0.736331 -0.472334 0.000000
vt  0.746627 -0.450416 0.000000
vt  0.755881 -0.431915 0.000000
vt  0.767681 -0.420249 0.000000
vt  0.730085 -0.410468 0.000000
vt  0.721987 -0.441107 0.000000
vt  0.714236 -0.468092 0.000000
vt  0.707064 -0.495077 0.000000
vt  0.716087 -0.520295 0.000000
vt  0.714815 -0.543510 0.000000
vt  0.699545 -0.558947 0.000000
vt  0.709378 -0.537735 0.000000
vt  0.697925 -0.543981 0.000000
vt  0.701164 -0.521473 0.000000
vt  0.684390 -0.522416 0.000000
vt  0.681961 -0.548341 0.000000
vt  0.681383 -0.568138 0.000000
vt  0.662064 -0.566253 0.000000
vt  0.645869 -0.553762 0.000000
vt  0.664956 -0.546691 0.000000
vt  0.650265 -0.539385 0.000000
vt  0.667385 -0.520649 0.000000
vt  0.651074 -0.516642 0.000000
vt  0.640085 -0.531018 0.000000
vt  0.633722 -0.535732 0.000000
vt  0.624583 -0.512753 0.000000
vt  0.615792 -0.487771 0.000000
vt  0.607347 -0.463732 0.000000
vt  0.599943 -0.443935 0.000000
vt  0.594159 -0.429912 0.000000
vt  0.631524 -0.487653 0.000000
vt  0.625509 -0.461846 0.000000
vt  0.619262 -0.438396 0.000000
vt  0.636730 -0.512635 0.000000
vt  0.650033 -0.489657 0.000000
vt  0.669005 -0.492367 0.000000
vt  0.687861 -0.494135 0.000000
vt  0.691794 -0.465735 0.000000
vt  0.647835 -0.461846 0.000000
vt  0.645059 -0.433918 0.000000
vt  0.642630 -0.402337 0.000000
vt  0.613478 -0.418599 0.000000
vt  0.588028 -0.420367 0.000000
vt  0.670277 -0.463850 0.000000
vt  0.603992 -0.405048 0.000000
vt  0.625046 -0.384661 0.000000
vt  0.662411 -0.375941 0.000000
vt  0.673285 -0.405637 0.000000
vt  0.671434 -0.435332 0.000000
vt  0.695843 -0.437571 0.000000
vt  0.699313 -0.408111 0.000000
vt  0.700470 -0.384426 0.000000
vt  0.718285 -0.382422 0.000000
vt  0.701164 -0.369696 0.000000
vt  0.682655 -0.382069 0.000000
vt  0.750676 -0.396327 0.000000
vt  0.767102 -0.386547 0.000000
vt  0.765946 -0.350370 0.000000
vt  0.778323 -0.331515 0.000000
vt  0.762128 -0.319496 0.000000
vt  0.750329 -0.335168 0.000000
vt  0.750213 -0.363921 0.000000
vt  0.734596 -0.374291 0.000000
vt  0.722681 -0.359090 0.000000
vt  0.736563 -0.348720 0.000000
vt  0.724648 -0.338350 0.000000
vt  0.738182 -0.324327 0.000000
vt  0.750444 -0.308890 0.000000
vt  0.760277 -0.294160 0.000000
vt  0.748478 -0.281433 0.000000
vt  0.732051 -0.265054 0.000000
vt  0.712848 -0.248085 0.000000
vt  0.719789 -0.279784 0.000000
vt  0.737257 -0.296163 0.000000
vt  0.724185 -0.311954 0.000000
vt  0.710303 -0.326920 0.000000
vt  0.697115 -0.339882 0.000000
vt  0.691794 -0.311718 0.000000
vt  0.711460 -0.349898 0.000000
vt  0.700123 -0.358619 0.000000
vt  0.710303 -0.366160 0.000000
vt  0.691216 -0.366867 0.000000
vt  0.675946 -0.360504 0.000000
vt  0.685894 -0.350370 0.000000
vt  0.667617 -0.337761 0.000000
vt  0.678722 -0.325859 0.000000
vt  0.659519 -0.309008 0.000000
vt  0.657321 -0.349074 0.000000
vt  0.643786 -0.363568 0.000000
vt  0.639391 -0.333283 0.000000
vt  0.649224 -0.321617 0.000000
vt  0.608272 -0.370049 0.000000
vt  0.626666 -0.348602 0.000000
vt  0.625509 -0.316314 0.000000
vt  0.611974 -0.331751 0.000000
vt  0.634301 -0.305119 0.000000
vt  0.624236 -0.292157 0.000000
vt  0.617296 -0.302055 0.000000
vt  0.613131 -0.292510 0.000000
vt  0.603298 -0.312543 0.000000
vt  0.643208 -0.292628 0.000000
vt  0.671781 -0.294278 0.000000
vt  0.685663 -0.278134 0.000000
vt  0.705907 -0.295928 0.000000
vt  0.699776 -0.262343 0.000000
vt  0.694339 -0.234062 0.000000
vt  0.680226 -0.224045 0.000000
vt  0.669121 -0.214854 0.000000
vt  0.666923 -0.235711 0.000000
vt  0.681151 -0.247024 0.000000
vt  0.667270 -0.262108 0.000000
vt  0.654313 -0.277898 0.000000
vt  0.641010 -0.265171 0.000000
vt  0.653272 -0.249852 0.000000
vt  0.640894 -0.239247 0.000000
vt  0.654892 -0.225577 0.000000
vt  0.640779 -0.211083 0.000000
vt  0.658362 -0.199181 0.000000
vt  0.676293 -0.190343 0.000000
vt  0.692604 -0.188576 0.000000
vt  0.696190 -0.164536 0.000000
vt  0.715624 -0.136726 0.000000
vt  0.732167 -0.134133 0.000000
vt  0.726961 -0.111862 0.000000
vt  0.715740 -0.114218 0.000000
vt  0.705329 -0.113276 0.000000
vt  0.701280 -0.135430 0.000000
vt  0.671434 -0.160530 0.000000
vt  0.694686 -0.108916 0.000000
vt  0.685547 -0.129891 0.000000
vt  0.669005 -0.116929 0.000000
vt  0.650727 -0.136019 0.000000
vt  0.650149 -0.101256 0.000000
vt  0.681614 -0.100902 0.000000
vt  0.663799 -0.088883 0.000000
vt  0.642630 -0.074153 0.000000
vt  0.620535 -0.058598 0.000000
vt  0.629789 -0.083698 0.000000
vt  0.631871 -0.114690 0.000000
vt  0.599365 -0.045046 0.000000
vt  0.610702 -0.065904 0.000000
vt  0.613594 -0.093007 0.000000
vt  0.578658 -0.037269 0.000000
vt  0.597051 -0.052706 0.000000
vt  0.583748 -0.051763 0.000000
vt  0.596589 -0.071207 0.000000
vt  0.580972 -0.077570 0.000000
vt  0.596473 -0.102081 0.000000
vt  0.612553 -0.126474 0.000000
vt  0.628517 -0.150631 0.000000
vt  0.644596 -0.175967 0.000000
vt  0.622038 -0.189518 0.000000
vt  0.607463 -0.163240 0.000000
vt  0.593928 -0.137551 0.000000
vt  0.580162 -0.111979 0.000000
vt  0.566165 -0.086644 0.000000
vt  0.567321 -0.054709 0.000000
vt  0.557836 -0.036562 0.000000
vt  0.541062 -0.046814 0.000000
vt  0.531923 -0.065551 0.000000
vt  0.552514 -0.063665 0.000000
vt  0.542334 -0.076863 0.000000
vt  0.553208 -0.097485 0.000000
vt  0.536897 -0.089119 0.000000
vt  0.529031 -0.087587 0.000000
vt  0.530998 -0.112687 0.000000
vt  0.534005 -0.139436 0.000000
vt  0.537013 -0.165125 0.000000
vt  0.538864 -0.186454 0.000000
vt  0.539789 -0.201656 0.000000
vt  0.538632 -0.213086 0.000000
vt  0.548350 -0.132719 0.000000
vt  0.554134 -0.158880 0.000000
vt  0.558877 -0.183037 0.000000
vt  0.562347 -0.203541 0.000000
vt  0.541987 -0.107502 0.000000
vt  0.564198 -0.122703 0.000000
vt  0.574494 -0.149217 0.000000
vt  0.584211 -0.175967 0.000000
vt  0.595895 -0.205780 0.000000
vt  0.559802 -0.220039 0.000000
vt  0.534584 -0.222631 0.000000
vt  0.527296 -0.231469 0.000000
vt  0.515728 -0.241250 0.000000
vt  0.499185 -0.254566 0.000000
vt  0.478941 -0.270003 0.000000
vt  0.457887 -0.286147 0.000000
vt  0.484147 -0.284969 0.000000
vt  0.506705 -0.271181 0.000000
vt  0.527064 -0.258101 0.000000
vt  0.544301 -0.246435 0.000000
vt  0.554249 -0.233237 0.000000
vt  0.568825 -0.269296 0.000000
vt  0.539558 -0.281316 0.000000
vt  0.513877 -0.292510 0.000000
vt  0.487964 -0.303116 0.000000
vt  0.461820 -0.297578 0.000000
vt  0.438915 -0.301938 0.000000
vt  0.425612 -0.319142 0.000000
vt  0.445394 -0.306533 0.000000
vt  0.440766 -0.318789 0.000000
vt  0.462630 -0.312543 0.000000
vt  0.464018 -0.329159 0.000000
vt  0.491435 -0.322088 0.000000
vt  0.519082 -0.314429 0.000000
vt  0.546499 -0.306769 0.000000
vt  0.575303 -0.299463 0.000000
vt  0.581203 -0.324916 0.000000
vt  0.552051 -0.330691 0.000000
vt  0.523941 -0.335522 0.000000
vt  0.495715 -0.340471 0.000000
vt  0.467951 -0.345892 0.000000
vt  0.438568 -0.335051 0.000000
vt  0.419018 -0.338350 0.000000
vt  0.423414 -0.357204 0.000000
vt  0.437990 -0.371463 0.000000
vt  0.442502 -0.351666 0.000000
vt  0.451640 -0.365335 0.000000
vt  0.474082 -0.361447 0.000000
vt  0.461358 -0.374291 0.000000
vt  0.457540 -0.381126 0.000000
vt  0.481486 -0.387254 0.000000
vt  0.507399 -0.392674 0.000000
vt  0.532270 -0.397859 0.000000
vt  0.552861 -0.402691 0.000000
vt  0.567553 -0.406579 0.000000
vt  0.577848 -0.411411 0.000000
vt  0.590920 -0.393499 0.000000
vt  0.588491 -0.354848 0.000000
vt  0.576229 -0.385957 0.000000
vt  0.555753 -0.382776 0.000000
vt  0.531807 -0.379712 0.000000
vt  0.556910 -0.356615 0.000000
vt  0.598555 -0.295221 0.000000
vt  0.598208 -0.277309 0.000000
vt  0.615445 -0.283083 0.000000
vt  0.620766 -0.269767 0.000000
vt  0.631409 -0.279784 0.000000
vt  0.629211 -0.254684 0.000000
vt  0.612437 -0.243253 0.000000
vt  0.604224 -0.259987 0.000000
vt  0.580162 -0.247024 0.000000
vt  0.587681 -0.229466 0.000000
vt  0.623774 -0.225813 0.000000
vt  0.500920 -0.358972 0.000000
vt  0.479982 -0.375234 0.000000
vt  0.505432 -0.377002 0.000000
vt  0.528800 -0.357440 0.000000

vn  0.288586 0.957454 0.000000
vn  -0.288561 0.957454 -0.003762
vn  0.233512 0.863465 0.447101
vn  -0.236842 0.863465 0.445346
vn  -0.099721 0.611214 0.785158
vn  -0.550600 0.745382 0.375827
vn  -0.305810 0.645202 0.700139
vn  -0.656799 0.754056 -0.003772
vn  -0.796776 0.604274 0.000000
vn  0.656810 0.754056 0.000000
vn  0.550600 0.745382 0.375827
vn  0.796776 0.604274 0.000000
vn  0.725842 0.624953 0.287381
vn  0.862361 0.506293 0.000000
vn  0.812753 0.525011 0.252580
vn  0.893669 0.448727 0.000000
vn  0.846657 0.471999 0.245741
vn  0.906973 0.421188 0.000000
vn  0.863288 0.444818 0.238476
vn  0.901375 0.433040 0.000000
vn  0.861234 0.452627 0.231092
vn  0.853381 0.521287 0.000000
vn  0.814374 0.532428 0.230902
vn  0.707879 0.706334 0.000000
vn  0.682502 0.693855 0.229687
vn  0.468503 0.852240 0.232791
vn  0.470072 0.882628 0.000000
vn  0.271225 0.934957 0.228677
vn  0.246489 0.969146 0.000000
vn  0.170562 0.956184 0.237951
vn  0.139365 0.990241 0.000000
vn  0.158173 0.957454 0.241377
vn  0.126374 0.991983 0.000000
vn  0.192139 0.949560 0.247827
vn  0.152333 0.988329 0.000000
vn  0.251070 0.933398 0.256384
vn  0.212468 0.977168 0.000000
vn  0.372244 0.884674 0.280690
vn  0.330132 0.943935 0.000000
vn  0.538807 0.754056 0.375614
vn  0.515683 0.856780 0.000000
vn  0.754650 0.487334 0.439328
vn  0.824889 0.565295 0.000000
vn  0.898605 0.032765 0.437533
vn  0.999979 0.006554 0.000000
vn  0.915958 -0.401274 -0.000000
vn  0.877708 -0.307354 0.367644
vn  0.817408 -0.576059 -0.000000
vn  0.817427 -0.506293 0.274736
vn  0.743924 -0.668264 -0.000000
vn  0.746917 -0.618107 0.245070
vn  0.698559 -0.715552 -0.000000
vn  0.708033 -0.665007 0.237602
vn  0.676351 -0.736580 -0.000000
vn  0.685494 -0.690702 0.230282
vn  0.682761 -0.730641 -0.000000
vn  0.688719 -0.687535 0.230132
vn  0.755489 -0.655161 -0.000000
vn  0.753669 -0.618107 0.223444
vn  0.887710 -0.460402 -0.000000
vn  0.871065 -0.436974 0.224275
vn  0.957605 -0.180338 0.224656
vn  0.985143 -0.171735 -0.000000
vn  0.973774 0.037131 0.224469
vn  0.997707 0.067674 0.000000
vn  0.964145 0.141528 0.224484
vn  0.984383 0.176038 0.000000
vn  0.961100 0.150174 0.231807
vn  0.981156 0.193215 0.000000
vn  0.963522 0.119869 0.239282
vn  0.986606 0.163120 0.000000
vn  0.969184 0.058953 0.239181
vn  0.994733 0.102500 0.000000
vn  0.962598 -0.072033 0.261184
vn  0.999807 -0.019661 -0.000000
vn  0.896970 -0.273910 0.347012
vn  0.974789 -0.223129 -0.000000
vn  0.709439 -0.572482 0.411048
vn  0.796776 -0.604274 -0.000000
vn  0.316204 -0.854518 0.412085
vn  0.321870 -0.946784 -0.000000
vn  -0.095903 -0.995383 0.003816
vn  -0.020751 -0.939526 0.341847
vn  -0.292742 -0.956184 0.003785
vn  -0.228515 -0.938021 0.260571
vn  -0.403257 -0.915079 -0.003782
vn  -0.358387 -0.904194 0.232364
vn  -0.462341 -0.886702 -0.000000
vn  -0.415946 -0.878487 0.235053
vn  -0.489226 -0.872149 -0.003776
vn  -0.446750 -0.865661 0.225933
vn  -0.477752 -0.878487 -0.003781
vn  -0.436002 -0.872149 0.221942
vn  -0.375102 -0.926984 -0.000000
vn  -0.341496 -0.913308 0.221920
vn  -0.143641 -0.989623 -0.003793
vn  -0.129649 -0.966955 0.219521
vn  0.129649 -0.966955 0.219521
vn  0.143691 -0.989623 -0.000000
vn  0.341496 -0.913308 0.221920
vn  0.375102 -0.926984 -0.000000
vn  0.437702 -0.872149 0.218570
vn  0.477767 -0.878487 -0.000000
vn  0.446750 -0.865661 0.225933
vn  0.489241 -0.872149 -0.000000
vn  0.417793 -0.878487 0.231754
vn  0.462341 -0.886702 -0.000000
vn  0.356317 -0.904194 0.235526
vn  0.403274 -0.915079 -0.000000
vn  0.228515 -0.938021 0.260571
vn  0.292766 -0.956184 -0.000000
vn  0.016981 -0.939526 0.342055
vn  0.095979 -0.995383 -0.000000
vn  -0.316204 -0.854518 0.412085
vn  -0.321848 -0.946784 -0.003787
vn  -0.709439 -0.572482 0.411048
vn  -0.796768 -0.604274 -0.003776
vn  -0.974782 -0.223129 0.003776
vn  -0.896970 -0.273910 0.347012
vn  -0.999807 -0.019661 -0.000000
vn  -0.962598 -0.072033 0.261184
vn  -0.994733 0.102500 0.000000
vn  -0.968272 0.058953 0.242844
vn  -0.986599 0.163120 0.003775
vn  -0.963522 0.119869 0.239282
vn  -0.981149 0.193215 -0.003773
vn  -0.960208 0.150174 0.235474
vn  -0.984376 0.176038 -0.003776
vn  -0.964145 0.141528 0.224484
vn  -0.997707 0.067674 0.000000
vn  -0.973774 0.037131 0.224469
vn  -0.985143 -0.171735 -0.000000
vn  -0.800798 0.019661 0.598612
vn  -0.796315 0.015292 0.604689
vn  -0.796315 -0.015292 0.604689
vn  -0.801139 -0.063314 0.595119
vn  -0.510074 -0.193215 0.838148
vn  -0.506668 -0.158808 0.847389
vn  -0.495567 -0.132872 0.858347
vn  -0.801553 -0.054590 0.595427
vn  -0.957605 -0.180338 0.224656
vn  -0.871065 -0.436974 0.224275
vn  -0.887710 -0.460402 -0.000000
vn  -0.753669 -0.618107 0.223444
vn  -0.755489 -0.655161 -0.000000
vn  -0.688719 -0.687535 0.230132
vn  -0.682761 -0.730641 -0.000000
vn  -0.684281 -0.690702 0.233862
vn  -0.676351 -0.736580 -0.000000
vn  -0.706822 -0.665007 0.241180
vn  -0.698549 -0.715552 -0.003777
vn  -0.746917 -0.618107 0.245070
vn  -0.743914 -0.668264 -0.003776
vn  -0.816216 -0.506293 0.278315
vn  -0.817408 -0.576059 -0.000000
vn  -0.877708 -0.307354 0.367644
vn  -0.915958 -0.401274 -0.000000
vn  -0.898605 0.032765 0.437533
vn  -0.999979 0.006554 0.000000
vn  -0.756541 0.487334 0.436063
vn  -0.824880 0.565295 -0.003772
vn  -0.515683 0.856780 0.000000
vn  -0.540956 0.754056 0.372513
vn  -0.330132 0.943935 0.000000
vn  -0.369965 0.884674 0.283687
vn  -0.212468 0.977168 0.000000
vn  -0.251070 0.933398 0.256384
vn  -0.152333 0.988329 0.000000
vn  -0.192139 0.949560 0.247827
vn  -0.126319 0.991983 -0.003710
vn  -0.161306 0.957454 0.239295
vn  -0.139315 0.990241 -0.003742
vn  -0.173599 0.956184 0.235745
vn  -0.246489 0.969146 0.000000
vn  -0.271225 0.934957 0.228677
vn  -0.470072 0.882628 0.000000
vn  -0.240923 0.756919 0.607478
vn  -0.246500 0.751179 0.612346
vn  -0.276193 0.739528 0.613853
vn  -0.318776 0.727651 0.607376
vn  -0.350831 0.417221 0.838358
vn  -0.319445 0.421188 0.848856
vn  -0.292579 0.425147 0.856533
vn  -0.305041 0.736580 0.603656
vn  -0.468503 0.852240 0.232791
vn  -0.682502 0.693855 0.229687
vn  -0.707879 0.706334 0.000000
vn  -0.815394 0.532428 0.227271
vn  -0.853373 0.521287 -0.003771
vn  -0.860250 0.452627 0.234732
vn  -0.901367 0.433040 -0.003771
vn  -0.863288 0.444818 0.238476
vn  -0.906966 0.421188 -0.003774
vn  -0.846657 0.471999 0.245741
vn  -0.893669 0.448727 0.000000
vn  -0.811625 0.525011 0.256179
vn  -0.862361 0.506293 0.000000
vn  -0.725842 0.624953 0.287381
vn  -0.498491 0.607750 0.618180
vn  -0.594157 0.528725 0.606158
vn  -0.624751 0.487334 0.610076
vn  -0.648042 0.460402 0.606689
vn  -0.655859 0.456519 0.601198
vn  -0.619048 0.506293 0.600372
vn  -0.533787 0.600787 0.595085
vn  -0.427280 0.681163 0.594515
vn  -0.294678 0.405272 0.865401
vn  -0.277167 0.206059 0.938466
vn  -0.314993 0.210333 0.925494
vn  -0.359337 0.214603 0.908197
vn  -0.402844 0.218868 0.888714
vn  -0.392130 0.417221 0.819854
vn  -0.423748 0.661738 0.618499
vn  -0.519611 0.491145 0.699129
vn  -0.445665 0.417221 0.792029
vn  -0.493794 0.303193 0.815010
vn  -0.436918 0.218868 0.872468
vn  -0.462141 0.167429 0.870858
vn  -0.420394 0.154492 0.894092
vn  -0.382073 0.145852 0.912550
vn  -0.338396 0.132872 0.931575
vn  -0.301037 0.119869 0.946049
vn  -0.313650 0.050227 0.948209
vn  -0.358024 0.072032 0.930930
vn  -0.394462 0.093804 0.914112
vn  -0.432408 0.111189 0.894796
vn  -0.469462 0.128540 0.873546
vn  -0.517302 0.206059 0.830625
vn  -0.555184 0.286493 0.780828
vn  -0.620806 0.085100 0.779332
vn  -0.711343 -0.102500 0.695331
vn  -0.540912 0.128540 0.831199
vn  -0.580029 0.037131 0.813749
vn  -0.314207 0.413246 0.854694
vn  -0.736892 -0.299027 0.606278
vn  -0.608922 -0.085100 0.788652
vn  -0.481164 0.072032 0.873666
vn  -0.688874 -0.413246 0.595551
vn  -0.652695 -0.456519 0.604631
vn  -0.634773 -0.483514 0.602725
vn  -0.634760 -0.494946 0.593386
vn  -0.675285 -0.440900 0.591268
vn  -0.739568 -0.328069 0.587716
vn  -0.786382 -0.188926 0.588142
vn  -0.479313 -0.145853 0.865440
vn  -0.281102 -0.188926 0.940898
vn  -0.299071 -0.223130 0.927777
vn  -0.315114 -0.265495 0.911162
vn  -0.329129 -0.299027 0.895688
vn  -0.525612 -0.227387 0.819773
vn  -0.781835 -0.188926 0.594172
vn  -0.652745 -0.340423 0.676783
vn  -0.543523 -0.282304 0.790498
vn  -0.448559 -0.373076 0.812164
vn  -0.346401 -0.336311 0.875729
vn  -0.298375 -0.377126 0.876783
vn  -0.279040 -0.340423 0.897914
vn  -0.253575 -0.307354 0.917188
vn  -0.230024 -0.269705 0.935066
vn  -0.215190 -0.235888 0.947655
vn  -0.157908 -0.273910 0.948703
vn  -0.185676 -0.303194 0.934665
vn  -0.209559 -0.336311 0.918139
vn  -0.240663 -0.364954 0.899383
vn  -0.269896 -0.397268 0.877117
vn  -0.361415 -0.421188 0.831854
vn  -0.469608 -0.452627 0.758021
vn  -0.282978 -0.590257 0.755990
vn  -0.120213 -0.730641 0.672095
vn  -0.288962 -0.475846 0.830705
vn  -0.212998 -0.543478 0.811950
vn  -0.488937 -0.163120 0.856932
vn  0.066008 -0.803330 0.591865
vn  -0.098030 -0.607750 0.788055
vn  -0.218844 -0.429097 0.876346
vn  0.193350 -0.787443 0.585278
vn  0.234438 -0.765420 0.599309
vn  0.269600 -0.756919 0.595306
vn  0.269600 -0.756919 0.595306
vn  0.202252 -0.779295 0.593121
vn  0.069780 -0.808503 0.584340
vn  -0.073533 -0.808503 0.583880
vn  -0.205825 -0.779295 0.591891
vn  -0.273040 -0.756919 0.593736
vn  -0.266151 -0.756919 0.596856
vn  -0.237953 -0.765420 0.597922
vn  -0.193350 -0.787443 0.585278
vn  0.022667 -0.547141 0.836734
vn  -0.003777 -0.528725 0.848785
vn  -0.033964 -0.513810 0.857231
vn  -0.016998 -0.502521 0.864398
vn  0.000000 -0.517554 0.855651
vn  0.090520 -0.319801 0.943151
vn  0.120466 -0.348627 0.929488
vn  0.155869 -0.377126 0.912952
vn  0.209559 -0.336311 0.918139
vn  0.181972 -0.303194 0.935393
vn  0.157908 -0.273910 0.948703
vn  0.233690 -0.269705 0.934156
vn  0.253575 -0.307354 0.917188
vn  0.237016 -0.364954 0.900351
vn  0.183784 -0.401274 0.897331
vn  0.052846 -0.568894 0.820711
vn  -0.062250 -0.803330 0.592272
vn  0.120213 -0.730641 0.672095
vn  0.098030 -0.607750 0.788055
vn  0.212998 -0.543478 0.811950
vn  0.215176 -0.429097 0.877254
vn  0.266282 -0.397268 0.878221
vn  0.279040 -0.340423 0.897914
vn  0.315114 -0.265495 0.911162
vn  0.295475 -0.223130 0.928928
vn  0.211509 -0.235888 0.948484
vn  0.189568 -0.210333 0.959075
vn  0.142904 -0.240131 0.960164
vn  0.090495 -0.257060 0.962149
vn  0.028320 -0.323938 0.945654
vn  0.000000 -0.517554 0.855651
vn  0.013221 -0.502521 0.864464
vn  0.033964 -0.513810 0.857231
vn  0.003777 -0.528725 0.848785
vn  -0.022667 -0.547141 0.836734
vn  -0.052846 -0.568894 0.820711
vn  -0.183784 -0.401274 0.897331
vn  -0.152147 -0.377126 0.913579
vn  -0.120466 -0.348627 0.929488
vn  -0.090520 -0.319801 0.943151
vn  -0.090495 -0.257060 0.962149
vn  -0.032095 -0.323938 0.945534
vn  -0.032094 -0.261280 0.964729
vn  0.028319 -0.261280 0.964848
vn  0.084892 -0.210333 0.973937
vn  0.032075 -0.214603 0.976175
vn  -0.028302 -0.214603 0.976291
vn  -0.081128 -0.210333 0.974258
vn  -0.142904 -0.240131 0.960164
vn  -0.193273 -0.210333 0.958335
vn  -0.224468 -0.171735 0.959229
vn  -0.169010 -0.184634 0.968166
vn  -0.127955 -0.197500 0.971916
vn  -0.131766 -0.154492 0.979168
vn  -0.183945 -0.154492 0.970720
vn  -0.196790 -0.115530 0.973615
vn  -0.242814 -0.124206 0.962088
vn  -0.304658 -0.137202 0.942528
vn  -0.490391 -0.171735 0.854414
vn  -0.472443 -0.176038 0.863602
vn  -0.482250 -0.188926 0.855419
vn  -0.503427 -0.171735 0.846799
vn  -0.531244 -0.145853 0.834570
vn  -0.564447 -0.119869 0.816720
vn  -0.452913 0.050227 0.890139
vn  -0.417167 0.024029 0.908512
vn  -0.382683 -0.002185 0.923877
vn  -0.340305 -0.028397 0.939886
vn  -0.268501 -0.015292 0.963158
vn  -0.324367 -0.085100 0.942096
vn  -0.257539 -0.072033 0.963579
vn  -0.206204 -0.067674 0.976166
vn  -0.217217 -0.019661 0.975925
vn  -0.268301 0.041497 0.962441
vn  -0.253808 0.102500 0.961808
vn  -0.242924 0.154492 0.957664
vn  -0.235466 0.248605 0.939548
vn  -0.314207 0.413246 0.854694
vn  -0.312291 0.401274 0.861077
vn  -0.330142 0.405272 0.852502
vn  -0.315699 0.436974 0.842251
vn  -0.295917 0.468142 0.832632
vn  -0.281475 0.502521 0.817463
vn  -0.261504 0.550793 0.792618
vn  -0.137045 0.565295 0.813425
vn  -0.077254 0.487334 0.869792
vn  -0.043367 0.554434 0.831097
vn  -0.022620 0.494946 0.868629
vn  -0.092208 0.452627 0.886920
vn  -0.101689 0.413246 0.904924
vn  -0.024504 0.452627 0.891363
vn  0.022620 0.494946 0.868629
vn  0.039599 0.554434 0.831285
vn  0.095977 0.611214 0.785625
vn  0.302354 0.645202 0.701639
vn  0.140763 0.565295 0.812790
vn  0.081012 0.487334 0.869450
vn  0.095957 0.452627 0.886522
vn  0.020735 0.452627 0.891459
vn  0.101689 0.413246 0.904924
vn  0.026415 0.413246 0.910236
vn  -0.026415 0.413246 0.910236
vn  -0.116637 0.369018 0.922075
vn  -0.131642 0.315658 0.939697
vn  -0.183675 0.286493 0.940311
vn  -0.152150 0.227386 0.961845
vn  -0.202340 0.197500 0.959194
vn  -0.178341 0.163120 0.970354
vn  -0.144848 0.176038 0.973668
vn  -0.096053 0.193215 0.976443
vn  -0.146644 0.124206 0.981360
vn  -0.193240 0.128540 0.972695
vn  -0.208019 0.085100 0.974416
vn  -0.217142 0.032765 0.975590
vn  -0.157841 0.032765 0.986921
vn  -0.154060 0.080746 0.984757
vn  -0.096135 0.085100 0.991724
vn  -0.096034 0.137202 0.985877
vn  0.265084 0.550793 0.791428
vn  -0.103635 0.252835 0.961943
vn  -0.037708 0.261280 0.964526
vn  -0.032085 0.201782 0.978905
vn  0.035859 0.201782 0.978774
vn  -0.030170 0.145852 0.988846
vn  0.030170 0.145852 0.988846
vn  0.032077 0.089453 0.995474
vn  -0.035849 0.089453 0.995346
vn  -0.037730 0.032765 0.998751
vn  -0.105473 0.032765 0.993882
vn  -0.105499 -0.024029 0.994129
vn  -0.157880 -0.024029 0.987166
vn  -0.154163 -0.072033 0.985416
vn  -0.144756 -0.115530 0.982700
vn  -0.094206 -0.124206 0.987774
vn  -0.082998 -0.167429 0.982384
vn  -0.030190 -0.171735 0.984680
vn  0.030190 -0.171735 0.984680
vn  0.082998 -0.167429 0.982384
vn  0.131766 -0.154492 0.979168
vn  0.094206 -0.124206 0.987774
vn  0.032094 -0.128540 0.991185
vn  -0.035868 -0.128540 0.991055
vn  -0.035876 -0.080746 0.996089
vn  -0.101720 -0.076390 0.991876
vn  0.032101 -0.080746 0.996218
vn  0.037740 -0.024029 0.998999
vn  -0.037740 -0.024029 0.998999
vn  0.101720 -0.076390 0.991876
vn  0.105499 -0.024029 0.994129
vn  0.037730 0.032765 0.998751
vn  0.099892 0.085100 0.991352
vn  0.105473 0.032765 0.993882
vn  0.157841 0.032765 0.986921
vn  0.157880 -0.024029 0.987166
vn  0.154163 -0.072033 0.985416
vn  0.148488 -0.115530 0.982143
vn  0.193090 -0.115530 0.974356
vn  0.206204 -0.067674 0.976166
vn  0.217217 -0.019661 0.975925
vn  0.217142 0.032765 0.975590
vn  0.204325 0.085100 0.975197
vn  0.268301 0.041497 0.962441
vn  0.154060 0.080746 0.984757
vn  0.146644 0.124206 0.981360
vn  0.092279 0.137202 0.986235
vn  0.092297 0.193215 0.976806
vn  0.037708 0.261280 0.964526
vn  -0.041494 0.315658 0.947965
vn  -0.032073 0.364954 0.930473
vn  0.035845 0.364954 0.930335
vn  0.041494 0.315658 0.947965
vn  0.099880 0.252835 0.962340
vn  0.155875 0.227386 0.961248
vn  0.141112 0.176038 0.974217
vn  0.182052 0.163120 0.969664
vn  0.196943 0.128540 0.971952
vn  0.242924 0.154492 0.957664
vn  0.253808 0.102500 0.961808
vn  0.301037 0.119869 0.946049
vn  0.317232 0.050227 0.947017
vn  0.268501 -0.015292 0.963158
vn  0.257539 -0.072033 0.963579
vn  0.242814 -0.124206 0.962088
vn  0.304658 -0.137202 0.942528
vn  0.320795 -0.085100 0.943318
vn  0.340305 -0.028397 0.939886
vn  0.490391 -0.171735 0.854414
vn  0.492213 -0.163120 0.855055
vn  0.277482 -0.188926 0.941972
vn  0.482613 -0.145853 0.863604
vn  0.784114 -0.188926 0.591161
vn  0.739568 -0.328069 0.587716
vn  0.475752 -0.176038 0.861784
vn  0.224468 -0.171735 0.959229
vn  0.183945 -0.154492 0.970720
vn  0.169010 -0.184634 0.968166
vn  0.127955 -0.197500 0.971916
vn  0.498832 -0.132872 0.856453
vn  0.506668 -0.158808 0.847389
vn  0.510074 -0.193215 0.838148
vn  0.329129 -0.299027 0.895688
vn  0.301945 -0.377126 0.875560
vn  0.346401 -0.336311 0.875729
vn  0.525612 -0.227387 0.819773
vn  0.543523 -0.282304 0.790498
vn  0.448559 -0.373076 0.812164
vn  0.364873 -0.421188 0.830343
vn  0.652745 -0.340423 0.676783
vn  0.779545 -0.188926 0.597174
vn  0.803383 -0.063314 0.592087
vn  0.796315 -0.015292 0.604689
vn  0.796315 0.015292 0.604689
vn  0.800798 0.019661 0.598612
vn  0.799296 -0.054590 0.598453
vn  0.469608 -0.452627 0.758021
vn  0.288962 -0.475846 0.830705
vn  0.286514 -0.590257 0.754656
vn  0.596845 0.528725 0.603512
vn  0.622108 0.487334 0.612770
vn  0.645457 0.460402 0.609438
vn  0.653305 0.456519 0.603973
vn  0.619048 0.506293 0.600372
vn  0.533787 0.600787 0.595085
vn  0.295917 0.468142 0.832632
vn  0.312164 0.436974 0.843568
vn  0.326620 0.405272 0.853858
vn  0.315834 0.401274 0.859784
vn  0.281475 0.502521 0.817463
vn  0.498491 0.607750 0.618180
vn  0.116637 0.369018 0.922075
vn  0.131642 0.315658 0.939697
vn  0.183675 0.286493 0.940311
vn  0.235466 0.248605 0.939548
vn  0.202340 0.197500 0.959194
vn  0.280782 0.206059 0.937391
vn  0.314207 0.413246 0.854694
vn  0.427280 0.681163 0.594515
vn  0.314207 0.413246 0.854694
vn  0.298248 0.405272 0.864177
vn  0.305041 0.736580 0.603656
vn  0.237417 0.756919 0.608857
vn  0.292579 0.425147 0.856533
vn  0.314993 0.210333 0.925494
vn  0.341941 0.132872 0.930280
vn  0.358024 0.072032 0.930930
vn  0.382683 -0.002185 0.923877
vn  0.485535 -0.188926 0.853559
vn  0.672792 -0.440900 0.594102
vn  0.632176 -0.494946 0.596139
vn  0.503427 -0.171735 0.846799
vn  0.634773 -0.483514 0.602725
vn  0.652695 -0.456519 0.604631
vn  0.688874 -0.413246 0.595551
vn  0.534426 -0.145853 0.832536
vn  0.417167 0.024029 0.908512
vn  0.397923 0.093804 0.912611
vn  0.382073 0.145852 0.912550
vn  0.362844 0.214603 0.906802
vn  0.322974 0.421188 0.847519
vn  0.246500 0.751179 0.612346
vn  0.272751 0.739528 0.615390
vn  0.318776 0.727651 0.607376
vn  0.354308 0.417221 0.836895
vn  0.402844 0.218868 0.888714
vn  0.420394 0.154492 0.894092
vn  0.435804 0.111189 0.893147
vn  0.449544 0.050227 0.891845
vn  0.564447 -0.119869 0.816720
vn  0.736892 -0.299027 0.606278
vn  0.711343 -0.102500 0.695331
vn  0.605929 -0.085100 0.790954
vn  0.580029 0.037131 0.813749
vn  0.481164 0.072032 0.873666
vn  0.472786 0.128540 0.871752
vn  0.458806 0.167429 0.872620
vn  0.436918 0.218868 0.872468
vn  0.388724 0.417221 0.821474
vn  0.426852 0.661738 0.616361
vn  0.522635 0.491145 0.696871
vn  0.442374 0.417221 0.793872
vn  0.497019 0.303193 0.813047
vn  0.514097 0.206059 0.832613
vn  0.555184 0.286493 0.780828
vn  0.623755 0.085100 0.776973
vn  0.537743 0.128540 0.833252
vn  -0.656799 0.754056 -0.003772
vn  -0.236842 0.863465 -0.445346
vn  -0.550600 0.745382 -0.375827
vn  -0.099721 0.611214 -0.785158
vn  -0.305810 0.645202 -0.700139
vn  -0.288561 0.957454 -0.003762
vn  -0.796776 0.604274 0.000000
vn  -0.725842 0.624953 -0.287381
vn  -0.862361 0.506293 0.000000
vn  -0.811625 0.525011 -0.256179
vn  -0.893669 0.448727 0.000000
vn  -0.846657 0.471999 -0.245741
vn  -0.906966 0.421188 -0.003774
vn  -0.863288 0.444818 -0.238476
vn  -0.901367 0.433040 -0.003771
vn  -0.860250 0.452627 -0.234732
vn  -0.853373 0.521287 -0.003771
vn  -0.815394 0.532428 -0.227271
vn  -0.707879 0.706334 0.000000
vn  -0.682502 0.693855 -0.229687
vn  -0.470072 0.882628 0.000000
vn  -0.619048 0.506293 -0.600372
vn  -0.655859 0.456519 -0.601198
vn  -0.648042 0.460402 -0.606688
vn  -0.624751 0.487334 -0.610076
vn  -0.594157 0.528725 -0.606158
vn  -0.295917 0.468142 -0.832632
vn  -0.315699 0.436974 -0.842251
vn  -0.330142 0.405273 -0.852502
vn  -0.312291 0.401274 -0.861077
vn  -0.533787 0.600787 -0.595085
vn  -0.468503 0.852240 -0.232791
vn  -0.271225 0.934957 -0.228677
vn  -0.246489 0.969146 0.000000
vn  -0.173599 0.956184 -0.235745
vn  -0.139315 0.990241 -0.003742
vn  -0.161306 0.957454 -0.239295
vn  -0.126319 0.991983 -0.003710
vn  -0.192139 0.949560 -0.247826
vn  -0.152333 0.988329 0.000000
vn  -0.251070 0.933398 -0.256384
vn  -0.212468 0.977168 0.000000
vn  -0.369965 0.884674 -0.283686
vn  -0.330132 0.943935 0.000000
vn  -0.540956 0.754056 -0.372513
vn  -0.515683 0.856780 0.000000
vn  -0.423748 0.661738 -0.618498
vn  -0.318776 0.727651 -0.607376
vn  -0.276193 0.739528 -0.613853
vn  -0.246500 0.751179 -0.612346
vn  -0.240923 0.756919 -0.607478
vn  -0.305041 0.736580 -0.603655
vn  -0.427280 0.681163 -0.594515
vn  -0.314207 0.413246 -0.854694
vn  -0.131642 0.315658 -0.939697
vn  -0.116637 0.369018 -0.922074
vn  -0.101689 0.413246 -0.904924
vn  -0.026415 0.413246 -0.910236
vn  -0.032073 0.364954 -0.930473
vn  -0.041494 0.315658 -0.947965
vn  0.035845 0.364954 -0.930335
vn  0.026415 0.413246 -0.910236
vn  -0.024504 0.452627 -0.891363
vn  -0.092208 0.452627 -0.886919
vn  -0.281475 0.502521 -0.817462
vn  -0.498491 0.607750 -0.618180
vn  -0.261504 0.550793 -0.792618
vn  -0.137045 0.565296 -0.813425
vn  -0.077254 0.487334 -0.869792
vn  -0.022620 0.494946 -0.868629
vn  0.022620 0.494946 -0.868629
vn  0.020735 0.452627 -0.891459
vn  0.101689 0.413246 -0.904924
vn  0.095957 0.452627 -0.886522
vn  0.081012 0.487334 -0.869450
vn  0.140763 0.565296 -0.812789
vn  0.039599 0.554434 -0.831285
vn  -0.043367 0.554434 -0.831097
vn  0.095977 0.611214 -0.785625
vn  0.302354 0.645202 -0.701639
vn  0.265084 0.550793 -0.791428
vn  0.281475 0.502521 -0.817462
vn  0.295917 0.468142 -0.832632
vn  0.498491 0.607750 -0.618180
vn  0.596845 0.528725 -0.603512
vn  0.550600 0.745382 -0.375827
vn  0.233512 0.863465 -0.447101
vn  0.288586 0.957454 0.000000
vn  0.656810 0.754056 0.000000
vn  0.796776 0.604274 0.000000
vn  0.725842 0.624953 -0.287381
vn  0.862361 0.506293 0.000000
vn  0.812753 0.525011 -0.252580
vn  0.893669 0.448727 0.000000
vn  0.846657 0.471999 -0.245741
vn  0.906973 0.421188 0.000000
vn  0.863288 0.444818 -0.238476
vn  0.901375 0.433040 0.000000
vn  0.861234 0.452627 -0.231092
vn  0.853381 0.521287 0.000000
vn  0.814374 0.532428 -0.230902
vn  0.707879 0.706334 0.000000
vn  0.682502 0.693855 -0.229687
vn  0.468503 0.852240 -0.232791
vn  0.470072 0.882628 0.000000
vn  0.271225 0.934957 -0.228677
vn  0.246489 0.969146 0.000000
vn  0.170562 0.956184 -0.237951
vn  0.139365 0.990241 0.000000
vn  0.158173 0.957454 -0.241377
vn  0.126374 0.991983 0.000000
vn  0.192139 0.949560 -0.247826
vn  0.152333 0.988329 0.000000
vn  0.251070 0.933398 -0.256384
vn  0.212468 0.977168 0.000000
vn  0.372244 0.884674 -0.280689
vn  0.330132 0.943935 0.000000
vn  0.538807 0.754056 -0.375614
vn  0.515683 0.856780 0.000000
vn  0.754650 0.487334 -0.439328
vn  0.824889 0.565295 0.000000
vn  0.898605 0.032765 -0.437533
vn  0.999979 0.006554 0.000000
vn  0.915958 -0.401274 -0.000000
vn  0.877708 -0.307354 -0.367644
vn  0.817408 -0.576059 -0.000000
vn  0.817427 -0.506293 -0.274736
vn  0.743924 -0.668264 -0.000000
vn  0.746917 -0.618107 -0.245070
vn  0.698559 -0.715552 -0.000000
vn  0.708033 -0.665007 -0.237602
vn  0.676351 -0.736580 -0.000000
vn  0.685494 -0.690702 -0.230282
vn  0.682761 -0.730641 -0.000000
vn  0.688719 -0.687535 -0.230133
vn  0.755489 -0.655161 -0.000000
vn  0.753669 -0.618107 -0.223444
vn  0.887710 -0.460402 -0.000000
vn  0.871065 -0.436974 -0.224275
vn  0.957605 -0.180338 -0.224656
vn  0.985143 -0.171735 -0.000000
vn  0.973774 0.037131 -0.224469
vn  0.997707 0.067674 0.000000
vn  0.964145 0.141528 -0.224484
vn  0.984383 0.176038 0.000000
vn  0.961100 0.150174 -0.231807
vn  0.981156 0.193215 0.000000
vn  0.963522 0.119869 -0.239282
vn  0.986606 0.163120 0.000000
vn  0.969184 0.058953 -0.239181
vn  0.994733 0.102500 0.000000
vn  0.962598 -0.072033 -0.261184
vn  0.999807 -0.019661 -0.000000
vn  0.896970 -0.273910 -0.347012
vn  0.974789 -0.223129 -0.000000
vn  0.709439 -0.572482 -0.411048
vn  0.796776 -0.604274 -0.000000
vn  0.316204 -0.854518 -0.412085
vn  0.321870 -0.946784 -0.000000
vn  -0.095903 -0.995383 0.003816
vn  -0.020751 -0.939526 -0.341847
vn  -0.292742 -0.956184 0.003785
vn  -0.228515 -0.938021 -0.260571
vn  -0.403257 -0.915079 -0.003782
vn  -0.358387 -0.904194 -0.232364
vn  -0.462341 -0.886702 -0.000000
vn  -0.415946 -0.878487 -0.235053
vn  -0.489226 -0.872149 -0.003776
vn  -0.446750 -0.865661 -0.225933
vn  -0.477752 -0.878487 -0.003781
vn  -0.436002 -0.872149 -0.221942
vn  -0.375102 -0.926984 -0.000000
vn  -0.341496 -0.913308 -0.221920
vn  -0.143641 -0.989623 -0.003793
vn  -0.129649 -0.966955 -0.219522
vn  0.129649 -0.966955 -0.219522
vn  0.143691 -0.989623 -0.000000
vn  0.341496 -0.913308 -0.221920
vn  0.375102 -0.926984 -0.000000
vn  0.437702 -0.872149 -0.218570
vn  0.477767 -0.878487 -0.000000
vn  0.446750 -0.865661 -0.225933
vn  0.489241 -0.872149 -0.000000
vn  0.417793 -0.878487 -0.231754
vn  0.462341 -0.886702 -0.000000
vn  0.356317 -0.904194 -0.235526
vn  0.403274 -0.915079 -0.000000
vn  0.228515 -0.938021 -0.260571
vn  0.292766 -0.956184 -0.000000
vn  0.016981 -0.939526 -0.342055
vn  0.095979 -0.995383 -0.000000
vn  -0.316204 -0.854518 -0.412085
vn  -0.321848 -0.946784 -0.003787
vn  -0.709439 -0.572482 -0.411048
vn  -0.796768 -0.604274 -0.003776
vn  -0.974782 -0.223129 0.003776
vn  -0.896970 -0.273910 -0.347012
vn  -0.999807 -0.019661 -0.000000
vn  -0.962598 -0.072033 -0.261184
vn  -0.994733 0.102500 0.000000
vn  -0.968272 0.058953 -0.242844
vn  -0.986599 0.163120 0.003775
vn  -0.963522 0.119869 -0.239282
vn  -0.981149 0.193215 -0.003773
vn  -0.960208 0.150174 -0.235474
vn  -0.984376 0.176038 -0.003776
vn  -0.964145 0.141528 -0.224484
vn  -0.997707 0.067674 0.000000
vn  -0.973774 0.037131 -0.224469
vn  -0.985143 -0.171735 -0.000000
vn  -0.957605 -0.180338 -0.224656
vn  -0.871065 -0.436974 -0.224275
vn  -0.887710 -0.460402 -0.000000
vn  -0.753669 -0.618107 -0.223444
vn  -0.755489 -0.655161 -0.000000
vn  -0.688719 -0.687535 -0.230133
vn  -0.682761 -0.730641 -0.000000
vn  -0.684281 -0.690702 -0.233862
vn  -0.676351 -0.736580 -0.000000
vn  -0.706822 -0.665007 -0.241181
vn  -0.698549 -0.715552 -0.003777
vn  -0.746917 -0.618107 -0.245070
vn  -0.743914 -0.668264 -0.003776
vn  -0.816216 -0.506293 -0.278315
vn  -0.817408 -0.576059 -0.000000
vn  -0.877708 -0.307354 -0.367644
vn  -0.915958 -0.401274 -0.000000
vn  -0.898605 0.032765 -0.437533
vn  -0.999979 0.006554 0.000000
vn  -0.756541 0.487334 -0.436063
vn  -0.824880 0.565295 -0.003772
vn  -0.555184 0.286493 -0.780828
vn  -0.519611 0.491145 -0.699129
vn  -0.445665 0.417221 -0.792029
vn  -0.392130 0.417221 -0.819854
vn  -0.350831 0.417221 -0.838358
vn  -0.319445 0.421188 -0.848856
vn  -0.292579 0.425147 -0.856532
vn  -0.294678 0.405273 -0.865401
vn  -0.314207 0.413246 -0.854694
vn  -0.277167 0.206059 -0.938466
vn  -0.314993 0.210333 -0.925494
vn  -0.359337 0.214603 -0.908197
vn  -0.402844 0.218868 -0.888714
vn  -0.436918 0.218868 -0.872468
vn  -0.493794 0.303194 -0.815010
vn  -0.517302 0.206059 -0.830625
vn  -0.462141 0.167429 -0.870858
vn  -0.420394 0.154492 -0.894092
vn  -0.382073 0.145853 -0.912550
vn  -0.338396 0.132872 -0.931575
vn  -0.301037 0.119869 -0.946048
vn  -0.242924 0.154492 -0.957664
vn  -0.235466 0.248605 -0.939548
vn  -0.183675 0.286493 -0.940311
vn  -0.103635 0.252835 -0.961943
vn  -0.152150 0.227387 -0.961845
vn  -0.202340 0.197500 -0.959194
vn  -0.178341 0.163120 -0.970354
vn  -0.144848 0.176038 -0.973668
vn  -0.096053 0.193215 -0.976443
vn  -0.037708 0.261280 -0.964526
vn  0.037708 0.261280 -0.964526
vn  0.041494 0.315658 -0.947965
vn  0.116637 0.369018 -0.922074
vn  0.312164 0.436974 -0.843568
vn  0.645457 0.460402 -0.609438
vn  0.622108 0.487334 -0.612770
vn  0.653305 0.456519 -0.603973
vn  0.326620 0.405273 -0.853858
vn  0.131642 0.315658 -0.939697
vn  0.099880 0.252835 -0.962340
vn  0.092297 0.193215 -0.976806
vn  0.155875 0.227387 -0.961248
vn  0.141112 0.176038 -0.974217
vn  0.182052 0.163120 -0.969664
vn  0.146644 0.124206 -0.981360
vn  0.196943 0.128540 -0.971952
vn  0.092280 0.137202 -0.986235
vn  0.030170 0.145853 -0.988846
vn  0.035859 0.201782 -0.978774
vn  -0.032085 0.201782 -0.978905
vn  -0.030170 0.145853 -0.988846
vn  -0.096034 0.137202 -0.985877
vn  -0.146644 0.124206 -0.981360
vn  -0.193240 0.128540 -0.972695
vn  -0.208019 0.085100 -0.974416
vn  -0.253808 0.102500 -0.961808
vn  -0.313650 0.050227 -0.948209
vn  -0.358024 0.072033 -0.930930
vn  -0.394462 0.093804 -0.914112
vn  -0.432408 0.111189 -0.894796
vn  -0.469463 0.128540 -0.873546
vn  -0.540912 0.128540 -0.831199
vn  -0.620806 0.085100 -0.779332
vn  -0.711343 -0.102500 -0.695331
vn  -0.580029 0.037131 -0.813749
vn  -0.481164 0.072033 -0.873666
vn  -0.608922 -0.085100 -0.788652
vn  0.183675 0.286493 -0.940311
vn  -0.452913 0.050227 -0.890139
vn  -0.564447 -0.119869 -0.816720
vn  -0.736892 -0.299027 -0.606278
vn  -0.688874 -0.413246 -0.595551
vn  -0.652695 -0.456519 -0.604631
vn  -0.634773 -0.483514 -0.602725
vn  -0.634760 -0.494946 -0.593386
vn  -0.675285 -0.440900 -0.591268
vn  -0.739568 -0.328069 -0.587716
vn  -0.531244 -0.145852 -0.834570
vn  -0.503427 -0.171735 -0.846799
vn  -0.482250 -0.188926 -0.855419
vn  -0.472442 -0.176038 -0.863602
vn  -0.417167 0.024029 -0.908512
vn  -0.382683 -0.002185 -0.923877
vn  -0.340305 -0.028397 -0.939886
vn  -0.490391 -0.171735 -0.854414
vn  -0.786382 -0.188926 -0.588142
vn  -0.801553 -0.054590 -0.595427
vn  -0.800798 0.019661 -0.598612
vn  -0.796315 0.015292 -0.604689
vn  -0.796315 -0.015292 -0.604689
vn  -0.801139 -0.063314 -0.595119
vn  -0.510074 -0.193215 -0.838148
vn  -0.506668 -0.158808 -0.847389
vn  -0.495567 -0.132872 -0.858346
vn  -0.479313 -0.145852 -0.865440
vn  -0.488937 -0.163120 -0.856932
vn  -0.281102 -0.188926 -0.940898
vn  -0.299071 -0.223129 -0.927777
vn  -0.315114 -0.265495 -0.911162
vn  -0.329129 -0.299027 -0.895688
vn  -0.525612 -0.227386 -0.819773
vn  -0.781835 -0.188926 -0.594172
vn  -0.652745 -0.340423 -0.676783
vn  -0.543523 -0.282304 -0.790498
vn  -0.448559 -0.373076 -0.812164
vn  -0.346401 -0.336311 -0.875729
vn  -0.298375 -0.377126 -0.876783
vn  -0.361415 -0.421188 -0.831854
vn  -0.469608 -0.452627 -0.758022
vn  -0.282978 -0.590257 -0.755990
vn  -0.120213 -0.730641 -0.672095
vn  -0.288962 -0.475846 -0.830705
vn  -0.212998 -0.543478 -0.811950
vn  -0.269896 -0.397268 -0.877117
vn  -0.218844 -0.429097 -0.876346
vn  -0.098030 -0.607750 -0.788055
vn  0.066008 -0.803330 -0.591865
vn  0.193350 -0.787442 -0.585278
vn  0.234438 -0.765420 -0.599309
vn  0.269600 -0.756919 -0.595306
vn  0.269600 -0.756919 -0.595306
vn  0.202252 -0.779295 -0.593121
vn  -0.022667 -0.547141 -0.836734
vn  0.003777 -0.528725 -0.848785
vn  0.033964 -0.513810 -0.857231
vn  -0.052846 -0.568894 -0.820711
vn  -0.183784 -0.401274 -0.897331
vn  -0.240663 -0.364954 -0.899383
vn  -0.279040 -0.340423 -0.897914
vn  -0.253575 -0.307354 -0.917188
vn  -0.152147 -0.377126 -0.913579
vn  -0.120466 -0.348627 -0.929488
vn  -0.090520 -0.319801 -0.943151
vn  0.013221 -0.502521 -0.864464
vn  0.069780 -0.808503 -0.584340
vn  -0.209559 -0.336311 -0.918139
vn  -0.000000 -0.517554 -0.855651
vn  -0.032095 -0.323938 -0.945534
vn  -0.090495 -0.257060 -0.962149
vn  -0.157908 -0.273910 -0.948704
vn  -0.185676 -0.303193 -0.934665
vn  -0.230024 -0.269705 -0.935066
vn  -0.215190 -0.235888 -0.947655
vn  -0.193273 -0.210333 -0.958335
vn  -0.224468 -0.171735 -0.959229
vn  -0.169010 -0.184634 -0.968166
vn  -0.142904 -0.240131 -0.960164
vn  -0.304658 -0.137202 -0.942528
vn  -0.324367 -0.085100 -0.942096
vn  -0.268501 -0.015292 -0.963158
vn  -0.268301 0.041497 -0.962441
vn  -0.217142 0.032765 -0.975590
vn  -0.217217 -0.019661 -0.975925
vn  -0.257539 -0.072032 -0.963579
vn  -0.242814 -0.124206 -0.962088
vn  -0.196790 -0.115530 -0.973615
vn  -0.206204 -0.067674 -0.976166
vn  -0.154163 -0.072032 -0.985416
vn  -0.157880 -0.024029 -0.987166
vn  -0.157841 0.032765 -0.986921
vn  -0.154060 0.080746 -0.984757
vn  -0.096135 0.085100 -0.991724
vn  -0.035849 0.089453 -0.995346
vn  0.032077 0.089453 -0.995474
vn  -0.037730 0.032765 -0.998751
vn  -0.105473 0.032765 -0.993882
vn  -0.105499 -0.024029 -0.994129
vn  -0.101720 -0.076390 -0.991876
vn  -0.094206 -0.124206 -0.987774
vn  -0.035876 -0.080746 -0.996089
vn  -0.144756 -0.115530 -0.982699
vn  -0.131766 -0.154492 -0.979168
vn  -0.183945 -0.154492 -0.970720
vn  -0.127955 -0.197500 -0.971916
vn  -0.081128 -0.210333 -0.974258
vn  -0.082998 -0.167429 -0.982384
vn  -0.030190 -0.171735 -0.984680
vn  -0.035868 -0.128540 -0.991055
vn  0.032094 -0.128540 -0.991185
vn  -0.028302 -0.214603 -0.976291
vn  -0.032094 -0.261280 -0.964729
vn  0.032075 -0.214603 -0.976175
vn  0.030190 -0.171735 -0.984680
vn  0.028320 -0.323938 -0.945654
vn  0.028319 -0.261280 -0.964848
vn  0.084892 -0.210333 -0.973937
vn  0.090495 -0.257060 -0.962149
vn  0.082998 -0.167429 -0.982384
vn  0.131766 -0.154492 -0.979168
vn  0.127955 -0.197500 -0.971916
vn  0.169010 -0.184634 -0.968166
vn  0.142904 -0.240131 -0.960164
vn  0.094206 -0.124206 -0.987774
vn  0.032101 -0.080746 -0.996218
vn  0.037740 -0.024029 -0.998999
vn  -0.037740 -0.024029 -0.998999
vn  0.037730 0.032765 -0.998751
vn  0.099892 0.085100 -0.991352
vn  0.154060 0.080746 -0.984757
vn  0.204325 0.085100 -0.975197
vn  0.157841 0.032765 -0.986921
vn  0.105473 0.032765 -0.993882
vn  0.105499 -0.024029 -0.994129
vn  0.101720 -0.076390 -0.991876
vn  0.154163 -0.072032 -0.985416
vn  0.157880 -0.024029 -0.987166
vn  0.217217 -0.019661 -0.975925
vn  0.217142 0.032765 -0.975590
vn  0.268301 0.041497 -0.962441
vn  0.253808 0.102500 -0.961808
vn  0.242924 0.154492 -0.957664
vn  0.202340 0.197500 -0.959194
vn  0.235466 0.248605 -0.939548
vn  0.314207 0.413246 -0.854694
vn  0.315834 0.401274 -0.859784
vn  0.619048 0.506293 -0.600372
vn  0.533787 0.600787 -0.595085
vn  0.427280 0.681163 -0.594515
vn  0.314207 0.413246 -0.854694
vn  0.280782 0.206059 -0.937391
vn  0.305041 0.736580 -0.603655
vn  0.298248 0.405273 -0.864177
vn  0.292579 0.425147 -0.856532
vn  0.314993 0.210333 -0.925494
vn  0.322974 0.421188 -0.847519
vn  0.237417 0.756919 -0.608857
vn  0.246500 0.751179 -0.612346
vn  0.272751 0.739528 -0.615390
vn  0.318776 0.727651 -0.607376
vn  0.354308 0.417221 -0.836895
vn  0.362844 0.214603 -0.906802
vn  0.426852 0.661738 -0.616361
vn  0.388724 0.417221 -0.821474
vn  0.402844 0.218868 -0.888714
vn  0.522636 0.491145 -0.696871
vn  0.442374 0.417221 -0.793872
vn  0.497019 0.303194 -0.813048
vn  0.436918 0.218868 -0.872468
vn  0.458805 0.167429 -0.872620
vn  0.420394 0.154492 -0.894092
vn  0.382073 0.145853 -0.912550
vn  0.341941 0.132872 -0.930280
vn  0.301037 0.119869 -0.946048
vn  0.317232 0.050227 -0.947017
vn  0.358024 0.072033 -0.930930
vn  0.397923 0.093804 -0.912611
vn  0.435804 0.111189 -0.893147
vn  0.472786 0.128540 -0.871752
vn  0.514097 0.206059 -0.832613
vn  0.555184 0.286493 -0.780828
vn  0.623755 0.085100 -0.776973
vn  0.711343 -0.102500 -0.695331
vn  0.537743 0.128540 -0.833252
vn  0.580029 0.037131 -0.813749
vn  0.481164 0.072033 -0.873666
vn  0.605929 -0.085100 -0.790954
vn  0.736892 -0.299027 -0.606278
vn  0.688874 -0.413246 -0.595551
vn  0.652695 -0.456519 -0.604631
vn  0.634773 -0.483514 -0.602725
vn  0.632176 -0.494946 -0.596139
vn  0.672792 -0.440900 -0.594102
vn  0.739568 -0.328069 -0.587716
vn  0.534426 -0.145852 -0.832536
vn  0.503427 -0.171735 -0.846799
vn  0.485535 -0.188926 -0.853559
vn  0.475752 -0.176038 -0.861784
vn  0.564447 -0.119869 -0.816720
vn  0.449544 0.050227 -0.891845
vn  0.417167 0.024029 -0.908512
vn  0.382683 -0.002185 -0.923877
vn  0.340305 -0.028397 -0.939886
vn  0.490391 -0.171735 -0.854414
vn  0.784114 -0.188926 -0.591161
vn  0.799296 -0.054590 -0.598453
vn  0.800798 0.019661 -0.598612
vn  0.796315 0.015292 -0.604689
vn  0.796315 -0.015292 -0.604689
vn  0.803383 -0.063314 -0.592086
vn  0.510074 -0.193215 -0.838148
vn  0.506668 -0.158808 -0.847389
vn  0.498832 -0.132872 -0.856453
vn  0.482613 -0.145852 -0.863604
vn  0.492213 -0.163120 -0.855055
vn  0.277482 -0.188926 -0.941972
vn  0.295475 -0.223129 -0.928928
vn  0.315114 -0.265495 -0.911162
vn  0.329129 -0.299027 -0.895688
vn  0.525612 -0.227386 -0.819773
vn  0.779545 -0.188926 -0.597174
vn  0.652745 -0.340423 -0.676783
vn  0.543523 -0.282304 -0.790498
vn  0.448559 -0.373076 -0.812164
vn  0.346401 -0.336311 -0.875729
vn  0.301945 -0.377126 -0.875560
vn  0.279040 -0.340423 -0.897914
vn  0.253575 -0.307354 -0.917188
vn  0.233690 -0.269705 -0.934156
vn  0.211508 -0.235888 -0.948484
vn  0.157908 -0.273910 -0.948704
vn  0.181972 -0.303193 -0.935393
vn  0.209559 -0.336311 -0.918139
vn  0.237016 -0.364954 -0.900351
vn  0.266282 -0.397268 -0.878221
vn  0.364873 -0.421188 -0.830343
vn  0.469608 -0.452627 -0.758022
vn  0.286514 -0.590257 -0.754656
vn  0.120213 -0.730641 -0.672095
vn  0.288962 -0.475846 -0.830705
vn  0.212998 -0.543478 -0.811950
vn  0.215176 -0.429097 -0.877254
vn  0.098030 -0.607750 -0.788055
vn  -0.062250 -0.803330 -0.592273
vn  -0.193350 -0.787442 -0.585278
vn  -0.237953 -0.765420 -0.597922
vn  -0.266151 -0.756919 -0.596856
vn  -0.273040 -0.756919 -0.593737
vn  -0.205825 -0.779295 -0.591891
vn  -0.073533 -0.808503 -0.583880
vn  -0.000000 -0.517554 -0.855651
vn  0.090520 -0.319801 -0.943151
vn  -0.016998 -0.502521 -0.864398
vn  -0.033964 -0.513810 -0.857231
vn  -0.003777 -0.528725 -0.848785
vn  0.120466 -0.348627 -0.929488
vn  0.189568 -0.210333 -0.959074
vn  0.224468 -0.171735 -0.959229
vn  0.183945 -0.154492 -0.970720
vn  0.193090 -0.115530 -0.974356
vn  0.148488 -0.115530 -0.982143
vn  0.206204 -0.067674 -0.976166
vn  0.257539 -0.072032 -0.963579
vn  0.242814 -0.124206 -0.962088
vn  0.304658 -0.137202 -0.942528
vn  0.320795 -0.085100 -0.943318
vn  0.268501 -0.015292 -0.963158
vn  0.183784 -0.401274 -0.897331
vn  0.052846 -0.568894 -0.820711
vn  0.022667 -0.547141 -0.836734
vn  0.155869 -0.377126 -0.912952

g Star_Star_0
usemtl Star
f  1/1/1 2/2/2 3/3/3
f  4/4/4 3/3/3 2/2/2
f  3/3/3 4/4/4 5/5/5
f  6/6/6 5/5/5 4/4/4
f  5/5/5 6/6/6 7/7/7
f  4/4/4 8/8/8 6/6/6
f  8/8/8 4/4/4 2/2/2
f  9/9/9 6/6/6 8/8/8
f  1/1/1 3/3/3 10/10/10
f  11/11/11 10/10/10 3/3/3
f  10/10/10 11/11/11 12/12/12
f  13/13/13 12/12/12 11/11/11
f  12/12/12 13/13/13 14/14/14
f  15/15/15 14/14/14 13/13/13
f  14/14/14 15/15/15 16/16/16
f  17/17/17 16/16/16 15/15/15
f  16/16/16 17/17/17 18/18/18
f  19/19/19 18/18/18 17/17/17
f  18/18/18 19/19/19 20/20/20
f  21/21/21 20/20/20 19/19/19
f  20/20/20 21/21/21 22/22/22
f  23/23/23 22/22/22 21/21/21
f  22/22/22 23/23/23 24/24/24
f  25/25/25 24/24/24 23/23/23
f  26/26/26 24/24/24 25/25/25
f  24/24/24 26/26/26 27/27/27
f  28/28/28 27/27/27 26/26/26
f  27/27/27 28/28/28 29/29/29
f  30/30/30 29/29/29 28/28/28
f  29/29/29 30/30/30 31/31/31
f  32/32/32 31/31/31 30/30/30
f  31/31/31 32/32/32 33/33/33
f  34/34/34 33/33/33 32/32/32
f  33/33/33 34/34/34 35/35/35
f  36/36/36 35/35/35 34/34/34
f  35/35/35 36/36/36 37/37/37
f  38/38/38 37/37/37 36/36/36
f  37/37/37 38/38/38 39/39/39
f  40/40/40 39/39/39 38/38/38
f  39/39/39 40/40/40 41/41/41
f  42/42/42 41/41/41 40/40/40
f  41/41/41 42/42/42 43/43/43
f  44/44/44 43/43/43 42/42/42
f  43/43/43 44/44/44 45/45/45
f  45/45/45 44/44/44 46/46/46
f  47/47/47 46/46/46 44/44/44
f  46/46/46 47/47/47 48/48/48
f  49/49/49 48/48/48 47/47/47
f  48/48/48 49/49/49 50/50/50
f  51/51/51 50/50/50 49/49/49
f  50/50/50 51/51/51 52/52/52
f  53/53/53 52/52/52 51/51/51
f  52/52/52 53/53/53 54/54/54
f  55/55/55 54/54/54 53/53/53
f  54/54/54 55/55/55 56/56/56
f  57/57/57 56/56/56 55/55/55
f  56/56/56 57/57/57 58/58/58
f  59/59/59 58/58/58 57/57/57
f  58/58/58 59/59/59 60/60/60
f  61/61/61 60/60/60 59/59/59
f  62/62/62 60/60/60 61/61/61
f  60/60/60 62/62/62 63/63/63
f  64/64/64 63/63/63 62/62/62
f  63/63/63 64/64/64 65/65/65
f  66/66/66 65/65/65 64/64/64
f  65/65/65 66/66/66 67/67/67
f  68/68/68 67/67/67 66/66/66
f  67/67/67 68/68/68 69/69/69
f  70/70/70 69/69/69 68/68/68
f  69/69/69 70/70/70 71/71/71
f  72/72/72 71/71/71 70/70/70
f  71/71/71 72/72/72 73/73/73
f  74/74/74 73/73/73 72/72/72
f  73/73/73 74/74/74 75/75/75
f  76/76/76 75/75/75 74/74/74
f  75/75/75 76/76/76 77/77/77
f  78/78/78 77/77/77 76/76/76
f  77/77/77 78/78/78 79/79/79
f  80/80/80 79/79/79 78/78/78
f  79/79/79 80/80/80 81/81/81
f  81/81/81 80/80/80 82/82/82
f  83/83/83 82/82/82 80/80/80
f  82/82/82 83/83/83 84/84/84
f  85/85/85 84/84/84 83/83/83
f  84/84/84 85/85/85 86/86/86
f  87/87/87 86/86/86 85/85/85
f  86/86/86 87/87/87 88/88/88
f  89/89/89 88/88/88 87/87/87
f  88/88/88 89/89/89 90/90/90
f  91/91/91 90/90/90 89/89/89
f  90/90/90 91/91/91 92/92/92
f  93/93/93 92/92/92 91/91/91
f  92/92/92 93/93/93 94/94/94
f  95/95/95 94/94/94 93/93/93
f  94/94/94 95/95/95 96/96/96
f  97/97/97 96/96/96 95/95/95
f  98/98/98 96/96/96 97/97/97
f  96/96/96 98/98/98 99/99/99
f  100/100/100 99/99/99 98/98/98
f  99/99/99 100/100/100 101/101/101
f  102/102/102 101/101/101 100/100/100
f  101/101/101 102/102/102 103/103/103
f  104/104/104 103/103/103 102/102/102
f  103/103/103 104/104/104 105/105/105
f  106/106/106 105/105/105 104/104/104
f  105/105/105 106/106/106 107/107/107
f  108/108/108 107/107/107 106/106/106
f  107/107/107 108/108/108 109/109/109
f  110/110/110 109/109/109 108/108/108
f  109/109/109 110/110/110 111/111/111
f  112/112/112 111/111/111 110/110/110
f  111/111/111 112/112/112 113/113/113
f  114/114/114 113/113/113 112/112/112
f  113/113/113 114/114/114 115/115/115
f  116/116/116 115/115/115 114/114/114
f  115/115/115 116/116/116 117/117/117
f  117/117/117 116/116/116 118/118/118
f  119/119/119 118/118/118 116/116/116
f  118/118/118 119/119/119 120/120/120
f  121/121/121 120/120/120 119/119/119
f  120/120/120 121/121/121 122/122/122
f  123/123/123 122/122/122 121/121/121
f  122/122/122 123/123/123 124/124/124
f  125/125/125 124/124/124 123/123/123
f  124/124/124 125/125/125 126/126/126
f  127/127/127 126/126/126 125/125/125
f  126/126/126 127/127/127 128/128/128
f  129/129/129 128/128/128 127/127/127
f  128/128/128 129/129/129 130/130/130
f  131/131/131 130/130/130 129/129/129
f  130/130/130 131/131/131 132/132/132
f  129/129/129 133/133/133 131/131/131
f  127/127/127 134/134/134 129/129/129
f  133/133/133 129/129/129 134/134/134
f  134/134/134 127/127/127 135/135/135
f  125/125/125 135/135/135 127/127/127
f  123/123/123 136/136/136 125/125/125
f  135/135/135 125/125/125 136/136/136
f  135/135/135 137/137/137 134/134/134
f  136/136/136 137/137/137 135/135/135
f  134/134/134 138/138/138 133/133/133
f  138/138/138 134/134/134 137/137/137
f  139/139/139 133/133/133 138/138/138
f  140/140/140 133/133/133 139/139/139
f  133/133/133 140/140/140 131/131/131
f  131/131/131 141/141/141 132/132/132
f  141/141/141 131/131/131 140/140/140
f  142/142/142 132/132/132 141/141/141
f  132/132/132 142/142/142 143/143/143
f  144/144/144 143/143/143 142/142/142
f  143/143/143 144/144/144 145/145/145
f  146/146/146 145/145/145 144/144/144
f  145/145/145 146/146/146 147/147/147
f  148/148/148 147/147/147 146/146/146
f  147/147/147 148/148/148 149/149/149
f  150/150/150 149/149/149 148/148/148
f  149/149/149 150/150/150 151/151/151
f  152/152/152 151/151/151 150/150/150
f  151/151/151 152/152/152 153/153/153
f  154/154/154 153/153/153 152/152/152
f  153/153/153 154/154/154 155/155/155
f  156/156/156 155/155/155 154/154/154
f  155/155/155 156/156/156 157/157/157
f  158/158/158 157/157/157 156/156/156
f  157/157/157 158/158/158 159/159/159
f  160/160/160 159/159/159 158/158/158
f  159/159/159 160/160/160 161/161/161
f  161/161/161 160/160/160 162/162/162
f  163/163/163 162/162/162 160/160/160
f  162/162/162 163/163/163 164/164/164
f  165/165/165 164/164/164 163/163/163
f  164/164/164 165/165/165 166/166/166
f  167/167/167 166/166/166 165/165/165
f  166/166/166 167/167/167 168/168/168
f  169/169/169 168/168/168 167/167/167
f  168/168/168 169/169/169 170/170/170
f  171/171/171 170/170/170 169/169/169
f  170/170/170 171/171/171 172/172/172
f  173/173/173 172/172/172 171/171/171
f  172/172/172 173/173/173 174/174/174
f  175/175/175 174/174/174 173/173/173
f  174/174/174 175/175/175 176/176/176
f  173/173/173 177/177/177 175/175/175
f  171/171/171 178/178/178 173/173/173
f  177/177/177 173/173/173 178/178/178
f  178/178/178 171/171/171 179/179/179
f  169/169/169 179/179/179 171/171/171
f  167/167/167 180/180/180 169/169/169
f  179/179/179 169/169/169 180/180/180
f  179/179/179 181/181/181 178/178/178
f  180/180/180 181/181/181 179/179/179
f  178/178/178 182/182/182 177/177/177
f  182/182/182 178/178/178 181/181/181
f  183/183/183 177/177/177 182/182/182
f  184/184/184 177/177/177 183/183/183
f  177/177/177 184/184/184 175/175/175
f  175/175/175 185/185/185 176/176/176
f  185/185/185 175/175/175 184/184/184
f  186/186/186 176/176/176 185/185/185
f  176/176/176 186/186/186 187/187/187
f  188/188/188 187/187/187 186/186/186
f  187/187/187 188/188/188 189/189/189
f  190/190/190 189/189/189 188/188/188
f  189/189/189 190/190/190 191/191/191
f  192/192/192 191/191/191 190/190/190
f  191/191/191 192/192/192 193/193/193
f  194/194/194 193/193/193 192/192/192
f  193/193/193 194/194/194 195/195/195
f  196/196/196 195/195/195 194/194/194
f  195/195/195 196/196/196 197/197/197
f  198/198/198 197/197/197 196/196/196
f  197/197/197 198/198/198 9/9/9
f  9/9/9 198/198/198 6/6/6
f  6/6/6 199/199/199 7/7/7
f  196/196/196 199/199/199 198/198/198
f  199/199/199 6/6/6 198/198/198
f  194/194/194 200/200/200 196/196/196
f  199/199/199 196/196/196 200/200/200
f  192/192/192 201/201/201 194/194/194
f  200/200/200 194/194/194 201/201/201
f  201/201/201 192/192/192 202/202/202
f  190/190/190 202/202/202 192/192/192
f  188/188/188 203/203/203 190/190/190
f  202/202/202 190/190/190 203/203/203
f  186/186/186 204/204/204 188/188/188
f  203/203/203 188/188/188 204/204/204
f  185/185/185 205/205/205 186/186/186
f  204/204/204 186/186/186 205/205/205
f  205/205/205 185/185/185 206/206/206
f  184/184/184 206/206/206 185/185/185
f  183/183/183 207/207/207 184/184/184
f  206/206/206 184/184/184 207/207/207
f  207/207/207 183/183/183 208/208/208
f  182/182/182 209/209/209 183/183/183
f  208/208/208 183/183/183 209/209/209
f  181/181/181 210/210/210 182/182/182
f  209/209/209 182/182/182 210/210/210
f  210/210/210 181/181/181 211/211/211
f  180/180/180 212/212/212 181/181/181
f  211/211/211 181/181/181 212/212/212
f  167/167/167 213/213/213 180/180/180
f  165/165/165 213/213/213 167/167/167
f  163/163/163 213/213/213 165/165/165
f  212/212/212 180/180/180 213/213/213
f  214/214/214 213/213/213 163/163/163
f  213/213/213 214/214/214 215/215/215
f  213/213/213 215/215/215 212/212/212
f  216/216/216 215/215/215 214/214/214
f  217/217/217 212/212/212 215/215/215
f  215/215/215 216/216/216 217/217/217
f  212/212/212 217/217/217 211/211/211
f  218/218/218 217/217/217 216/216/216
f  217/217/217 218/218/218 211/211/211
f  219/219/219 211/211/211 218/218/218
f  211/211/211 219/219/219 210/210/210
f  220/220/220 210/210/210 219/219/219
f  210/210/210 220/220/220 209/209/209
f  221/221/221 209/209/209 220/220/220
f  209/209/209 221/221/221 222/222/222
f  222/222/222 208/208/208 209/209/209
f  222/222/222 221/221/221 223/223/223
f  223/223/223 221/221/221 224/224/224
f  220/220/220 224/224/224 221/221/221
f  224/224/224 220/220/220 225/225/225
f  225/225/225 220/220/220 226/226/226
f  219/219/219 226/226/226 220/220/220
f  226/226/226 219/219/219 227/227/227
f  218/218/218 227/227/227 219/219/219
f  214/214/214 228/228/228 216/216/216
f  227/227/227 218/218/218 228/228/228
f  216/216/216 228/228/228 218/218/218
f  163/163/163 229/229/229 214/214/214
f  228/228/228 214/214/214 229/229/229
f  160/160/160 229/229/229 163/163/163
f  156/156/156 230/230/230 158/158/158
f  158/158/158 230/230/230 160/160/160
f  229/229/229 160/160/160 230/230/230
f  231/231/231 230/230/230 156/156/156
f  232/232/232 230/230/230 231/231/231
f  229/229/229 232/232/232 228/228/228
f  230/230/230 232/232/232 229/229/229
f  228/228/228 232/232/232 227/227/227
f  231/231/231 233/233/233 232/232/232
f  227/227/227 232/232/232 233/233/233
f  206/206/206 207/207/207 234/234/234
f  208/208/208 234/234/234 207/207/207
f  154/154/154 235/235/235 156/156/156
f  152/152/152 235/235/235 154/154/154
f  156/156/156 235/235/235 231/231/231
f  231/231/231 236/236/236 233/233/233
f  236/236/236 231/231/231 235/235/235
f  237/237/237 233/233/233 236/236/236
f  233/233/233 237/237/237 227/227/227
f  150/150/150 238/238/238 152/152/152
f  235/235/235 152/152/152 238/238/238
f  148/148/148 239/239/239 150/150/150
f  238/238/238 150/150/150 239/239/239
f  239/239/239 148/148/148 240/240/240
f  146/146/146 240/240/240 148/148/148
f  144/144/144 241/241/241 146/146/146
f  240/240/240 146/146/146 241/241/241
f  142/142/142 242/242/242 144/144/144
f  241/241/241 144/144/144 242/242/242
f  141/141/141 243/243/243 142/142/142
f  242/242/242 142/142/142 243/243/243
f  243/243/243 141/141/141 244/244/244
f  140/140/140 244/244/244 141/141/141
f  139/139/139 245/245/245 140/140/140
f  244/244/244 140/140/140 245/245/245
f  245/245/245 139/139/139 246/246/246
f  138/138/138 247/247/247 139/139/139
f  246/246/246 139/139/139 247/247/247
f  137/137/137 248/248/248 138/138/138
f  247/247/247 138/138/138 248/248/248
f  248/248/248 137/137/137 249/249/249
f  136/136/136 250/250/250 137/137/137
f  249/249/249 137/137/137 250/250/250
f  123/123/123 251/251/251 136/136/136
f  121/121/121 251/251/251 123/123/123
f  119/119/119 251/251/251 121/121/121
f  250/250/250 136/136/136 251/251/251
f  252/252/252 251/251/251 119/119/119
f  251/251/251 252/252/252 253/253/253
f  251/251/251 253/253/253 250/250/250
f  254/254/254 253/253/253 252/252/252
f  255/255/255 250/250/250 253/253/253
f  250/250/250 255/255/255 249/249/249
f  253/253/253 254/254/254 255/255/255
f  256/256/256 255/255/255 254/254/254
f  255/255/255 256/256/256 249/249/249
f  257/257/257 249/249/249 256/256/256
f  249/249/249 257/257/257 248/248/248
f  248/248/248 258/258/258 247/247/247
f  258/258/258 248/248/248 257/257/257
f  259/259/259 247/247/247 258/258/258
f  247/247/247 259/259/259 260/260/260
f  260/260/260 246/246/246 247/247/247
f  260/260/260 259/259/259 261/261/261
f  261/261/261 259/259/259 262/262/262
f  258/258/258 262/262/262 259/259/259
f  262/262/262 258/258/258 263/263/263
f  263/263/263 258/258/258 264/264/264
f  257/257/257 264/264/264 258/258/258
f  264/264/264 257/257/257 265/265/265
f  256/256/256 265/265/265 257/257/257
f  265/265/265 256/256/256 266/266/266
f  254/254/254 266/266/266 256/256/256
f  252/252/252 266/266/266 254/254/254
f  116/116/116 267/267/267 119/119/119
f  266/266/266 252/252/252 267/267/267
f  119/119/119 267/267/267 252/252/252
f  112/112/112 268/268/268 114/114/114
f  267/267/267 116/116/116 268/268/268
f  114/114/114 268/268/268 116/116/116
f  269/269/269 268/268/268 112/112/112
f  270/270/270 268/268/268 269/269/269
f  267/267/267 270/270/270 266/266/266
f  268/268/268 270/270/270 267/267/267
f  266/266/266 270/270/270 265/265/265
f  265/265/265 270/270/270 271/271/271
f  269/269/269 271/271/271 270/270/270
f  246/246/246 272/272/272 245/245/245
f  244/244/244 245/245/245 272/272/272
f  112/112/112 273/273/273 269/269/269
f  108/108/108 273/273/273 110/110/110
f  110/110/110 273/273/273 112/112/112
f  269/269/269 274/274/274 271/271/271
f  274/274/274 269/269/269 273/273/273
f  271/271/271 275/275/275 265/265/265
f  275/275/275 271/271/271 274/274/274
f  106/106/106 276/276/276 108/108/108
f  273/273/273 108/108/108 276/276/276
f  276/276/276 106/106/106 277/277/277
f  104/104/104 277/277/277 106/106/106
f  102/102/102 278/278/278 104/104/104
f  277/277/277 104/104/104 278/278/278
f  100/100/100 279/279/279 102/102/102
f  278/278/278 102/102/102 279/279/279
f  98/98/98 280/280/280 100/100/100
f  279/279/279 100/100/100 280/280/280
f  280/280/280 98/98/98 281/281/281
f  281/281/281 98/98/98 282/282/282
f  97/97/97 282/282/282 98/98/98
f  95/95/95 283/283/283 97/97/97
f  282/282/282 97/97/97 283/283/283
f  93/93/93 284/284/284 95/95/95
f  283/283/283 95/95/95 284/284/284
f  91/91/91 285/285/285 93/93/93
f  284/284/284 93/93/93 285/285/285
f  89/89/89 286/286/286 91/91/91
f  285/285/285 91/91/91 286/286/286
f  286/286/286 89/89/89 287/287/287
f  87/87/87 287/287/287 89/89/89
f  286/286/286 288/288/288 285/285/285
f  287/287/287 288/288/288 286/286/286
f  285/285/285 289/289/289 284/284/284
f  289/289/289 285/285/285 288/288/288
f  284/284/284 290/290/290 283/283/283
f  290/290/290 284/284/284 289/289/289
f  291/291/291 283/283/283 290/290/290
f  283/283/283 291/291/291 282/282/282
f  282/282/282 292/292/292 281/281/281
f  292/292/292 282/282/282 291/291/291
f  290/290/290 293/293/293 291/291/291
f  291/291/291 293/293/293 292/292/292
f  293/293/293 290/290/290 294/294/294
f  289/289/289 294/294/294 290/290/290
f  288/288/288 295/295/295 289/289/289
f  294/294/294 289/289/289 295/295/295
f  295/295/295 296/296/296 294/294/294
f  297/297/297 294/294/294 296/296/296
f  294/294/294 297/297/297 298/298/298
f  294/294/294 298/298/298 293/293/293
f  298/298/298 297/297/297 299/299/299
f  296/296/296 300/300/300 297/297/297
f  299/299/299 297/297/297 300/300/300
f  300/300/300 296/296/296 301/301/301
f  295/295/295 301/301/301 296/296/296
f  301/301/301 295/295/295 302/302/302
f  288/288/288 302/302/302 295/295/295
f  287/287/287 303/303/303 288/288/288
f  302/302/302 288/288/288 303/303/303
f  303/303/303 287/287/287 304/304/304
f  85/85/85 304/304/304 87/87/87
f  83/83/83 304/304/304 85/85/85
f  87/87/87 304/304/304 287/287/287
f  305/305/305 304/304/304 83/83/83
f  306/306/306 303/303/303 304/304/304
f  304/304/304 305/305/305 306/306/306
f  307/307/307 306/306/306 305/305/305
f  308/308/308 303/303/303 306/306/306
f  306/306/306 307/307/307 308/308/308
f  303/303/303 308/308/308 302/302/302
f  308/308/308 309/309/309 302/302/302
f  302/302/302 309/309/309 301/301/301
f  309/309/309 308/308/308 307/307/307
f  310/310/310 301/301/301 309/309/309
f  301/301/301 310/310/310 300/300/300
f  311/311/311 300/300/300 310/310/310
f  312/312/312 300/300/300 311/311/311
f  300/300/300 312/312/312 299/299/299
f  313/313/313 299/299/299 312/312/312
f  299/299/299 313/313/313 298/298/298
f  314/314/314 298/298/298 313/313/313
f  315/315/315 298/298/298 314/314/314
f  298/298/298 316/316/316 293/293/293
f  316/316/316 298/298/298 315/315/315
f  317/317/317 293/293/293 316/316/316
f  293/293/293 317/317/317 292/292/292
f  292/292/292 318/318/318 281/281/281
f  318/318/318 292/292/292 317/317/317
f  281/281/281 319/319/319 280/280/280
f  319/319/319 281/281/281 318/318/318
f  320/320/320 280/280/280 319/319/319
f  280/280/280 320/320/320 279/279/279
f  321/321/321 279/279/279 320/320/320
f  279/279/279 321/321/321 278/278/278
f  278/278/278 322/322/322 277/277/277
f  322/322/322 278/278/278 321/321/321
f  277/277/277 322/322/322 276/276/276
f  274/274/274 323/323/323 275/275/275
f  273/273/273 323/323/323 274/274/274
f  276/276/276 323/323/323 273/273/273
f  323/323/323 276/276/276 322/322/322
f  275/275/275 324/324/324 265/265/265
f  265/265/265 324/324/324 264/264/264
f  323/323/323 322/322/322 324/324/324
f  324/324/324 275/275/275 323/323/323
f  264/264/264 325/325/325 263/263/263
f  321/321/321 325/325/325 322/322/322
f  322/322/322 325/325/325 324/324/324
f  264/264/264 324/324/324 325/325/325
f  325/325/325 321/321/321 326/326/326
f  326/326/326 263/263/263 325/325/325
f  263/263/263 326/326/326 262/262/262
f  262/262/262 326/326/326 261/261/261
f  320/320/320 326/326/326 321/321/321
f  327/327/327 261/261/261 326/326/326
f  318/318/318 327/327/327 319/319/319
f  319/319/319 327/327/327 320/320/320
f  326/326/326 320/320/320 327/327/327
f  261/261/261 327/327/327 328/328/328
f  327/327/327 318/318/318 329/329/329
f  329/329/329 328/328/328 327/327/327
f  317/317/317 329/329/329 318/318/318
f  317/317/317 330/330/330 329/329/329
f  328/328/328 329/329/329 330/330/330
f  316/316/316 331/331/331 317/317/317
f  330/330/330 317/317/317 331/331/331
f  331/331/331 316/316/316 332/332/332
f  315/315/315 332/332/332 316/316/316
f  331/331/331 333/333/333 330/330/330
f  332/332/332 333/333/333 331/331/331
f  334/334/334 330/330/330 333/333/333
f  330/330/330 335/335/335 328/328/328
f  335/335/335 330/330/330 334/334/334
f  328/328/328 336/336/336 261/261/261
f  336/336/336 328/328/328 335/335/335
f  261/261/261 337/337/337 260/260/260
f  337/337/337 261/261/261 336/336/336
f  338/338/338 260/260/260 337/337/337
f  260/260/260 338/338/338 246/246/246
f  336/336/336 339/339/339 337/337/337
f  337/337/337 339/339/339 338/338/338
f  335/335/335 340/340/340 336/336/336
f  339/339/339 336/336/336 340/340/340
f  340/340/340 341/341/341 339/339/339
f  341/341/341 340/340/340 335/335/335
f  339/339/339 342/342/342 338/338/338
f  342/342/342 339/339/339 341/341/341
f  343/343/343 338/338/338 342/342/342
f  343/343/343 342/342/342 341/341/341
f  344/344/344 338/338/338 343/343/343
f  246/246/246 345/345/345 272/272/272
f  338/338/338 345/345/345 246/246/246
f  345/345/345 338/338/338 344/344/344
f  272/272/272 346/346/346 244/244/244
f  244/244/244 346/346/346 243/243/243
f  346/346/346 272/272/272 345/345/345
f  347/347/347 243/243/243 346/346/346
f  243/243/243 347/347/347 242/242/242
f  242/242/242 348/348/348 241/241/241
f  348/348/348 242/242/242 347/347/347
f  241/241/241 349/349/349 240/240/240
f  349/349/349 241/241/241 348/348/348
f  239/239/239 350/350/350 238/238/238
f  240/240/240 350/350/350 239/239/239
f  350/350/350 240/240/240 349/349/349
f  238/238/238 351/351/351 235/235/235
f  235/235/235 351/351/351 236/236/236
f  236/236/236 351/351/351 237/237/237
f  351/351/351 238/238/238 350/350/350
f  227/227/227 352/352/352 226/226/226
f  352/352/352 237/237/237 351/351/351
f  351/351/351 350/350/350 352/352/352
f  237/237/237 352/352/352 227/227/227
f  226/226/226 353/353/353 225/225/225
f  349/349/349 353/353/353 350/350/350
f  226/226/226 352/352/352 353/353/353
f  350/350/350 353/353/353 352/352/352
f  353/353/353 349/349/349 354/354/354
f  354/354/354 225/225/225 353/353/353
f  225/225/225 354/354/354 224/224/224
f  224/224/224 354/354/354 223/223/223
f  348/348/348 354/354/354 349/349/349
f  355/355/355 223/223/223 354/354/354
f  347/347/347 355/355/355 348/348/348
f  354/354/354 348/348/348 355/355/355
f  346/346/346 355/355/355 347/347/347
f  223/223/223 355/355/355 356/356/356
f  355/355/355 346/346/346 357/357/357
f  345/345/345 357/357/357 346/346/346
f  357/357/357 356/356/356 355/355/355
f  356/356/356 357/357/357 358/358/358
f  343/343/343 358/358/358 344/344/344
f  344/344/344 358/358/358 345/345/345
f  345/345/345 358/358/358 357/357/357
f  359/359/359 358/358/358 343/343/343
f  360/360/360 358/358/358 359/359/359
f  358/358/358 360/360/360 356/356/356
f  356/356/356 361/361/361 223/223/223
f  361/361/361 356/356/356 360/360/360
f  223/223/223 362/362/362 222/222/222
f  362/362/362 223/223/223 361/361/361
f  363/363/363 222/222/222 362/362/362
f  222/222/222 363/363/363 208/208/208
f  364/364/364 208/208/208 363/363/363
f  208/208/208 364/364/364 234/234/234
f  365/365/365 234/234/234 364/364/364
f  206/206/206 365/365/365 205/205/205
f  234/234/234 365/365/365 206/206/206
f  205/205/205 366/366/366 204/204/204
f  366/366/366 205/205/205 365/365/365
f  367/367/367 204/204/204 366/366/366
f  204/204/204 367/367/367 203/203/203
f  368/368/368 203/203/203 367/367/367
f  203/203/203 368/368/368 202/202/202
f  201/201/201 369/369/369 200/200/200
f  202/202/202 369/369/369 201/201/201
f  369/369/369 202/202/202 368/368/368
f  370/370/370 200/200/200 369/369/369
f  200/200/200 370/370/370 199/199/199
f  199/199/199 371/371/371 7/7/7
f  371/371/371 199/199/199 370/370/370
f  7/7/7 371/371/371 372/372/372
f  372/372/372 371/371/371 373/373/373
f  370/370/370 373/373/373 371/371/371
f  5/5/5 7/7/7 374/374/374
f  372/372/372 374/374/374 7/7/7
f  373/373/373 375/375/375 372/372/372
f  374/374/374 372/372/372 375/375/375
f  375/375/375 373/373/373 376/376/376
f  370/370/370 376/376/376 373/373/373
f  369/369/369 376/376/376 370/370/370
f  368/368/368 377/377/377 369/369/369
f  376/376/376 369/369/369 377/377/377
f  376/376/376 378/378/378 375/375/375
f  377/377/377 378/378/378 376/376/376
f  375/375/375 379/379/379 374/374/374
f  379/379/379 375/375/375 378/378/378
f  380/380/380 374/374/374 379/379/379
f  381/381/381 5/5/5 374/374/374
f  5/5/5 381/381/381 3/3/3
f  3/3/3 381/381/381 11/11/11
f  374/374/374 380/380/380 381/381/381
f  11/11/11 381/381/381 382/382/382
f  382/382/382 381/381/381 380/380/380
f  379/379/379 383/383/383 380/380/380
f  380/380/380 383/383/383 382/382/382
f  383/383/383 379/379/379 384/384/384
f  384/384/384 379/379/379 385/385/385
f  386/386/386 385/385/385 379/379/379
f  386/386/386 379/379/379 378/378/378
f  385/385/385 386/386/386 387/387/387
f  387/387/387 386/386/386 388/388/388
f  378/378/378 388/388/388 386/386/386
f  377/377/377 389/389/389 378/378/378
f  388/388/388 378/378/378 389/389/389
f  367/367/367 390/390/390 368/368/368
f  368/368/368 390/390/390 377/377/377
f  389/389/389 377/377/377 390/390/390
f  366/366/366 391/391/391 367/367/367
f  365/365/365 391/391/391 366/366/366
f  390/390/390 367/367/367 391/391/391
f  364/364/364 392/392/392 365/365/365
f  391/391/391 365/365/365 392/392/392
f  392/392/392 364/364/364 393/393/393
f  363/363/363 394/394/394 364/364/364
f  393/393/393 364/364/364 394/394/394
f  394/394/394 395/395/395 393/393/393
f  395/395/395 394/394/394 363/363/363
f  396/396/396 393/393/393 395/395/395
f  393/393/393 396/396/396 397/397/397
f  395/395/395 398/398/398 396/396/396
f  397/397/397 396/396/396 398/398/398
f  398/398/398 395/395/395 399/399/399
f  363/363/363 399/399/399 395/395/395
f  399/399/399 400/400/400 398/398/398
f  400/400/400 399/399/399 363/363/363
f  363/363/363 362/362/362 400/400/400
f  361/361/361 400/400/400 362/362/362
f  360/360/360 401/401/401 361/361/361
f  400/400/400 361/361/361 401/401/401
f  402/402/402 401/401/401 360/360/360
f  401/401/401 402/402/402 400/400/400
f  400/400/400 403/403/403 398/398/398
f  403/403/403 400/400/400 402/402/402
f  403/403/403 402/402/402 404/404/404
f  404/404/404 398/398/398 403/403/403
f  398/398/398 405/405/405 397/397/397
f  405/405/405 398/398/398 404/404/404
f  382/382/382 383/383/383 406/406/406
f  384/384/384 406/406/406 383/383/383
f  393/393/393 407/407/407 392/392/392
f  397/397/397 407/407/407 393/393/393
f  391/391/391 392/392/392 407/407/407
f  407/407/407 397/397/397 408/408/408
f  409/409/409 408/408/408 397/397/397
f  408/408/408 409/409/409 410/410/410
f  411/411/411 410/410/410 409/409/409
f  404/404/404 411/411/411 405/405/405
f  405/405/405 411/411/411 397/397/397
f  397/397/397 411/411/411 409/409/409
f  410/410/410 411/411/411 412/412/412
f  412/412/412 411/411/411 413/413/413
f  411/411/411 404/404/404 414/414/414
f  414/414/414 413/413/413 411/411/411
f  413/413/413 414/414/414 415/415/415
f  404/404/404 415/415/415 414/414/414
f  402/402/402 416/416/416 404/404/404
f  415/415/415 404/404/404 416/416/416
f  415/415/415 416/416/416 417/417/417
f  416/416/416 402/402/402 417/417/417
f  417/417/417 402/402/402 418/418/418
f  360/360/360 418/418/418 402/402/402
f  418/418/418 360/360/360 419/419/419
f  359/359/359 419/419/419 360/360/360
f  343/343/343 419/419/419 359/359/359
f  417/417/417 418/418/418 419/419/419
f  341/341/341 420/420/420 343/343/343
f  419/419/419 343/343/343 420/420/420
f  421/421/421 420/420/420 341/341/341
f  420/420/420 421/421/421 419/419/419
f  335/335/335 422/422/422 341/341/341
f  341/341/341 422/422/422 421/421/421
f  422/422/422 335/335/335 423/423/423
f  334/334/334 423/423/423 335/335/335
f  333/333/333 423/423/423 334/334/334
f  422/422/422 423/423/423 421/421/421
f  332/332/332 424/424/424 333/333/333
f  423/423/423 333/333/333 424/424/424
f  424/424/424 332/332/332 425/425/425
f  426/426/426 425/425/425 332/332/332
f  425/425/425 427/427/427 424/424/424
f  427/427/427 425/425/425 426/426/426
f  428/428/428 424/424/424 427/427/427
f  424/424/424 428/428/428 423/423/423
f  423/423/423 429/429/429 421/421/421
f  429/429/429 423/423/423 428/428/428
f  430/430/430 421/421/421 429/429/429
f  429/429/429 428/428/428 430/430/430
f  431/431/431 419/419/419 421/421/421
f  421/421/421 430/430/430 431/431/431
f  417/417/417 431/431/431 430/430/430
f  419/419/419 431/431/431 417/417/417
f  432/432/432 430/430/430 428/428/428
f  427/427/427 432/432/432 428/428/428
f  433/433/433 430/430/430 432/432/432
f  417/417/417 434/434/434 415/415/415
f  434/434/434 417/417/417 430/430/430
f  415/415/415 434/434/434 433/433/433
f  430/430/430 433/433/433 434/434/434
f  435/435/435 432/432/432 427/427/427
f  432/432/432 436/436/436 433/433/433
f  436/436/436 432/432/432 435/435/435
f  437/437/437 433/433/433 436/436/436
f  433/433/433 437/437/437 415/415/415
f  415/415/415 437/437/437 413/413/413
f  413/413/413 438/438/438 412/412/412
f  438/438/438 413/413/413 437/437/437
f  436/436/436 439/439/439 437/437/437
f  437/437/437 439/439/439 438/438/438
f  439/439/439 436/436/436 440/440/440
f  439/439/439 440/440/440 438/438/438
f  440/440/440 436/436/436 441/441/441
f  427/427/427 442/442/442 435/435/435
f  435/435/435 442/442/442 436/436/436
f  441/441/441 436/436/436 442/442/442
f  426/426/426 443/443/443 427/427/427
f  442/442/442 427/427/427 443/443/443
f  444/444/444 443/443/443 426/426/426
f  443/443/443 444/444/444 442/442/442
f  445/445/445 442/442/442 444/444/444
f  441/441/441 446/446/446 440/440/440
f  442/442/442 446/446/446 441/441/441
f  446/446/446 442/442/442 445/445/445
f  447/447/447 440/440/440 446/446/446
f  440/440/440 447/447/447 448/448/448
f  448/448/448 447/447/447 449/449/449
f  446/446/446 449/449/449 447/447/447
f  440/440/440 448/448/448 450/450/450
f  450/450/450 438/438/438 440/440/440
f  451/451/451 450/450/450 448/448/448
f  438/438/438 450/450/450 451/451/451
f  451/451/451 452/452/452 438/438/438
f  438/438/438 452/452/452 412/412/412
f  453/453/453 412/412/412 452/452/452
f  412/412/412 453/453/453 410/410/410
f  451/451/451 453/453/453 452/452/452
f  454/454/454 410/410/410 453/453/453
f  410/410/410 454/454/454 408/408/408
f  407/407/407 455/455/455 391/391/391
f  408/408/408 455/455/455 407/407/407
f  455/455/455 408/408/408 454/454/454
f  391/391/391 455/455/455 390/390/390
f  389/389/389 456/456/456 388/388/388
f  456/456/456 390/390/390 455/455/455
f  390/390/390 456/456/456 389/389/389
f  455/455/455 457/457/457 456/456/456
f  388/388/388 456/456/456 457/457/457
f  454/454/454 458/458/458 455/455/455
f  457/457/457 455/455/455 458/458/458
f  458/458/458 454/454/454 459/459/459
f  453/453/453 459/459/459 454/454/454
f  459/459/459 453/453/453 460/460/460
f  453/453/453 451/451/451 461/461/461
f  461/461/461 460/460/460 453/453/453
f  451/451/451 462/462/462 461/461/461
f  460/460/460 461/461/461 462/462/462
f  448/448/448 463/463/463 451/451/451
f  462/462/462 451/451/451 463/463/463
f  463/463/463 448/448/448 464/464/464
f  463/463/463 464/464/464 462/462/462
f  465/465/465 464/464/464 448/448/448
f  448/448/448 449/449/449 465/465/465
f  464/464/464 465/465/465 466/466/466
f  466/466/466 465/465/465 467/467/467
f  449/449/449 467/467/467 465/465/465
f  446/446/446 468/468/468 449/449/449
f  467/467/467 449/449/449 468/468/468
f  445/445/445 469/469/469 446/446/446
f  468/468/468 446/446/446 469/469/469
f  444/444/444 469/469/469 445/445/445
f  470/470/470 469/469/469 444/444/444
f  471/471/471 469/469/469 470/470/470
f  469/469/469 472/472/472 468/468/468
f  472/472/472 469/469/469 471/471/471
f  468/468/468 473/473/473 467/467/467
f  473/473/473 468/468/468 472/472/472
f  472/472/472 474/474/474 473/473/473
f  471/471/471 474/474/474 472/472/472
f  474/474/474 471/471/471 475/475/475
f  476/476/476 475/475/475 471/471/471
f  312/312/312 476/476/476 313/313/313
f  477/477/477 475/475/475 476/476/476
f  475/475/475 478/478/478 474/474/474
f  478/478/478 475/475/475 477/477/477
f  478/478/478 62/62/62 479/479/479
f  62/62/62 61/61/61 479/479/479
f  479/479/479 474/474/474 478/478/478
f  480/480/480 474/474/474 479/479/479
f  474/474/474 480/480/480 473/473/473
f  444/444/444 481/481/481 470/470/470
f  470/470/470 481/481/481 471/471/471
f  471/471/471 481/481/481 476/476/476
f  481/481/481 313/313/313 476/476/476
f  313/313/313 481/481/481 314/314/314
f  426/426/426 482/482/482 444/444/444
f  481/481/481 444/444/444 482/482/482
f  482/482/482 483/483/483 481/481/481
f  314/314/314 481/481/481 483/483/483
f  483/483/483 315/315/315 314/314/314
f  482/482/482 426/426/426 483/483/483
f  426/426/426 332/332/332 484/484/484
f  483/483/483 484/484/484 315/315/315
f  484/484/484 483/483/483 426/426/426
f  315/315/315 484/484/484 332/332/332
f  476/476/476 312/312/312 485/485/485
f  477/477/477 476/476/476 485/485/485
f  485/485/485 312/312/312 486/486/486
f  311/311/311 486/486/486 312/312/312
f  486/486/486 311/311/311 487/487/487
f  310/310/310 488/488/488 311/311/311
f  487/487/487 311/311/311 488/488/488
f  309/309/309 489/489/489 310/310/310
f  488/488/488 310/310/310 489/489/489
f  489/489/489 490/490/490 488/488/488
f  491/491/491 488/488/488 490/490/490
f  488/488/488 491/491/491 487/487/487
f  490/490/490 492/492/492 491/491/491
f  492/492/492 490/490/490 493/493/493
f  489/489/489 493/493/493 490/490/490
f  309/309/309 494/494/494 489/489/489
f  493/493/493 489/489/489 494/494/494
f  493/493/493 495/495/495 492/492/492
f  494/494/494 495/495/495 493/493/493
f  492/492/492 496/496/496 491/491/491
f  496/496/496 492/492/492 495/495/495
f  72/72/72 496/496/496 74/74/74
f  495/495/495 76/76/76 496/496/496
f  74/74/74 496/496/496 76/76/76
f  496/496/496 72/72/72 497/497/497
f  70/70/70 497/497/497 72/72/72
f  497/497/497 491/491/491 496/496/496
f  491/491/491 497/497/497 487/487/487
f  68/68/68 498/498/498 70/70/70
f  497/497/497 70/70/70 498/498/498
f  498/498/498 487/487/487 497/497/497
f  487/487/487 499/499/499 486/486/486
f  498/498/498 68/68/68 499/499/499
f  66/66/66 499/499/499 68/68/68
f  499/499/499 487/487/487 498/498/498
f  500/500/500 486/486/486 499/499/499
f  64/64/64 500/500/500 66/66/66
f  499/499/499 66/66/66 500/500/500
f  486/486/486 500/500/500 485/485/485
f  485/485/485 501/501/501 477/477/477
f  62/62/62 478/478/478 501/501/501
f  500/500/500 64/64/64 501/501/501
f  477/477/477 501/501/501 478/478/478
f  501/501/501 485/485/485 500/500/500
f  501/501/501 64/64/64 62/62/62
f  494/494/494 502/502/502 495/495/495
f  76/76/76 502/502/502 78/78/78
f  76/76/76 495/495/495 502/502/502
f  307/307/307 503/503/503 309/309/309
f  305/305/305 503/503/503 307/307/307
f  502/502/502 494/494/494 503/503/503
f  309/309/309 503/503/503 494/494/494
f  80/80/80 504/504/504 83/83/83
f  78/78/78 504/504/504 80/80/80
f  83/83/83 504/504/504 305/305/305
f  503/503/503 305/305/305 504/504/504
f  502/502/502 503/503/503 504/504/504
f  504/504/504 78/78/78 502/502/502
f  505/505/505 17/17/17 15/15/15
f  17/17/17 505/505/505 506/506/506
f  506/506/506 19/19/19 17/17/17
f  19/19/19 507/507/507 21/21/21
f  507/507/507 19/19/19 506/506/506
f  21/21/21 508/508/508 23/23/23
f  508/508/508 21/21/21 507/507/507
f  509/509/509 23/23/23 508/508/508
f  23/23/23 509/509/509 25/25/25
f  25/25/25 510/510/510 26/26/26
f  510/510/510 25/25/25 509/509/509
f  511/511/511 507/507/507 506/506/506
f  505/505/505 511/511/511 506/506/506
f  387/387/387 511/511/511 385/385/385
f  512/512/512 507/507/507 511/511/511
f  507/507/507 512/512/512 508/508/508
f  511/511/511 387/387/387 512/512/512
f  513/513/513 508/508/508 512/512/512
f  508/508/508 513/513/513 509/509/509
f  514/514/514 509/509/509 513/513/513
f  509/509/509 514/514/514 510/510/510
f  511/511/511 505/505/505 515/515/515
f  515/515/515 385/385/385 511/511/511
f  385/385/385 515/515/515 384/384/384
f  406/406/406 384/384/384 515/515/515
f  505/505/505 15/15/15 516/516/516
f  13/13/13 516/516/516 15/15/15
f  11/11/11 516/516/516 13/13/13
f  382/382/382 516/516/516 11/11/11
f  515/515/515 516/516/516 406/406/406
f  516/516/516 515/515/515 505/505/505
f  406/406/406 516/516/516 382/382/382
f  457/457/457 517/517/517 388/388/388
f  458/458/458 517/517/517 457/457/457
f  388/388/388 517/517/517 387/387/387
f  512/512/512 387/387/387 517/517/517
f  512/512/512 517/517/517 513/513/513
f  459/459/459 518/518/518 458/458/458
f  518/518/518 513/513/513 517/517/517
f  513/513/513 518/518/518 514/514/514
f  517/517/517 458/458/458 518/518/518
f  518/518/518 459/459/459 519/519/519
f  460/460/460 519/519/519 459/459/459
f  519/519/519 460/460/460 520/520/520
f  460/460/460 462/462/462 521/521/521
f  521/521/521 520/520/520 460/460/460
f  464/464/464 521/521/521 462/462/462
f  520/520/520 521/521/521 464/464/464
f  520/520/520 464/464/464 522/522/522
f  466/466/466 522/522/522 464/464/464
f  523/523/523 514/514/514 518/518/518
f  520/520/520 523/523/523 519/519/519
f  514/514/514 523/523/523 510/510/510
f  519/519/519 523/523/523 518/518/518
f  510/510/510 524/524/524 26/26/26
f  524/524/524 510/510/510 523/523/523
f  523/523/523 520/520/520 525/525/525
f  525/525/525 524/524/524 523/523/523
f  522/522/522 525/525/525 520/520/520
f  526/526/526 525/525/525 522/522/522
f  525/525/525 526/526/526 524/524/524
f  527/527/527 524/524/524 526/526/526
f  26/26/26 527/527/527 28/28/28
f  524/524/524 527/527/527 26/26/26
f  528/528/528 28/28/28 527/527/527
f  28/28/28 528/528/528 30/30/30
f  526/526/526 529/529/529 527/527/527
f  528/528/528 527/527/527 529/529/529
f  522/522/522 529/529/529 526/526/526
f  529/529/529 522/522/522 530/530/530
f  466/466/466 530/530/530 522/522/522
f  530/530/530 466/466/466 531/531/531
f  467/467/467 531/531/531 466/466/466
f  531/531/531 467/467/467 532/532/532
f  473/473/473 533/533/533 467/467/467
f  532/532/532 467/467/467 533/533/533
f  533/533/533 473/473/473 534/534/534
f  480/480/480 534/534/534 473/473/473
f  535/535/535 479/479/479 61/61/61
f  479/479/479 535/535/535 480/480/480
f  534/534/534 480/480/480 535/535/535
f  61/61/61 59/59/59 535/535/535
f  535/535/535 536/536/536 534/534/534
f  57/57/57 536/536/536 59/59/59
f  536/536/536 535/535/535 59/59/59
f  534/534/534 537/537/537 533/533/533
f  537/537/537 534/534/534 536/536/536
f  536/536/536 57/57/57 538/538/538
f  55/55/55 538/538/538 57/57/57
f  536/536/536 538/538/538 537/537/537
f  538/538/538 55/55/55 539/539/539
f  53/53/53 539/539/539 55/55/55
f  51/51/51 540/540/540 53/53/53
f  539/539/539 53/53/53 540/540/540
f  541/541/541 537/537/537 538/538/538
f  541/541/541 539/539/539 540/540/540
f  539/539/539 541/541/541 538/538/538
f  542/542/542 537/537/537 541/541/541
f  537/537/537 542/542/542 533/533/533
f  533/533/533 543/543/543 532/532/532
f  543/543/543 533/533/533 542/542/542
f  531/531/531 544/544/544 530/530/530
f  544/544/544 532/532/532 543/543/543
f  532/532/532 544/544/544 531/531/531
f  545/545/545 530/530/530 544/544/544
f  530/530/530 546/546/546 529/529/529
f  529/529/529 546/546/546 528/528/528
f  546/546/546 530/530/530 545/545/545
f  30/30/30 547/547/547 32/32/32
f  528/528/528 547/547/547 30/30/30
f  547/547/547 528/528/528 546/546/546
f  32/32/32 548/548/548 34/34/34
f  548/548/548 32/32/32 547/547/547
f  34/34/34 549/549/549 36/36/36
f  549/549/549 34/34/34 548/548/548
f  548/548/548 550/550/550 549/549/549
f  547/547/547 550/550/550 548/548/548
f  546/546/546 550/550/550 547/547/547
f  545/545/545 550/550/550 546/546/546
f  550/550/550 545/545/545 551/551/551
f  551/551/551 545/545/545 552/552/552
f  544/544/544 552/552/552 545/545/545
f  543/543/543 553/553/553 544/544/544
f  542/542/542 553/553/553 543/543/543
f  552/552/552 544/544/544 553/553/553
f  541/541/541 554/554/554 542/542/542
f  553/553/553 542/542/542 554/554/554
f  540/540/540 555/555/555 541/541/541
f  554/554/554 541/541/541 555/555/555
f  555/555/555 540/540/540 556/556/556
f  51/51/51 556/556/556 540/540/540
f  49/49/49 556/556/556 51/51/51
f  47/47/47 556/556/556 49/49/49
f  557/557/557 556/556/556 47/47/47
f  556/556/556 557/557/557 558/558/558
f  556/556/556 558/558/558 555/555/555
f  559/559/559 558/558/558 557/557/557
f  560/560/560 555/555/555 558/558/558
f  558/558/558 559/559/559 560/560/560
f  555/555/555 560/560/560 554/554/554
f  560/560/560 561/561/561 554/554/554
f  553/553/553 561/561/561 552/552/552
f  561/561/561 560/560/560 559/559/559
f  554/554/554 561/561/561 553/553/553
f  562/562/562 552/552/552 561/561/561
f  552/552/552 562/562/562 551/551/551
f  563/563/563 551/551/551 562/562/562
f  564/564/564 551/551/551 563/563/563
f  551/551/551 564/564/564 550/550/550
f  550/550/550 564/564/564 549/549/549
f  565/565/565 549/549/549 564/564/564
f  36/36/36 565/565/565 38/38/38
f  549/549/549 565/565/565 36/36/36
f  38/38/38 565/565/565 40/40/40
f  40/40/40 565/565/565 566/566/566
f  567/567/567 564/564/564 563/563/563
f  564/564/564 567/567/567 565/565/565
f  567/567/567 566/566/566 565/565/565
f  562/562/562 568/568/568 563/563/563
f  563/563/563 568/568/568 567/567/567
f  566/566/566 567/567/567 568/568/568
f  568/568/568 562/562/562 569/569/569
f  561/561/561 569/569/569 562/562/562
f  569/569/569 566/566/566 568/568/568
f  566/566/566 570/570/570 40/40/40
f  40/40/40 570/570/570 42/42/42
f  570/570/570 566/566/566 569/569/569
f  571/571/571 42/42/42 570/570/570
f  42/42/42 571/571/571 44/44/44
f  44/44/44 571/571/571 47/47/47
f  47/47/47 571/571/571 557/557/557
f  557/557/557 572/572/572 559/559/559
f  559/559/559 572/572/572 561/561/561
f  561/561/561 572/572/572 569/569/569
f  569/569/569 572/572/572 570/570/570
f  571/571/571 570/570/570 572/572/572
f  572/572/572 557/557/557 571/571/571
f  573/573/573 574/574/574 575/575/575
f  576/576/576 575/575/575 574/574/574
f  575/575/575 576/576/576 577/577/577
f  573/573/573 578/578/578 574/574/574
f  573/573/573 575/575/575 579/579/579
f  580/580/580 579/579/579 575/575/575
f  579/579/579 580/580/580 581/581/581
f  582/582/582 581/581/581 580/580/580
f  581/581/581 582/582/582 583/583/583
f  584/584/584 583/583/583 582/582/582
f  583/583/583 584/584/584 585/585/585
f  586/586/586 585/585/585 584/584/584
f  585/585/585 586/586/586 587/587/587
f  588/588/588 587/587/587 586/586/586
f  587/587/587 588/588/588 589/589/589
f  590/590/590 589/589/589 588/588/588
f  589/589/589 590/590/590 591/591/591
f  592/592/592 591/591/591 590/590/590
f  591/591/591 592/592/592 593/593/593
f  590/590/590 594/594/594 592/592/592
f  588/588/588 595/595/595 590/590/590
f  594/594/594 590/590/590 595/595/595
f  586/586/586 596/596/596 588/588/588
f  595/595/595 588/588/588 596/596/596
f  584/584/584 597/597/597 586/586/586
f  596/596/596 586/586/586 597/597/597
f  597/597/597 584/584/584 598/598/598
f  582/582/582 598/598/598 584/584/584
f  597/597/597 599/599/599 596/596/596
f  598/598/598 599/599/599 597/597/597
f  596/596/596 600/600/600 595/595/595
f  600/600/600 596/596/596 599/599/599
f  595/595/595 601/601/601 594/594/594
f  601/601/601 595/595/595 600/600/600
f  602/602/602 594/594/594 601/601/601
f  594/594/594 603/603/603 592/592/592
f  603/603/603 594/594/594 602/602/602
f  592/592/592 604/604/604 593/593/593
f  604/604/604 592/592/592 603/603/603
f  605/605/605 593/593/593 604/604/604
f  593/593/593 605/605/605 606/606/606
f  607/607/607 606/606/606 605/605/605
f  606/606/606 607/607/607 608/608/608
f  609/609/609 608/608/608 607/607/607
f  608/608/608 609/609/609 610/610/610
f  611/611/611 610/610/610 609/609/609
f  610/610/610 611/611/611 612/612/612
f  613/613/613 612/612/612 611/611/611
f  612/612/612 613/613/613 614/614/614
f  615/615/615 614/614/614 613/613/613
f  614/614/614 615/615/615 616/616/616
f  617/617/617 616/616/616 615/615/615
f  616/616/616 617/617/617 618/618/618
f  613/613/613 619/619/619 615/615/615
f  615/615/615 619/619/619 617/617/617
f  611/611/611 620/620/620 613/613/613
f  619/619/619 613/613/613 620/620/620
f  609/609/609 621/621/621 611/611/611
f  620/620/620 611/611/611 621/621/621
f  621/621/621 609/609/609 622/622/622
f  607/607/607 622/622/622 609/609/609
f  605/605/605 623/623/623 607/607/607
f  622/622/622 607/607/607 623/623/623
f  604/604/604 624/624/624 605/605/605
f  623/623/623 605/605/605 624/624/624
f  603/603/603 625/625/625 604/604/604
f  624/624/624 604/604/604 625/625/625
f  625/625/625 603/603/603 626/626/626
f  602/602/602 626/626/626 603/603/603
f  601/601/601 627/627/627 602/602/602
f  626/626/626 602/602/602 627/627/627
f  600/600/600 628/628/628 601/601/601
f  627/627/627 601/601/601 628/628/628
f  599/599/599 629/629/629 600/600/600
f  628/628/628 600/600/600 629/629/629
f  629/629/629 630/630/630 628/628/628
f  631/631/631 628/628/628 630/630/630
f  628/628/628 631/631/631 632/632/632
f  632/632/632 627/627/627 628/628/628
f  632/632/632 631/631/631 633/633/633
f  630/630/630 634/634/634 631/631/631
f  633/633/633 631/631/631 634/634/634
f  634/634/634 630/630/630 635/635/635
f  629/629/629 635/635/635 630/630/630
f  599/599/599 636/636/636 629/629/629
f  635/635/635 629/629/629 636/636/636
f  598/598/598 637/637/637 599/599/599
f  636/636/636 599/599/599 637/637/637
f  637/637/637 598/598/598 638/638/638
f  580/580/580 638/638/638 582/582/582
f  575/575/575 638/638/638 580/580/580
f  577/577/577 638/638/638 575/575/575
f  582/582/582 638/638/638 598/598/598
f  638/638/638 639/639/639 637/637/637
f  638/638/638 577/577/577 639/639/639
f  640/640/640 639/639/639 577/577/577
f  639/639/639 640/640/640 641/641/641
f  641/641/641 637/637/637 639/639/639
f  637/637/637 641/641/641 636/636/636
f  636/636/636 642/642/642 635/635/635
f  642/642/642 641/641/641 640/640/640
f  641/641/641 642/642/642 636/636/636
f  643/643/643 635/635/635 642/642/642
f  635/635/635 644/644/644 634/634/634
f  644/644/644 635/635/635 643/643/643
f  634/634/634 644/644/644 645/645/645
f  645/645/645 644/644/644 646/646/646
f  643/643/643 646/646/646 644/644/644
f  646/646/646 643/643/643 647/647/647
f  647/647/647 643/643/643 648/648/648
f  648/648/648 643/643/643 649/649/649
f  576/576/576 650/650/650 577/577/577
f  577/577/577 650/650/650 640/640/640
f  640/640/640 650/650/650 642/642/642
f  642/642/642 650/650/650 643/643/643
f  649/649/649 643/643/643 650/650/650
f  650/650/650 651/651/651 649/649/649
f  651/651/651 650/650/650 576/576/576
f  652/652/652 649/649/649 651/651/651
f  649/649/649 652/652/652 648/648/648
f  648/648/648 653/653/653 647/647/647
f  653/653/653 648/648/648 652/652/652
f  647/647/647 654/654/654 646/646/646
f  654/654/654 647/647/647 653/653/653
f  646/646/646 655/655/655 645/645/645
f  655/655/655 646/646/646 654/654/654
f  656/656/656 654/654/654 653/653/653
f  652/652/652 656/656/656 653/653/653
f  657/657/657 654/654/654 656/656/656
f  654/654/654 657/657/657 655/655/655
f  651/651/651 658/658/658 652/652/652
f  656/656/656 652/652/652 658/658/658
f  576/576/576 659/659/659 651/651/651
f  574/574/574 659/659/659 576/576/576
f  578/578/578 659/659/659 574/574/574
f  658/658/658 651/651/651 659/659/659
f  660/660/660 659/659/659 578/578/578
f  659/659/659 661/661/661 658/658/658
f  661/661/661 659/659/659 660/660/660
f  662/662/662 658/658/658 661/661/661
f  658/658/658 662/662/662 663/663/663
f  658/658/658 663/663/663 656/656/656
f  664/664/664 663/663/663 662/662/662
f  665/665/665 656/656/656 663/663/663
f  663/663/663 664/664/664 665/665/665
f  656/656/656 665/665/665 657/657/657
f  666/666/666 665/665/665 664/664/664
f  667/667/667 657/657/657 665/665/665
f  665/665/665 666/666/666 667/667/667
f  668/668/668 667/667/667 666/666/666
f  667/667/667 668/668/668 669/669/669
f  670/670/670 669/669/669 668/668/668
f  669/669/669 670/670/670 671/671/671
f  672/672/672 671/671/671 670/670/670
f  671/671/671 672/672/672 673/673/673
f  674/674/674 673/673/673 672/672/672
f  673/673/673 674/674/674 675/675/675
f  675/675/675 674/674/674 676/676/676
f  677/677/677 676/676/676 674/674/674
f  676/676/676 677/677/677 678/678/678
f  679/679/679 678/678/678 677/677/677
f  678/678/678 679/679/679 680/680/680
f  681/681/681 680/680/680 679/679/679
f  680/680/680 681/681/681 682/682/682
f  683/683/683 682/682/682 681/681/681
f  682/682/682 683/683/683 684/684/684
f  685/685/685 684/684/684 683/683/683
f  684/684/684 685/685/685 686/686/686
f  687/687/687 686/686/686 685/685/685
f  686/686/686 687/687/687 688/688/688
f  689/689/689 688/688/688 687/687/687
f  688/688/688 689/689/689 690/690/690
f  691/691/691 690/690/690 689/689/689
f  690/690/690 691/691/691 692/692/692
f  693/693/693 692/692/692 691/691/691
f  692/692/692 693/693/693 694/694/694
f  695/695/695 694/694/694 693/693/693
f  696/696/696 694/694/694 695/695/695
f  694/694/694 696/696/696 697/697/697
f  698/698/698 697/697/697 696/696/696
f  697/697/697 698/698/698 699/699/699
f  700/700/700 699/699/699 698/698/698
f  699/699/699 700/700/700 701/701/701
f  702/702/702 701/701/701 700/700/700
f  701/701/701 702/702/702 703/703/703
f  704/704/704 703/703/703 702/702/702
f  703/703/703 704/704/704 705/705/705
f  706/706/706 705/705/705 704/704/704
f  705/705/705 706/706/706 707/707/707
f  708/708/708 707/707/707 706/706/706
f  707/707/707 708/708/708 709/709/709
f  710/710/710 709/709/709 708/708/708
f  709/709/709 710/710/710 711/711/711
f  711/711/711 710/710/710 712/712/712
f  713/713/713 712/712/712 710/710/710
f  712/712/712 713/713/713 714/714/714
f  715/715/715 714/714/714 713/713/713
f  714/714/714 715/715/715 716/716/716
f  717/717/717 716/716/716 715/715/715
f  716/716/716 717/717/717 718/718/718
f  719/719/719 718/718/718 717/717/717
f  718/718/718 719/719/719 720/720/720
f  721/721/721 720/720/720 719/719/719
f  720/720/720 721/721/721 722/722/722
f  723/723/723 722/722/722 721/721/721
f  722/722/722 723/723/723 724/724/724
f  725/725/725 724/724/724 723/723/723
f  724/724/724 725/725/725 726/726/726
f  727/727/727 726/726/726 725/725/725
f  726/726/726 727/727/727 728/728/728
f  729/729/729 728/728/728 727/727/727
f  728/728/728 729/729/729 730/730/730
f  731/731/731 730/730/730 729/729/729
f  732/732/732 730/730/730 731/731/731
f  730/730/730 732/732/732 733/733/733
f  734/734/734 733/733/733 732/732/732
f  733/733/733 734/734/734 735/735/735
f  736/736/736 735/735/735 734/734/734
f  735/735/735 736/736/736 737/737/737
f  738/738/738 737/737/737 736/736/736
f  737/737/737 738/738/738 739/739/739
f  740/740/740 739/739/739 738/738/738
f  739/739/739 740/740/740 741/741/741
f  742/742/742 741/741/741 740/740/740
f  741/741/741 742/742/742 743/743/743
f  744/744/744 743/743/743 742/742/742
f  743/743/743 744/744/744 745/745/745
f  746/746/746 745/745/745 744/744/744
f  745/745/745 746/746/746 747/747/747
f  747/747/747 746/746/746 748/748/748
f  749/749/749 748/748/748 746/746/746
f  748/748/748 749/749/749 750/750/750
f  751/751/751 750/750/750 749/749/749
f  750/750/750 751/751/751 752/752/752
f  753/753/753 752/752/752 751/751/751
f  752/752/752 753/753/753 754/754/754
f  755/755/755 754/754/754 753/753/753
f  754/754/754 755/755/755 756/756/756
f  757/757/757 756/756/756 755/755/755
f  756/756/756 757/757/757 758/758/758
f  759/759/759 758/758/758 757/757/757
f  758/758/758 759/759/759 760/760/760
f  761/761/761 760/760/760 759/759/759
f  760/760/760 761/761/761 762/762/762
f  763/763/763 762/762/762 761/761/761
f  762/762/762 763/763/763 764/764/764
f  765/765/765 764/764/764 763/763/763
f  764/764/764 765/765/765 766/766/766
f  767/767/767 766/766/766 765/765/765
f  768/768/768 766/766/766 767/767/767
f  766/766/766 768/768/768 769/769/769
f  770/770/770 769/769/769 768/768/768
f  769/769/769 770/770/770 771/771/771
f  772/772/772 771/771/771 770/770/770
f  771/771/771 772/772/772 773/773/773
f  774/774/774 773/773/773 772/772/772
f  773/773/773 774/774/774 775/775/775
f  776/776/776 775/775/775 774/774/774
f  775/775/775 776/776/776 777/777/777
f  778/778/778 777/777/777 776/776/776
f  777/777/777 778/778/778 779/779/779
f  780/780/780 779/779/779 778/778/778
f  779/779/779 780/780/780 781/781/781
f  782/782/782 781/781/781 780/780/780
f  781/781/781 782/782/782 783/783/783
f  783/783/783 782/782/782 784/784/784
f  785/785/785 784/784/784 782/782/782
f  784/784/784 785/785/785 786/786/786
f  787/787/787 786/786/786 785/785/785
f  786/786/786 787/787/787 788/788/788
f  789/789/789 788/788/788 787/787/787
f  788/788/788 789/789/789 790/790/790
f  791/791/791 790/790/790 789/789/789
f  790/790/790 791/791/791 792/792/792
f  793/793/793 792/792/792 791/791/791
f  792/792/792 793/793/793 794/794/794
f  795/795/795 794/794/794 793/793/793
f  794/794/794 795/795/795 796/796/796
f  797/797/797 796/796/796 795/795/795
f  796/796/796 797/797/797 798/798/798
f  799/799/799 798/798/798 797/797/797
f  798/798/798 799/799/799 800/800/800
f  801/801/801 800/800/800 799/799/799
f  617/617/617 802/802/802 618/618/618
f  800/800/800 801/801/801 802/802/802
f  803/803/803 802/802/802 801/801/801
f  618/618/618 802/802/802 803/803/803
f  802/802/802 617/617/617 804/804/804
f  804/804/804 617/617/617 805/805/805
f  619/619/619 805/805/805 617/617/617
f  805/805/805 619/619/619 806/806/806
f  620/620/620 807/807/807 619/619/619
f  806/806/806 619/619/619 807/807/807
f  622/622/622 808/808/808 621/621/621
f  621/621/621 808/808/808 620/620/620
f  807/807/807 620/620/620 808/808/808
f  808/808/808 622/622/622 809/809/809
f  623/623/623 809/809/809 622/622/622
f  809/809/809 623/623/623 810/810/810
f  624/624/624 810/810/810 623/623/623
f  810/810/810 624/624/624 811/811/811
f  625/625/625 811/811/811 624/624/624
f  626/626/626 812/812/812 625/625/625
f  811/811/811 625/625/625 812/812/812
f  812/812/812 813/813/813 811/811/811
f  811/811/811 813/813/813 810/810/810
f  810/810/810 814/814/814 809/809/809
f  814/814/814 810/810/810 813/813/813
f  809/809/809 815/815/815 808/808/808
f  815/815/815 809/809/809 814/814/814
f  816/816/816 808/808/808 815/815/815
f  808/808/808 816/816/816 807/807/807
f  807/807/807 817/817/817 806/806/806
f  817/817/817 807/807/807 816/816/816
f  806/806/806 818/818/818 805/805/805
f  818/818/818 806/806/806 817/817/817
f  805/805/805 819/819/819 804/804/804
f  819/819/819 805/805/805 818/818/818
f  818/818/818 820/820/820 819/819/819
f  817/817/817 820/820/820 818/818/818
f  816/816/816 820/820/820 817/817/817
f  815/815/815 821/821/821 816/816/816
f  820/820/820 816/816/816 821/821/821
f  821/821/821 815/815/815 822/822/822
f  814/814/814 822/822/822 815/815/815
f  822/822/822 814/814/814 823/823/823
f  823/823/823 814/814/814 824/824/824
f  813/813/813 824/824/824 814/814/814
f  824/824/824 813/813/813 825/825/825
f  626/626/626 826/826/826 812/812/812
f  825/825/825 813/813/813 826/826/826
f  812/812/812 826/826/826 813/813/813
f  826/826/826 626/626/626 827/827/827
f  627/627/627 827/827/827 626/626/626
f  632/632/632 828/828/828 627/627/627
f  827/827/827 627/627/627 828/828/828
f  828/828/828 829/829/829 827/827/827
f  827/827/827 829/829/829 826/826/826
f  830/830/830 826/826/826 829/829/829
f  826/826/826 830/830/830 825/825/825
f  829/829/829 831/831/831 830/830/830
f  825/825/825 830/830/830 831/831/831
f  831/831/831 829/829/829 832/832/832
f  828/828/828 833/833/833 829/829/829
f  832/832/832 829/829/829 833/833/833
f  833/833/833 828/828/828 834/834/834
f  632/632/632 834/834/834 828/828/828
f  834/834/834 632/632/632 835/835/835
f  633/633/633 836/836/836 632/632/632
f  835/835/835 632/632/632 836/836/836
f  645/645/645 837/837/837 634/634/634
f  634/634/634 837/837/837 633/633/633
f  836/836/836 633/633/633 837/837/837
f  837/837/837 645/645/645 838/838/838
f  655/655/655 838/838/838 645/645/645
f  838/838/838 655/655/655 839/839/839
f  671/671/671 839/839/839 669/669/669
f  840/840/840 839/839/839 655/655/655
f  657/657/657 667/667/667 840/840/840
f  657/657/657 840/840/840 655/655/655
f  669/669/669 840/840/840 667/667/667
f  839/839/839 840/840/840 669/669/669
f  673/673/673 841/841/841 671/671/671
f  839/839/839 841/841/841 838/838/838
f  839/839/839 671/671/671 841/841/841
f  838/838/838 842/842/842 837/837/837
f  842/842/842 838/838/838 841/841/841
f  843/843/843 837/837/837 842/842/842
f  837/837/837 843/843/843 836/836/836
f  836/836/836 844/844/844 835/835/835
f  844/844/844 836/836/836 843/843/843
f  835/835/835 844/844/844 845/845/845
f  846/846/846 845/845/845 844/844/844
f  845/845/845 846/846/846 847/847/847
f  848/848/848 847/847/847 846/846/846
f  847/847/847 849/849/849 845/845/845
f  847/847/847 848/848/848 849/849/849
f  850/850/850 849/849/849 848/848/848
f  851/851/851 845/845/845 849/849/849
f  852/852/852 845/845/845 851/851/851
f  845/845/845 853/853/853 835/835/835
f  835/835/835 853/853/853 834/834/834
f  853/853/853 845/845/845 852/852/852
f  834/834/834 854/854/854 833/833/833
f  854/854/854 834/834/834 853/853/853
f  855/855/855 833/833/833 854/854/854
f  855/855/855 853/853/853 852/852/852
f  853/853/853 855/855/855 854/854/854
f  856/856/856 833/833/833 855/855/855
f  857/857/857 833/833/833 856/856/856
f  833/833/833 857/857/857 832/832/832
f  832/832/832 857/857/857 831/831/831
f  858/858/858 831/831/831 857/857/857
f  831/831/831 858/858/858 825/825/825
f  858/858/858 857/857/857 859/859/859
f  859/859/859 825/825/825 858/858/858
f  825/825/825 860/860/860 824/824/824
f  860/860/860 825/825/825 859/859/859
f  824/824/824 861/861/861 823/823/823
f  861/861/861 824/824/824 860/860/860
f  862/862/862 823/823/823 861/861/861
f  823/823/823 862/862/862 822/822/822
f  863/863/863 822/822/822 862/862/862
f  822/822/822 864/864/864 821/821/821
f  864/864/864 822/822/822 863/863/863
f  865/865/865 821/821/821 864/864/864
f  821/821/821 865/865/865 820/820/820
f  820/820/820 865/865/865 819/819/819
f  819/819/819 866/866/866 804/804/804
f  866/866/866 819/819/819 865/865/865
f  802/802/802 867/867/867 800/800/800
f  804/804/804 867/867/867 802/802/802
f  867/867/867 804/804/804 866/866/866
f  800/800/800 867/867/867 798/798/798
f  798/798/798 867/867/867 868/868/868
f  866/866/866 868/868/868 867/867/867
f  865/865/865 869/869/869 866/866/866
f  868/868/868 866/866/866 869/869/869
f  870/870/870 869/869/869 865/865/865
f  871/871/871 869/869/869 870/870/870
f  869/869/869 871/871/871 868/868/868
f  846/846/846 844/844/844 872/872/872
f  843/843/843 872/872/872 844/844/844
f  870/870/870 865/865/865 873/873/873
f  864/864/864 873/873/873 865/865/865
f  870/870/870 874/874/874 871/871/871
f  873/873/873 874/874/874 870/870/870
f  871/871/871 875/875/875 868/868/868
f  868/868/868 875/875/875 798/798/798
f  798/798/798 875/875/875 796/796/796
f  796/796/796 875/875/875 794/794/794
f  875/875/875 871/871/871 874/874/874
f  876/876/876 794/794/794 875/875/875
f  794/794/794 876/876/876 792/792/792
f  874/874/874 876/876/876 875/875/875
f  792/792/792 877/877/877 790/790/790
f  877/877/877 792/792/792 876/876/876
f  790/790/790 878/878/878 788/788/788
f  878/878/878 790/790/790 877/877/877
f  788/788/788 879/879/879 786/786/786
f  879/879/879 788/788/788 878/878/878
f  880/880/880 786/786/786 879/879/879
f  786/786/786 880/880/880 784/784/784
f  784/784/784 881/881/881 783/783/783
f  881/881/881 784/784/784 880/880/880
f  877/877/877 882/882/882 878/878/878
f  874/874/874 882/882/882 876/876/876
f  876/876/876 882/882/882 877/877/877
f  873/873/873 882/882/882 874/874/874
f  883/883/883 878/878/878 882/882/882
f  878/878/878 883/883/883 879/879/879
f  884/884/884 879/879/879 883/883/883
f  879/879/879 884/884/884 880/880/880
f  880/880/880 885/885/885 881/881/881
f  885/885/885 880/880/880 884/884/884
f  882/882/882 873/873/873 886/886/886
f  864/864/864 886/886/886 873/873/873
f  863/863/863 886/886/886 864/864/864
f  886/886/886 883/883/883 882/882/882
f  862/862/862 887/887/887 863/863/863
f  861/861/861 887/887/887 862/862/862
f  887/887/887 883/883/883 886/886/886
f  883/883/883 887/887/887 884/884/884
f  886/886/886 863/863/863 887/887/887
f  884/884/884 888/888/888 885/885/885
f  888/888/888 887/887/887 861/861/861
f  887/887/887 888/888/888 884/884/884
f  889/889/889 885/885/885 888/888/888
f  885/885/885 889/889/889 881/881/881
f  881/881/881 890/890/890 783/783/783
f  890/890/890 881/881/881 889/889/889
f  891/891/891 783/783/783 890/890/890
f  783/783/783 891/891/891 781/781/781
f  892/892/892 781/781/781 891/891/891
f  781/781/781 892/892/892 779/779/779
f  779/779/779 893/893/893 777/777/777
f  893/893/893 779/779/779 892/892/892
f  777/777/777 894/894/894 775/775/775
f  894/894/894 777/777/777 893/893/893
f  895/895/895 775/775/775 894/894/894
f  775/775/775 895/895/895 773/773/773
f  893/893/893 896/896/896 894/894/894
f  894/894/894 896/896/896 895/895/895
f  892/892/892 897/897/897 893/893/893
f  896/896/896 893/893/893 897/897/897
f  897/897/897 892/892/892 898/898/898
f  891/891/891 898/898/898 892/892/892
f  890/890/890 899/899/899 891/891/891
f  898/898/898 891/891/891 899/899/899
f  889/889/889 900/900/900 890/890/890
f  899/899/899 890/890/890 900/900/900
f  899/899/899 901/901/901 898/898/898
f  900/900/900 901/901/901 899/899/899
f  902/902/902 898/898/898 901/901/901
f  898/898/898 902/902/902 897/897/897
f  897/897/897 903/903/903 896/896/896
f  903/903/903 897/897/897 902/902/902
f  904/904/904 896/896/896 903/903/903
f  896/896/896 905/905/905 895/895/895
f  905/905/905 896/896/896 904/904/904
f  906/906/906 895/895/895 905/905/905
f  895/895/895 906/906/906 773/773/773
f  773/773/773 906/906/906 771/771/771
f  771/771/771 906/906/906 769/769/769
f  769/769/769 906/906/906 907/907/907
f  905/905/905 908/908/908 906/906/906
f  908/908/908 907/907/907 906/906/906
f  907/907/907 908/908/908 909/909/909
f  910/910/910 909/909/909 908/908/908
f  908/908/908 905/905/905 910/910/910
f  904/904/904 910/910/910 905/905/905
f  909/909/909 910/910/910 911/911/911
f  911/911/911 910/910/910 904/904/904
f  909/909/909 912/912/912 907/907/907
f  912/912/912 909/909/909 911/911/911
f  907/907/907 913/913/913 769/769/769
f  769/769/769 913/913/913 766/766/766
f  913/913/913 907/907/907 912/912/912
f  914/914/914 766/766/766 913/913/913
f  766/766/766 914/914/914 764/764/764
f  764/764/764 914/914/914 762/762/762
f  762/762/762 914/914/914 915/915/915
f  916/916/916 915/915/915 914/914/914
f  912/912/912 916/916/916 913/913/913
f  913/913/913 916/916/916 914/914/914
f  915/915/915 916/916/916 917/917/917
f  918/918/918 917/917/917 916/916/916
f  911/911/911 918/918/918 912/912/912
f  916/916/916 912/912/912 918/918/918
f  919/919/919 917/917/917 918/918/918
f  920/920/920 917/917/917 919/919/919
f  917/917/917 920/920/920 915/915/915
f  762/762/762 921/921/921 760/760/760
f  921/921/921 915/915/915 920/920/920
f  915/915/915 921/921/921 762/762/762
f  760/760/760 921/921/921 758/758/758
f  758/758/758 922/922/922 756/756/756
f  922/922/922 758/758/758 921/921/921
f  756/756/756 923/923/923 754/754/754
f  923/923/923 756/756/756 922/922/922
f  754/754/754 924/924/924 752/752/752
f  924/924/924 754/754/754 923/923/923
f  925/925/925 752/752/752 924/924/924
f  752/752/752 925/925/925 750/750/750
f  926/926/926 750/750/750 925/925/925
f  750/750/750 926/926/926 748/748/748
f  922/922/922 927/927/927 923/923/923
f  923/923/923 927/927/927 924/924/924
f  924/924/924 928/928/928 925/925/925
f  928/928/928 924/924/924 927/927/927
f  925/925/925 929/929/929 926/926/926
f  929/929/929 925/925/925 928/928/928
f  921/921/921 930/930/930 922/922/922
f  920/920/920 930/930/930 921/921/921
f  919/919/919 930/930/930 920/920/920
f  927/927/927 922/922/922 930/930/930
f  930/930/930 919/919/919 931/931/931
f  918/918/918 931/931/931 919/919/919
f  930/930/930 931/931/931 927/927/927
f  931/931/931 918/918/918 932/932/932
f  904/904/904 933/933/933 911/911/911
f  903/903/903 933/933/933 904/904/904
f  932/932/932 918/918/918 933/933/933
f  911/911/911 933/933/933 918/918/918
f  902/902/902 934/934/934 903/903/903
f  933/933/933 903/903/903 934/934/934
f  933/933/933 934/934/934 932/932/932
f  927/927/927 935/935/935 928/928/928
f  932/932/932 935/935/935 931/931/931
f  935/935/935 927/927/927 931/931/931
f  936/936/936 928/928/928 935/935/935
f  928/928/928 936/936/936 929/929/929
f  937/937/937 929/929/929 936/936/936
f  929/929/929 938/938/938 926/926/926
f  938/938/938 929/929/929 937/937/937
f  926/926/926 939/939/939 748/748/748
f  939/939/939 926/926/926 938/938/938
f  935/935/935 932/932/932 940/940/940
f  936/936/936 935/935/935 940/940/940
f  940/940/940 932/932/932 934/934/934
f  938/938/938 941/941/941 939/939/939
f  937/937/937 941/941/941 938/938/938
f  941/941/941 937/937/937 942/942/942
f  942/942/942 937/937/937 943/943/943
f  936/936/936 944/944/944 937/937/937
f  943/943/943 937/937/937 944/944/944
f  944/944/944 936/936/936 945/945/945
f  940/940/940 945/945/945 936/936/936
f  934/934/934 945/945/945 940/940/940
f  902/902/902 946/946/946 934/934/934
f  945/945/945 946/946/946 944/944/944
f  945/945/945 934/934/934 946/946/946
f  901/901/901 947/947/947 902/902/902
f  947/947/947 944/944/944 946/946/946
f  946/946/946 902/902/902 947/947/947
f  944/944/944 947/947/947 948/948/948
f  947/947/947 901/901/901 949/949/949
f  949/949/949 948/948/948 947/947/947
f  950/950/950 948/948/948 949/949/949
f  943/943/943 944/944/944 951/951/951
f  948/948/948 951/951/951 944/944/944
f  951/951/951 948/948/948 950/950/950
f  949/949/949 901/901/901 952/952/952
f  900/900/900 952/952/952 901/901/901
f  889/889/889 952/952/952 900/900/900
f  888/888/888 953/953/953 889/889/889
f  952/952/952 889/889/889 953/953/953
f  861/861/861 954/954/954 888/888/888
f  953/953/953 888/888/888 954/954/954
f  860/860/860 955/955/955 861/861/861
f  859/859/859 955/955/955 860/860/860
f  954/954/954 861/861/861 955/955/955
f  956/956/956 955/955/955 859/859/859
f  957/957/957 955/955/955 956/956/956
f  955/955/955 957/957/957 954/954/954
f  954/954/954 958/958/958 953/953/953
f  953/953/953 958/958/958 952/952/952
f  958/958/958 954/954/954 957/957/957
f  952/952/952 959/959/959 949/949/949
f  959/959/959 952/952/952 958/958/958
f  958/958/958 960/960/960 959/959/959
f  949/949/949 959/959/959 960/960/960
f  960/960/960 958/958/958 961/961/961
f  957/957/957 961/961/961 958/958/958
f  961/961/961 962/962/962 960/960/960
f  961/961/961 957/957/957 962/962/962
f  962/962/962 957/957/957 963/963/963
f  859/859/859 964/964/964 956/956/956
f  956/956/956 964/964/964 957/957/957
f  963/963/963 957/957/957 964/964/964
f  964/964/964 859/859/859 965/965/965
f  857/857/857 965/965/965 859/859/859
f  855/855/855 966/966/966 856/856/856
f  856/856/856 966/966/966 857/857/857
f  965/965/965 857/857/857 966/966/966
f  966/966/966 964/964/964 965/965/965
f  966/966/966 855/855/855 967/967/967
f  855/855/855 852/852/852 968/968/968
f  968/968/968 967/967/967 855/855/855
f  967/967/967 969/969/969 966/966/966
f  969/969/969 967/967/967 968/968/968
f  970/970/970 966/966/966 969/969/969
f  966/966/966 970/970/970 964/964/964
f  963/963/963 971/971/971 962/962/962
f  971/971/971 970/970/970 969/969/969
f  964/964/964 971/971/971 963/963/963
f  971/971/971 964/964/964 970/970/970
f  972/972/972 962/962/962 971/971/971
f  962/962/962 972/972/972 973/973/973
f  971/971/971 974/974/974 972/972/972
f  973/973/973 972/972/972 974/974/974
f  975/975/975 960/960/960 962/962/962
f  962/962/962 973/973/973 975/975/975
f  976/976/976 975/975/975 973/973/973
f  960/960/960 975/975/975 976/976/976
f  960/960/960 977/977/977 949/949/949
f  949/949/949 977/977/977 950/950/950
f  976/976/976 950/950/950 977/977/977
f  977/977/977 960/960/960 976/976/976
f  950/950/950 976/976/976 978/978/978
f  950/950/950 978/978/978 951/951/951
f  943/943/943 951/951/951 979/979/979
f  979/979/979 978/978/978 976/976/976
f  978/978/978 979/979/979 951/951/951
f  973/973/973 980/980/980 976/976/976
f  976/976/976 980/980/980 979/979/979
f  980/980/980 981/981/981 979/979/979
f  980/980/980 973/973/973 981/981/981
f  982/982/982 981/981/981 973/973/973
f  973/973/973 974/974/974 982/982/982
f  981/981/981 982/982/982 983/983/983
f  983/983/983 982/982/982 974/974/974
f  984/984/984 979/979/979 981/981/981
f  979/979/979 984/984/984 985/985/985
f  979/979/979 985/985/985 943/943/943
f  943/943/943 985/985/985 942/942/942
f  985/985/985 984/984/984 986/986/986
f  981/981/981 986/986/986 984/984/984
f  983/983/983 987/987/987 981/981/981
f  986/986/986 981/981/981 987/987/987
f  942/942/942 988/988/988 941/941/941
f  988/988/988 942/942/942 985/985/985
f  986/986/986 989/989/989 985/985/985
f  985/985/985 989/989/989 988/988/988
f  987/987/987 990/990/990 986/986/986
f  989/989/989 986/986/986 990/990/990
f  990/990/990 991/991/991 989/989/989
f  988/988/988 989/989/989 991/991/991
f  987/987/987 992/992/992 990/990/990
f  993/993/993 990/990/990 992/992/992
f  990/990/990 993/993/993 994/994/994
f  995/995/995 994/994/994 993/993/993
f  996/996/996 994/994/994 995/995/995
f  994/994/994 996/996/996 990/990/990
f  991/991/991 990/990/990 996/996/996
f  993/993/993 992/992/992 997/997/997
f  987/987/987 983/983/983 997/997/997
f  987/987/987 997/997/997 992/992/992
f  974/974/974 998/998/998 983/983/983
f  997/997/997 983/983/983 998/998/998
f  998/998/998 974/974/974 999/999/999
f  1000/1000/1000 999/999/999 974/974/974
f  999/999/999 1000/1000/1000 969/969/969
f  969/969/969 1000/1000/1000 971/971/971
f  974/974/974 971/971/971 1000/1000/1000
f  968/968/968 1001/1001/1001 969/969/969
f  999/999/999 969/969/969 1001/1001/1001
f  1001/1001/1001 968/968/968 1002/1002/1002
f  852/852/852 1002/1002/1002 968/968/968
f  851/851/851 1002/1002/1002 852/852/852
f  849/849/849 1002/1002/1002 851/851/851
f  1002/1002/1002 849/849/849 1003/1003/1003
f  1004/1004/1004 1003/1003/1003 849/849/849
f  849/849/849 850/850/850 1004/1004/1004
f  1005/1005/1005 1003/1003/1003 1004/1004/1004
f  1003/1003/1003 1005/1005/1005 1002/1002/1002
f  1002/1002/1002 1006/1006/1006 1001/1001/1001
f  1006/1006/1006 1002/1002/1002 1005/1005/1005
f  1007/1007/1007 1001/1001/1001 1006/1006/1006
f  999/999/999 1007/1007/1007 998/998/998
f  1001/1001/1001 1007/1007/1007 999/999/999
f  1007/1007/1007 1006/1006/1006 1005/1005/1005
f  998/998/998 1008/1008/1008 997/997/997
f  1008/1008/1008 998/998/998 1007/1007/1007
f  1007/1007/1007 1009/1009/1009 1008/1008/1008
f  997/997/997 1008/1008/1008 1009/1009/1009
f  1005/1005/1005 1010/1010/1010 1007/1007/1007
f  1009/1009/1009 1007/1007/1007 1010/1010/1010
f  1010/1010/1010 1005/1005/1005 1011/1011/1011
f  1009/1009/1009 1010/1010/1010 1011/1011/1011
f  1012/1012/1012 1011/1011/1011 1005/1005/1005
f  1004/1004/1004 1012/1012/1012 1005/1005/1005
f  1011/1011/1011 1012/1012/1012 1013/1013/1013
f  1004/1004/1004 1013/1013/1013 1012/1012/1012
f  1013/1013/1013 1004/1004/1004 1014/1014/1014
f  1014/1014/1014 1004/1004/1004 1015/1015/1015
f  850/850/850 1015/1015/1015 1004/1004/1004
f  848/848/848 1015/1015/1015 850/850/850
f  1015/1015/1015 848/848/848 1016/1016/1016
f  846/846/846 1016/1016/1016 848/848/848
f  1016/1016/1016 846/846/846 1017/1017/1017
f  1017/1017/1017 1015/1015/1015 1016/1016/1016
f  872/872/872 1017/1017/1017 846/846/846
f  1017/1017/1017 872/872/872 1018/1018/1018
f  843/843/843 1018/1018/1018 872/872/872
f  1018/1018/1018 843/843/843 1019/1019/1019
f  842/842/842 1019/1019/1019 843/843/843
f  1019/1019/1019 842/842/842 1020/1020/1020
f  673/673/673 1020/1020/1020 841/841/841
f  841/841/841 1020/1020/1020 842/842/842
f  675/675/675 1020/1020/1020 673/673/673
f  676/676/676 1021/1021/1021 675/675/675
f  1020/1020/1020 1021/1021/1021 1019/1019/1019
f  1019/1019/1019 1021/1021/1021 1018/1018/1018
f  1021/1021/1021 1020/1020/1020 675/675/675
f  1022/1022/1022 1018/1018/1018 1021/1021/1021
f  1021/1021/1021 676/676/676 1022/1022/1022
f  1018/1018/1018 1023/1023/1023 1017/1017/1017
f  1023/1023/1023 1018/1018/1018 1022/1022/1022
f  1024/1024/1024 1017/1017/1017 1023/1023/1023
f  1015/1015/1015 1017/1017/1017 1024/1024/1024
f  1025/1025/1025 1022/1022/1022 676/676/676
f  676/676/676 678/678/678 1025/1025/1025
f  1022/1022/1022 1026/1026/1026 1023/1023/1023
f  1024/1024/1024 1023/1023/1023 1026/1026/1026
f  1022/1022/1022 1025/1025/1025 1026/1026/1026
f  1026/1026/1026 1027/1027/1027 1024/1024/1024
f  1027/1027/1027 1026/1026/1026 1025/1025/1025
f  1024/1024/1024 1027/1027/1027 1028/1028/1028
f  1028/1028/1028 1027/1027/1027 1029/1029/1029
f  1030/1030/1030 1025/1025/1025 678/678/678
f  1030/1030/1030 1029/1029/1029 1027/1027/1027
f  1025/1025/1025 1030/1030/1030 1027/1027/1027
f  678/678/678 680/680/680 1030/1030/1030
f  680/680/680 1031/1031/1031 1030/1030/1030
f  682/682/682 1031/1031/1031 680/680/680
f  1029/1029/1029 1030/1030/1030 1031/1031/1031
f  1031/1031/1031 682/682/682 1032/1032/1032
f  684/684/684 1032/1032/1032 682/682/682
f  1032/1032/1032 684/684/684 1033/1033/1033
f  686/686/686 1033/1033/1033 684/684/684
f  1032/1032/1032 1034/1034/1034 1031/1031/1031
f  1031/1031/1031 1034/1034/1034 1029/1029/1029
f  1033/1033/1033 1034/1034/1034 1032/1032/1032
f  1029/1029/1029 1035/1035/1035 1028/1028/1028
f  1035/1035/1035 1029/1029/1029 1034/1034/1034
f  1036/1036/1036 1033/1033/1033 686/686/686
f  690/690/690 1036/1036/1036 688/688/688
f  688/688/688 1036/1036/1036 686/686/686
f  1033/1033/1033 1037/1037/1037 1034/1034/1034
f  1037/1037/1037 1033/1033/1033 1036/1036/1036
f  1034/1034/1034 1038/1038/1038 1035/1035/1035
f  1038/1038/1038 1034/1034/1034 1037/1037/1037
f  1039/1039/1039 1036/1036/1036 690/690/690
f  1036/1036/1036 1039/1039/1039 1040/1040/1040
f  1040/1040/1040 1037/1037/1037 1036/1036/1036
f  1041/1041/1041 1040/1040/1040 1039/1039/1039
f  1042/1042/1042 1037/1037/1037 1040/1040/1040
f  1040/1040/1040 1041/1041/1041 1042/1042/1042
f  1037/1037/1037 1042/1042/1042 1038/1038/1038
f  1043/1043/1043 1042/1042/1042 1041/1041/1041
f  1042/1042/1042 1043/1043/1043 1038/1038/1038
f  1038/1038/1038 1044/1044/1044 1035/1035/1035
f  1044/1044/1044 1038/1038/1038 1043/1043/1043
f  1035/1035/1035 1045/1045/1045 1028/1028/1028
f  1045/1045/1045 1035/1035/1035 1044/1044/1044
f  1046/1046/1046 1028/1028/1028 1045/1045/1045
f  1015/1015/1015 1047/1047/1047 1014/1014/1014
f  1028/1028/1028 1047/1047/1047 1024/1024/1024
f  1024/1024/1024 1047/1047/1047 1015/1015/1015
f  1047/1047/1047 1028/1028/1028 1046/1046/1046
f  1048/1048/1048 1014/1014/1014 1047/1047/1047
f  1014/1014/1014 1048/1048/1048 1013/1013/1013
f  1046/1046/1046 1048/1048/1048 1047/1047/1047
f  1045/1045/1045 1049/1049/1049 1046/1046/1046
f  1048/1048/1048 1046/1046/1046 1049/1049/1049
f  1049/1049/1049 1045/1045/1045 1050/1050/1050
f  1044/1044/1044 1051/1051/1051 1045/1045/1045
f  1050/1050/1050 1045/1045/1045 1051/1051/1051
f  1043/1043/1043 1052/1052/1052 1044/1044/1044
f  1051/1051/1051 1044/1044/1044 1052/1052/1052
f  1052/1052/1052 1043/1043/1043 1053/1053/1053
f  1041/1041/1041 1053/1053/1053 1043/1043/1043
f  1039/1039/1039 1053/1053/1053 1041/1041/1041
f  690/690/690 1054/1054/1054 1039/1039/1039
f  692/692/692 1054/1054/1054 690/690/690
f  1053/1053/1053 1039/1039/1039 1054/1054/1054
f  694/694/694 1055/1055/1055 692/692/692
f  697/697/697 1055/1055/1055 694/694/694
f  1054/1054/1054 692/692/692 1055/1055/1055
f  1056/1056/1056 1055/1055/1055 697/697/697
f  1055/1055/1055 1056/1056/1056 1057/1057/1057
f  1052/1052/1052 1053/1053/1053 1057/1057/1057
f  1054/1054/1054 1057/1057/1057 1053/1053/1053
f  1055/1055/1055 1057/1057/1057 1054/1054/1054
f  1058/1058/1058 1057/1057/1057 1056/1056/1056
f  1057/1057/1057 1058/1058/1058 1052/1052/1052
f  1052/1052/1052 1058/1058/1058 1059/1059/1059
f  1056/1056/1056 1060/1060/1060 1058/1058/1058
f  1059/1059/1059 1058/1058/1058 1060/1060/1060
f  1060/1060/1060 1056/1056/1056 1061/1061/1061
f  697/697/697 1061/1061/1061 1056/1056/1056
f  699/699/699 1061/1061/1061 697/697/697
f  701/701/701 1061/1061/1061 699/699/699
f  703/703/703 1062/1062/1062 701/701/701
f  1061/1061/1061 701/701/701 1062/1062/1062
f  1062/1062/1062 703/703/703 1063/1063/1063
f  705/705/705 1063/1063/1063 703/703/703
f  1063/1063/1063 705/705/705 1064/1064/1064
f  707/707/707 1064/1064/1064 705/705/705
f  1064/1064/1064 707/707/707 1065/1065/1065
f  709/709/709 1065/1065/1065 707/707/707
f  711/711/711 1066/1066/1066 709/709/709
f  1065/1065/1065 709/709/709 1066/1066/1066
f  1066/1066/1066 711/711/711 1067/1067/1067
f  712/712/712 1067/1067/1067 711/711/711
f  1063/1063/1063 1064/1064/1064 1068/1068/1068
f  1063/1063/1063 1068/1068/1068 1062/1062/1062
f  1068/1068/1068 1064/1064/1064 1069/1069/1069
f  1065/1065/1065 1069/1069/1069 1064/1064/1064
f  1066/1066/1066 1070/1070/1070 1065/1065/1065
f  1069/1069/1069 1065/1065/1065 1070/1070/1070
f  1070/1070/1070 1066/1066/1066 1071/1071/1071
f  1067/1067/1067 1071/1071/1071 1066/1066/1066
f  1062/1062/1062 1072/1072/1072 1061/1061/1061
f  1061/1061/1061 1072/1072/1072 1060/1060/1060
f  1060/1060/1060 1072/1072/1072 1059/1059/1059
f  1072/1072/1072 1062/1062/1062 1068/1068/1068
f  1073/1073/1073 1059/1059/1059 1072/1072/1072
f  1059/1059/1059 1073/1073/1073 1052/1052/1052
f  1052/1052/1052 1073/1073/1073 1051/1051/1051
f  1072/1072/1072 1068/1068/1068 1073/1073/1073
f  1074/1074/1074 1051/1051/1051 1073/1073/1073
f  1069/1069/1069 1074/1074/1074 1068/1068/1068
f  1073/1073/1073 1068/1068/1068 1074/1074/1074
f  1051/1051/1051 1074/1074/1074 1050/1050/1050
f  1049/1049/1049 1075/1075/1075 1048/1048/1048
f  1050/1050/1050 1075/1075/1075 1049/1049/1049
f  1075/1075/1075 1050/1050/1050 1074/1074/1074
f  1070/1070/1070 1075/1075/1075 1069/1069/1069
f  1074/1074/1074 1069/1069/1069 1075/1075/1075
f  1048/1048/1048 1075/1075/1075 1076/1076/1076
f  1071/1071/1071 1076/1076/1076 1070/1070/1070
f  1070/1070/1070 1076/1076/1076 1075/1075/1075
f  1067/1067/1067 1077/1077/1077 1071/1071/1071
f  1076/1076/1076 1071/1071/1071 1077/1077/1077
f  712/712/712 1078/1078/1078 1067/1067/1067
f  1077/1077/1077 1067/1067/1067 1078/1078/1078
f  1078/1078/1078 712/712/712 1079/1079/1079
f  714/714/714 1079/1079/1079 712/712/712
f  1079/1079/1079 714/714/714 1080/1080/1080
f  716/716/716 1080/1080/1080 714/714/714
f  718/718/718 1081/1081/1081 716/716/716
f  1080/1080/1080 716/716/716 1081/1081/1081
f  1081/1081/1081 718/718/718 1082/1082/1082
f  720/720/720 1082/1082/1082 718/718/718
f  1082/1082/1082 720/720/720 1083/1083/1083
f  722/722/722 1083/1083/1083 720/720/720
f  1082/1082/1082 1084/1084/1084 1081/1081/1081
f  1083/1083/1083 1084/1084/1084 1082/1082/1082
f  1085/1085/1085 1081/1081/1081 1084/1084/1084
f  1081/1081/1081 1085/1085/1085 1080/1080/1080
f  1080/1080/1080 1086/1086/1086 1079/1079/1079
f  1086/1086/1086 1080/1080/1080 1085/1085/1085
f  1079/1079/1079 1087/1087/1087 1078/1078/1078
f  1087/1087/1087 1079/1079/1079 1086/1086/1086
f  1078/1078/1078 1088/1088/1088 1077/1077/1077
f  1088/1088/1088 1078/1078/1078 1087/1087/1087
f  1087/1087/1087 1089/1089/1089 1088/1088/1088
f  1086/1086/1086 1089/1089/1089 1087/1087/1087
f  1085/1085/1085 1090/1090/1090 1086/1086/1086
f  1089/1089/1089 1086/1086/1086 1090/1090/1090
f  1084/1084/1084 1091/1091/1091 1085/1085/1085
f  1090/1090/1090 1085/1085/1085 1091/1091/1091
f  1091/1091/1091 1084/1084/1084 1092/1092/1092
f  1083/1083/1083 1093/1093/1093 1084/1084/1084
f  1092/1092/1092 1084/1084/1084 1093/1093/1093
f  1093/1093/1093 1083/1083/1083 1094/1094/1094
f  722/722/722 1094/1094/1094 1083/1083/1083
f  724/724/724 1094/1094/1094 722/722/722
f  726/726/726 1094/1094/1094 724/724/724
f  1095/1095/1095 1094/1094/1094 726/726/726
f  1094/1094/1094 1095/1095/1095 1096/1096/1096
f  1094/1094/1094 1096/1096/1096 1093/1093/1093
f  1097/1097/1097 1096/1096/1096 1095/1095/1095
f  1098/1098/1098 1093/1093/1093 1096/1096/1096
f  1093/1093/1093 1098/1098/1098 1092/1092/1092
f  1096/1096/1096 1097/1097/1097 1098/1098/1098
f  1098/1098/1098 1099/1099/1099 1092/1092/1092
f  1099/1099/1099 1098/1098/1098 1097/1097/1097
f  1100/1100/1100 1092/1092/1092 1099/1099/1099
f  1092/1092/1092 1100/1100/1100 1091/1091/1091
f  1091/1091/1091 1101/1101/1101 1090/1090/1090
f  1101/1101/1101 1091/1091/1091 1100/1100/1100
f  1102/1102/1102 1090/1090/1090 1101/1101/1101
f  1090/1090/1090 1102/1102/1102 1103/1103/1103
f  1103/1103/1103 1089/1089/1089 1090/1090/1090
f  1103/1103/1103 1102/1102/1102 1104/1104/1104
f  996/996/996 1104/1104/1104 991/991/991
f  1101/1101/1101 1105/1105/1105 1102/1102/1102
f  1104/1104/1104 1102/1102/1102 1105/1105/1105
f  1105/1105/1105 1101/1101/1101 1106/1106/1106
f  1106/1106/1106 1101/1101/1101 1107/1107/1107
f  1100/1100/1100 1107/1107/1107 1101/1101/1101
f  1107/1107/1107 1100/1100/1100 1108/1108/1108
f  1099/1099/1099 1108/1108/1108 1100/1100/1100
f  1095/1095/1095 1109/1109/1109 1097/1097/1097
f  1108/1108/1108 1099/1099/1099 1109/1109/1109
f  1097/1097/1097 1109/1109/1109 1099/1099/1099
f  1109/1109/1109 1095/1095/1095 1110/1110/1110
f  726/726/726 1110/1110/1110 1095/1095/1095
f  728/728/728 1110/1110/1110 726/726/726
f  733/733/733 1111/1111/1111 730/730/730
f  1110/1110/1110 728/728/728 1111/1111/1111
f  730/730/730 1111/1111/1111 728/728/728
f  1112/1112/1112 1111/1111/1111 733/733/733
f  1110/1110/1110 1113/1113/1113 1109/1109/1109
f  1113/1113/1113 1111/1111/1111 1112/1112/1112
f  1111/1111/1111 1113/1113/1113 1110/1110/1110
f  1109/1109/1109 1113/1113/1113 1108/1108/1108
f  1112/1112/1112 1114/1114/1114 1113/1113/1113
f  1114/1114/1114 1108/1108/1108 1113/1113/1113
f  1108/1108/1108 1114/1114/1114 1115/1115/1115
f  1115/1115/1115 1114/1114/1114 1116/1116/1116
f  1112/1112/1112 1116/1116/1116 1114/1114/1114
f  735/735/735 1117/1117/1117 733/733/733
f  737/737/737 1117/1117/1117 735/735/735
f  733/733/733 1117/1117/1117 1112/1112/1112
f  1116/1116/1116 1112/1112/1112 1117/1117/1117
f  739/739/739 1118/1118/1118 737/737/737
f  1117/1117/1117 737/737/737 1118/1118/1118
f  741/741/741 1119/1119/1119 739/739/739
f  1118/1118/1118 739/739/739 1119/1119/1119
f  743/743/743 1120/1120/1120 741/741/741
f  1119/1119/1119 741/741/741 1120/1120/1120
f  745/745/745 1121/1121/1121 743/743/743
f  1120/1120/1120 743/743/743 1121/1121/1121
f  747/747/747 1122/1122/1122 745/745/745
f  1121/1121/1121 745/745/745 1122/1122/1122
f  748/748/748 1123/1123/1123 747/747/747
f  1122/1122/1122 747/747/747 1123/1123/1123
f  939/939/939 1123/1123/1123 748/748/748
f  1123/1123/1123 939/939/939 1124/1124/1124
f  988/988/988 1124/1124/1124 941/941/941
f  941/941/941 1124/1124/1124 939/939/939
f  991/991/991 1104/1104/1104 1125/1125/1125
f  1124/1124/1124 988/988/988 1125/1125/1125
f  991/991/991 1125/1125/1125 988/988/988
f  1123/1123/1123 1126/1126/1126 1122/1122/1122
f  1124/1124/1124 1126/1126/1126 1123/1123/1123
f  1126/1126/1126 1124/1124/1124 1125/1125/1125
f  1127/1127/1127 1122/1122/1122 1126/1126/1126
f  1125/1125/1125 1127/1127/1127 1126/1126/1126
f  1122/1122/1122 1127/1127/1127 1121/1121/1121
f  1121/1121/1121 1128/1128/1128 1120/1120/1120
f  1128/1128/1128 1121/1121/1121 1127/1127/1127
f  1129/1129/1129 1125/1125/1125 1104/1104/1104
f  1127/1127/1127 1125/1125/1125 1129/1129/1129
f  1104/1104/1104 1105/1105/1105 1129/1129/1129
f  1106/1106/1106 1129/1129/1129 1105/1105/1105
f  1129/1129/1129 1128/1128/1128 1127/1127/1127
f  1104/1104/1104 996/996/996 1130/1130/1130
f  1104/1104/1104 1130/1130/1130 1103/1103/1103
f  995/995/995 1130/1130/1130 996/996/996
f  1131/1131/1131 1103/1103/1103 1130/1130/1130
f  1103/1103/1103 1131/1131/1131 1089/1089/1089
f  1130/1130/1130 995/995/995 1131/1131/1131
f  995/995/995 993/993/993 1132/1132/1132
f  1132/1132/1132 1131/1131/1131 995/995/995
f  1131/1131/1131 1132/1132/1132 1133/1133/1133
f  993/993/993 1133/1133/1133 1132/1132/1132
f  1009/1009/1009 1134/1134/1134 997/997/997
f  1134/1134/1134 1009/1009/1009 1133/1133/1133
f  997/997/997 1134/1134/1134 993/993/993
f  1133/1133/1133 993/993/993 1134/1134/1134
f  1133/1133/1133 1009/1009/1009 1135/1135/1135
f  1011/1011/1011 1135/1135/1135 1009/1009/1009
f  1136/1136/1136 1135/1135/1135 1011/1011/1011
f  1135/1135/1135 1136/1136/1136 1133/1133/1133
f  1137/1137/1137 1133/1133/1133 1136/1136/1136
f  1133/1133/1133 1137/1137/1137 1131/1131/1131
f  1089/1089/1089 1138/1138/1138 1088/1088/1088
f  1137/1137/1137 1136/1136/1136 1138/1138/1138
f  1131/1131/1131 1138/1138/1138 1089/1089/1089
f  1138/1138/1138 1131/1131/1131 1137/1137/1137
f  1088/1088/1088 1138/1138/1138 1077/1077/1077
f  1077/1077/1077 1138/1138/1138 1139/1139/1139
f  1139/1139/1139 1138/1138/1138 1136/1136/1136
f  1139/1139/1139 1076/1076/1076 1077/1077/1077
f  1011/1011/1011 1140/1140/1140 1136/1136/1136
f  1013/1013/1013 1140/1140/1140 1011/1011/1011
f  1048/1048/1048 1140/1140/1140 1013/1013/1013
f  1140/1140/1140 1048/1048/1048 1076/1076/1076
f  1076/1076/1076 1139/1139/1139 1140/1140/1140
f  1136/1136/1136 1140/1140/1140 1139/1139/1139
f  1108/1108/1108 1141/1141/1141 1107/1107/1107
f  1141/1141/1141 1108/1108/1108 1115/1115/1115
f  1118/1118/1118 1142/1142/1142 1117/1117/1117
f  1116/1116/1116 1142/1142/1142 1115/1115/1115
f  1115/1115/1115 1142/1142/1142 1141/1141/1141
f  1117/1117/1117 1142/1142/1142 1116/1116/1116
f  1128/1128/1128 1143/1143/1143 1120/1120/1120
f  1142/1142/1142 1143/1143/1143 1141/1141/1141
f  1142/1142/1142 1118/1118/1118 1143/1143/1143
f  1119/1119/1119 1143/1143/1143 1118/1118/1118
f  1120/1120/1120 1143/1143/1143 1119/1119/1119
f  1129/1129/1129 1144/1144/1144 1128/1128/1128
f  1143/1143/1143 1128/1128/1128 1144/1144/1144
f  1144/1144/1144 1141/1141/1141 1143/1143/1143
f  1141/1141/1141 1144/1144/1144 1107/1107/1107
f  1106/1106/1106 1107/1107/1107 1144/1144/1144
f  1144/1144/1144 1129/1129/1129 1106/1106/1106

g
